-- phpMyAdmin SQL Dump
-- version 5.2.0
-- https://www.phpmyadmin.net/
--
-- Host: 127.0.0.1
-- Waktu pembuatan: 04 Des 2023 pada 03.57
-- Versi server: 10.4.25-MariaDB
-- Versi PHP: 7.4.30

SET SQL_MODE = "NO_AUTO_VALUE_ON_ZERO";
START TRANSACTION;
SET time_zone = "+00:00";


/*!40101 SET @OLD_CHARACTER_SET_CLIENT=@@CHARACTER_SET_CLIENT */;
/*!40101 SET @OLD_CHARACTER_SET_RESULTS=@@CHARACTER_SET_RESULTS */;
/*!40101 SET @OLD_COLLATION_CONNECTION=@@COLLATION_CONNECTION */;
/*!40101 SET NAMES utf8mb4 */;

--
-- Database: `data_mining_c45`
--

-- --------------------------------------------------------

--
-- Struktur dari tabel `atribut`
--

CREATE TABLE `atribut` (
  `id_atribut` int(11) NOT NULL,
  `atribut` varchar(50) NOT NULL
) ENGINE=InnoDB DEFAULT CHARSET=utf8mb4;

--
-- Dumping data untuk tabel `atribut`
--

INSERT INTO `atribut` (`id_atribut`, `atribut`) VALUES
(1, 'Jenis_Kelamin'),
(2, 'Predikat_IPK'),
(3, 'Predikat_SPA'),
(4, 'Prediksi');

-- --------------------------------------------------------

--
-- Struktur dari tabel `atribut_latih`
--

CREATE TABLE `atribut_latih` (
  `id_atribut_latih` int(11) NOT NULL,
  `id_latih` int(11) NOT NULL,
  `id_atribut` int(11) NOT NULL,
  `id_atribut_sub` int(11) NOT NULL
) ENGINE=InnoDB DEFAULT CHARSET=utf8mb4;

--
-- Dumping data untuk tabel `atribut_latih`
--

INSERT INTO `atribut_latih` (`id_atribut_latih`, `id_latih`, `id_atribut`, `id_atribut_sub`) VALUES
(10716, 2, 1, 1),
(10717, 2, 2, 4),
(10718, 2, 3, 8),
(10719, 2, 4, 13),
(10720, 4, 1, 1),
(10721, 4, 2, 4),
(10722, 4, 3, 8),
(10723, 4, 4, 13),
(10724, 6, 1, 1),
(10725, 6, 2, 4),
(10726, 6, 3, 8),
(10727, 6, 4, 13),
(10728, 8, 1, 1),
(10729, 8, 2, 6),
(10730, 8, 3, 10),
(10731, 8, 4, 12),
(10732, 10, 1, 2),
(10733, 10, 2, 6),
(10734, 10, 3, 10),
(10735, 10, 4, 12),
(10736, 12, 1, 1),
(10737, 12, 2, 6),
(10738, 12, 3, 10),
(10739, 12, 4, 12),
(10740, 14, 1, 1),
(10741, 14, 2, 7),
(10742, 14, 3, 11),
(10743, 14, 4, 12),
(10744, 16, 1, 1),
(10745, 16, 2, 6),
(10746, 16, 3, 10),
(10747, 16, 4, 12),
(10748, 18, 1, 2),
(10749, 18, 2, 6),
(10750, 18, 3, 10),
(10751, 18, 4, 12),
(10752, 20, 1, 2),
(10753, 20, 2, 4),
(10754, 20, 3, 8),
(10755, 20, 4, 13),
(10756, 22, 1, 1),
(10757, 22, 2, 4),
(10758, 22, 3, 8),
(10759, 22, 4, 13),
(10760, 24, 1, 1),
(10761, 24, 2, 7),
(10762, 24, 3, 11),
(10763, 24, 4, 12),
(10764, 26, 1, 1),
(10765, 26, 2, 4),
(10766, 26, 3, 8),
(10767, 26, 4, 13),
(10768, 28, 1, 1),
(10769, 28, 2, 4),
(10770, 28, 3, 8),
(10771, 28, 4, 13),
(10772, 30, 1, 1),
(10773, 30, 2, 5),
(10774, 30, 3, 9),
(10775, 30, 4, 12),
(10776, 32, 1, 1),
(10777, 32, 2, 6),
(10778, 32, 3, 10),
(10779, 32, 4, 12),
(10780, 34, 1, 1),
(10781, 34, 2, 4),
(10782, 34, 3, 8),
(10783, 34, 4, 13),
(10784, 36, 1, 1),
(10785, 36, 2, 4),
(10786, 36, 3, 8),
(10787, 36, 4, 13),
(10788, 38, 1, 1),
(10789, 38, 2, 4),
(10790, 38, 3, 8),
(10791, 38, 4, 13),
(10792, 40, 1, 1),
(10793, 40, 2, 4),
(10794, 40, 3, 8),
(10795, 40, 4, 13),
(10796, 42, 1, 1),
(10797, 42, 2, 4),
(10798, 42, 3, 8),
(10799, 42, 4, 13),
(10800, 44, 1, 1),
(10801, 44, 2, 4),
(10802, 44, 3, 8),
(10803, 44, 4, 13),
(10804, 46, 1, 1),
(10805, 46, 2, 6),
(10806, 46, 3, 10),
(10807, 46, 4, 12),
(10808, 48, 1, 1),
(10809, 48, 2, 4),
(10810, 48, 3, 8),
(10811, 48, 4, 13),
(10812, 50, 1, 2),
(10813, 50, 2, 5),
(10814, 50, 3, 9),
(10815, 50, 4, 12),
(10816, 52, 1, 1),
(10817, 52, 2, 6),
(10818, 52, 3, 10),
(10819, 52, 4, 12),
(10820, 54, 1, 1),
(10821, 54, 2, 6),
(10822, 54, 3, 10),
(10823, 54, 4, 12),
(10824, 56, 1, 1),
(10825, 56, 2, 4),
(10826, 56, 3, 8),
(10827, 56, 4, 13),
(10828, 58, 1, 1),
(10829, 58, 2, 6),
(10830, 58, 3, 10),
(10831, 58, 4, 12),
(10832, 60, 1, 1),
(10833, 60, 2, 5),
(10834, 60, 3, 9),
(10835, 60, 4, 12),
(10836, 62, 1, 1),
(10837, 62, 2, 5),
(10838, 62, 3, 9),
(10839, 62, 4, 12),
(10840, 64, 1, 1),
(10841, 64, 2, 6),
(10842, 64, 3, 10),
(10843, 64, 4, 12),
(10844, 66, 1, 1),
(10845, 66, 2, 4),
(10846, 66, 3, 8),
(10847, 66, 4, 13),
(10848, 68, 1, 1),
(10849, 68, 2, 5),
(10850, 68, 3, 9),
(10851, 68, 4, 12),
(10852, 70, 1, 1),
(10853, 70, 2, 5),
(10854, 70, 3, 9),
(10855, 70, 4, 12),
(10856, 72, 1, 2),
(10857, 72, 2, 6),
(10858, 72, 3, 10),
(10859, 72, 4, 12),
(10860, 74, 1, 1),
(10861, 74, 2, 5),
(10862, 74, 3, 9),
(10863, 74, 4, 12),
(10864, 76, 1, 1),
(10865, 76, 2, 6),
(10866, 76, 3, 10),
(10867, 76, 4, 12),
(10868, 78, 1, 1),
(10869, 78, 2, 6),
(10870, 78, 3, 10),
(10871, 78, 4, 12),
(10872, 80, 1, 1),
(10873, 80, 2, 6),
(10874, 80, 3, 10),
(10875, 80, 4, 12),
(10876, 82, 1, 1),
(10877, 82, 2, 5),
(10878, 82, 3, 9),
(10879, 82, 4, 12),
(10880, 84, 1, 1),
(10881, 84, 2, 5),
(10882, 84, 3, 9),
(10883, 84, 4, 12),
(10884, 86, 1, 2),
(10885, 86, 2, 5),
(10886, 86, 3, 9),
(10887, 86, 4, 12),
(10888, 88, 1, 1),
(10889, 88, 2, 5),
(10890, 88, 3, 9),
(10891, 88, 4, 12),
(10892, 90, 1, 1),
(10893, 90, 2, 5),
(10894, 90, 3, 9),
(10895, 90, 4, 12),
(10896, 92, 1, 1),
(10897, 92, 2, 5),
(10898, 92, 3, 9),
(10899, 92, 4, 12),
(10900, 94, 1, 1),
(10901, 94, 2, 4),
(10902, 94, 3, 8),
(10903, 94, 4, 13),
(10904, 96, 1, 1),
(10905, 96, 2, 5),
(10906, 96, 3, 9),
(10907, 96, 4, 12),
(10908, 98, 1, 2),
(10909, 98, 2, 5),
(10910, 98, 3, 9),
(10911, 98, 4, 12),
(10912, 100, 1, 1),
(10913, 100, 2, 5),
(10914, 100, 3, 9),
(10915, 100, 4, 12),
(10916, 102, 1, 1),
(10917, 102, 2, 4),
(10918, 102, 3, 8),
(10919, 102, 4, 13),
(10920, 104, 1, 1),
(10921, 104, 2, 4),
(10922, 104, 3, 8),
(10923, 104, 4, 13),
(10924, 106, 1, 1),
(10925, 106, 2, 7),
(10926, 106, 3, 11),
(10927, 106, 4, 12),
(10928, 108, 1, 2),
(10929, 108, 2, 6),
(10930, 108, 3, 10),
(10931, 108, 4, 12),
(10932, 110, 1, 1),
(10933, 110, 2, 4),
(10934, 110, 3, 8),
(10935, 110, 4, 13),
(10936, 112, 1, 2),
(10937, 112, 2, 7),
(10938, 112, 3, 11),
(10939, 112, 4, 12),
(10940, 114, 1, 2),
(10941, 114, 2, 7),
(10942, 114, 3, 11),
(10943, 114, 4, 12),
(10944, 116, 1, 1),
(10945, 116, 2, 6),
(10946, 116, 3, 10),
(10947, 116, 4, 12),
(10948, 118, 1, 1),
(10949, 118, 2, 6),
(10950, 118, 3, 10),
(10951, 118, 4, 12),
(10952, 120, 1, 1),
(10953, 120, 2, 7),
(10954, 120, 3, 11),
(10955, 120, 4, 12),
(10956, 122, 1, 1),
(10957, 122, 2, 7),
(10958, 122, 3, 11),
(10959, 122, 4, 12),
(10960, 124, 1, 2),
(10961, 124, 2, 5),
(10962, 124, 3, 9),
(10963, 124, 4, 12),
(10964, 126, 1, 2),
(10965, 126, 2, 5),
(10966, 126, 3, 9),
(10967, 126, 4, 12),
(10968, 128, 1, 1),
(10969, 128, 2, 5),
(10970, 128, 3, 9),
(10971, 128, 4, 12),
(10972, 130, 1, 2),
(10973, 130, 2, 6),
(10974, 130, 3, 10),
(10975, 130, 4, 12),
(10976, 132, 1, 1),
(10977, 132, 2, 6),
(10978, 132, 3, 10),
(10979, 132, 4, 12),
(10980, 134, 1, 1),
(10981, 134, 2, 7),
(10982, 134, 3, 11),
(10983, 134, 4, 12),
(10984, 136, 1, 1),
(10985, 136, 2, 6),
(10986, 136, 3, 10),
(10987, 136, 4, 12),
(10988, 138, 1, 1),
(10989, 138, 2, 6),
(10990, 138, 3, 10),
(10991, 138, 4, 12),
(10992, 140, 1, 2),
(10993, 140, 2, 7),
(10994, 140, 3, 11),
(10995, 140, 4, 12),
(10996, 142, 1, 1),
(10997, 142, 2, 6),
(10998, 142, 3, 10),
(10999, 142, 4, 12),
(11000, 144, 1, 1),
(11001, 144, 2, 6),
(11002, 144, 3, 10),
(11003, 144, 4, 12),
(11004, 146, 1, 1),
(11005, 146, 2, 6),
(11006, 146, 3, 10),
(11007, 146, 4, 12),
(11008, 148, 1, 1),
(11009, 148, 2, 5),
(11010, 148, 3, 9),
(11011, 148, 4, 12),
(11012, 150, 1, 2),
(11013, 150, 2, 6),
(11014, 150, 3, 10),
(11015, 150, 4, 12),
(11016, 152, 1, 1),
(11017, 152, 2, 4),
(11018, 152, 3, 8),
(11019, 152, 4, 13),
(11020, 154, 1, 1),
(11021, 154, 2, 6),
(11022, 154, 3, 10),
(11023, 154, 4, 12),
(11024, 156, 1, 1),
(11025, 156, 2, 6),
(11026, 156, 3, 10),
(11027, 156, 4, 12),
(11028, 158, 1, 1),
(11029, 158, 2, 5),
(11030, 158, 3, 9),
(11031, 158, 4, 12),
(11032, 160, 1, 1),
(11033, 160, 2, 7),
(11034, 160, 3, 11),
(11035, 160, 4, 12),
(11036, 162, 1, 1),
(11037, 162, 2, 7),
(11038, 162, 3, 11),
(11039, 162, 4, 12),
(11040, 164, 1, 2),
(11041, 164, 2, 6),
(11042, 164, 3, 10),
(11043, 164, 4, 12),
(11044, 166, 1, 1),
(11045, 166, 2, 6),
(11046, 166, 3, 10),
(11047, 166, 4, 12),
(11048, 168, 1, 1),
(11049, 168, 2, 6),
(11050, 168, 3, 10),
(11051, 168, 4, 12),
(11052, 170, 1, 1),
(11053, 170, 2, 6),
(11054, 170, 3, 10),
(11055, 170, 4, 12),
(11056, 172, 1, 1),
(11057, 172, 2, 5),
(11058, 172, 3, 9),
(11059, 172, 4, 12),
(11060, 174, 1, 1),
(11061, 174, 2, 7),
(11062, 174, 3, 11),
(11063, 174, 4, 12),
(11064, 176, 1, 1),
(11065, 176, 2, 5),
(11066, 176, 3, 9),
(11067, 176, 4, 12),
(11068, 178, 1, 1),
(11069, 178, 2, 5),
(11070, 178, 3, 9),
(11071, 178, 4, 12),
(11072, 180, 1, 1),
(11073, 180, 2, 5),
(11074, 180, 3, 9),
(11075, 180, 4, 12),
(11076, 182, 1, 1),
(11077, 182, 2, 6),
(11078, 182, 3, 10),
(11079, 182, 4, 12),
(11080, 184, 1, 1),
(11081, 184, 2, 4),
(11082, 184, 3, 8),
(11083, 184, 4, 13),
(11084, 186, 1, 2),
(11085, 186, 2, 6),
(11086, 186, 3, 10),
(11087, 186, 4, 12),
(11088, 188, 1, 1),
(11089, 188, 2, 5),
(11090, 188, 3, 9),
(11091, 188, 4, 12),
(11092, 190, 1, 1),
(11093, 190, 2, 5),
(11094, 190, 3, 9),
(11095, 190, 4, 12),
(11096, 192, 1, 1),
(11097, 192, 2, 7),
(11098, 192, 3, 11),
(11099, 192, 4, 12),
(11100, 194, 1, 1),
(11101, 194, 2, 6),
(11102, 194, 3, 10),
(11103, 194, 4, 12),
(11104, 196, 1, 1),
(11105, 196, 2, 6),
(11106, 196, 3, 10),
(11107, 196, 4, 12),
(11108, 198, 1, 2),
(11109, 198, 2, 6),
(11110, 198, 3, 10),
(11111, 198, 4, 12),
(11112, 200, 1, 2),
(11113, 200, 2, 6),
(11114, 200, 3, 10),
(11115, 200, 4, 12),
(11116, 202, 1, 1),
(11117, 202, 2, 4),
(11118, 202, 3, 8),
(11119, 202, 4, 13),
(11120, 204, 1, 1),
(11121, 204, 2, 4),
(11122, 204, 3, 8),
(11123, 204, 4, 13),
(11124, 206, 1, 1),
(11125, 206, 2, 7),
(11126, 206, 3, 11),
(11127, 206, 4, 12),
(11128, 208, 1, 1),
(11129, 208, 2, 6),
(11130, 208, 3, 10),
(11131, 208, 4, 12),
(11132, 210, 1, 1),
(11133, 210, 2, 6),
(11134, 210, 3, 10),
(11135, 210, 4, 12),
(11136, 212, 1, 1),
(11137, 212, 2, 6),
(11138, 212, 3, 10),
(11139, 212, 4, 12),
(11140, 214, 1, 2),
(11141, 214, 2, 6),
(11142, 214, 3, 10),
(11143, 214, 4, 12),
(11144, 216, 1, 1),
(11145, 216, 2, 5),
(11146, 216, 3, 9),
(11147, 216, 4, 12),
(11148, 218, 1, 1),
(11149, 218, 2, 5),
(11150, 218, 3, 9),
(11151, 218, 4, 12),
(11152, 220, 1, 1),
(11153, 220, 2, 5),
(11154, 220, 3, 9),
(11155, 220, 4, 12),
(11156, 222, 1, 1),
(11157, 222, 2, 6),
(11158, 222, 3, 10),
(11159, 222, 4, 12),
(11160, 224, 1, 1),
(11161, 224, 2, 5),
(11162, 224, 3, 9),
(11163, 224, 4, 12),
(11164, 226, 1, 1),
(11165, 226, 2, 6),
(11166, 226, 3, 10),
(11167, 226, 4, 12),
(11168, 228, 1, 1),
(11169, 228, 2, 4),
(11170, 228, 3, 8),
(11171, 228, 4, 13),
(11172, 230, 1, 1),
(11173, 230, 2, 5),
(11174, 230, 3, 9),
(11175, 230, 4, 12),
(11176, 232, 1, 2),
(11177, 232, 2, 6),
(11178, 232, 3, 10),
(11179, 232, 4, 12),
(11180, 234, 1, 1),
(11181, 234, 2, 7),
(11182, 234, 3, 11),
(11183, 234, 4, 12),
(11184, 236, 1, 1),
(11185, 236, 2, 7),
(11186, 236, 3, 11),
(11187, 236, 4, 12),
(11188, 238, 1, 1),
(11189, 238, 2, 6),
(11190, 238, 3, 10),
(11191, 238, 4, 12),
(11192, 240, 1, 1),
(11193, 240, 2, 6),
(11194, 240, 3, 10),
(11195, 240, 4, 12),
(11196, 242, 1, 1),
(11197, 242, 2, 4),
(11198, 242, 3, 8),
(11199, 242, 4, 13),
(11200, 244, 1, 2),
(11201, 244, 2, 7),
(11202, 244, 3, 11),
(11203, 244, 4, 12),
(11204, 246, 1, 1),
(11205, 246, 2, 6),
(11206, 246, 3, 10),
(11207, 246, 4, 12),
(11208, 248, 1, 1),
(11209, 248, 2, 5),
(11210, 248, 3, 9),
(11211, 248, 4, 12),
(11212, 250, 1, 1),
(11213, 250, 2, 5),
(11214, 250, 3, 9),
(11215, 250, 4, 12),
(11216, 252, 1, 2),
(11217, 252, 2, 5),
(11218, 252, 3, 9),
(11219, 252, 4, 12),
(11220, 254, 1, 1),
(11221, 254, 2, 7),
(11222, 254, 3, 11),
(11223, 254, 4, 12),
(11224, 256, 1, 1),
(11225, 256, 2, 4),
(11226, 256, 3, 8),
(11227, 256, 4, 13),
(11228, 258, 1, 1),
(11229, 258, 2, 4),
(11230, 258, 3, 8),
(11231, 258, 4, 13),
(11232, 260, 1, 1),
(11233, 260, 2, 6),
(11234, 260, 3, 10),
(11235, 260, 4, 12),
(11236, 262, 1, 1),
(11237, 262, 2, 4),
(11238, 262, 3, 8),
(11239, 262, 4, 13),
(11240, 264, 1, 1),
(11241, 264, 2, 5),
(11242, 264, 3, 9),
(11243, 264, 4, 12),
(11244, 266, 1, 2),
(11245, 266, 2, 5),
(11246, 266, 3, 9),
(11247, 266, 4, 12),
(11248, 268, 1, 1),
(11249, 268, 2, 5),
(11250, 268, 3, 9),
(11251, 268, 4, 12),
(11252, 270, 1, 2),
(11253, 270, 2, 6),
(11254, 270, 3, 10),
(11255, 270, 4, 12),
(11256, 272, 1, 1),
(11257, 272, 2, 6),
(11258, 272, 3, 10),
(11259, 272, 4, 12),
(11260, 274, 1, 1),
(11261, 274, 2, 4),
(11262, 274, 3, 8),
(11263, 274, 4, 13),
(11264, 276, 1, 2),
(11265, 276, 2, 7),
(11266, 276, 3, 11),
(11267, 276, 4, 12),
(11268, 278, 1, 1),
(11269, 278, 2, 4),
(11270, 278, 3, 8),
(11271, 278, 4, 13),
(11272, 280, 1, 1),
(11273, 280, 2, 6),
(11274, 280, 3, 10),
(11275, 280, 4, 12),
(11276, 282, 1, 1),
(11277, 282, 2, 7),
(11278, 282, 3, 11),
(11279, 282, 4, 12),
(11280, 284, 1, 1),
(11281, 284, 2, 4),
(11282, 284, 3, 8),
(11283, 284, 4, 13),
(11284, 286, 1, 1),
(11285, 286, 2, 7),
(11286, 286, 3, 11),
(11287, 286, 4, 12),
(11288, 288, 1, 1),
(11289, 288, 2, 6),
(11290, 288, 3, 10),
(11291, 288, 4, 12),
(11292, 290, 1, 1),
(11293, 290, 2, 6),
(11294, 290, 3, 10),
(11295, 290, 4, 12),
(11296, 292, 1, 1),
(11297, 292, 2, 4),
(11298, 292, 3, 8),
(11299, 292, 4, 13),
(11300, 294, 1, 1),
(11301, 294, 2, 5),
(11302, 294, 3, 9),
(11303, 294, 4, 12),
(11304, 296, 1, 2),
(11305, 296, 2, 6),
(11306, 296, 3, 10),
(11307, 296, 4, 12),
(11308, 298, 1, 1),
(11309, 298, 2, 6),
(11310, 298, 3, 10),
(11311, 298, 4, 12),
(11312, 300, 1, 1),
(11313, 300, 2, 5),
(11314, 300, 3, 9),
(11315, 300, 4, 12),
(11316, 302, 1, 1),
(11317, 302, 2, 6),
(11318, 302, 3, 10),
(11319, 302, 4, 12),
(11320, 304, 1, 1),
(11321, 304, 2, 6),
(11322, 304, 3, 10),
(11323, 304, 4, 12),
(11324, 306, 1, 1),
(11325, 306, 2, 4),
(11326, 306, 3, 8),
(11327, 306, 4, 13),
(11328, 308, 1, 1),
(11329, 308, 2, 5),
(11330, 308, 3, 9),
(11331, 308, 4, 12),
(11332, 310, 1, 2),
(11333, 310, 2, 6),
(11334, 310, 3, 10),
(11335, 310, 4, 12),
(11336, 312, 1, 2),
(11337, 312, 2, 7),
(11338, 312, 3, 11),
(11339, 312, 4, 12),
(11340, 314, 1, 1),
(11341, 314, 2, 4),
(11342, 314, 3, 8),
(11343, 314, 4, 13),
(11344, 316, 1, 1),
(11345, 316, 2, 4),
(11346, 316, 3, 8),
(11347, 316, 4, 13),
(11348, 318, 1, 1),
(11349, 318, 2, 6),
(11350, 318, 3, 10),
(11351, 318, 4, 12),
(11352, 320, 1, 2),
(11353, 320, 2, 6),
(11354, 320, 3, 10),
(11355, 320, 4, 12),
(11356, 322, 1, 1),
(11357, 322, 2, 4),
(11358, 322, 3, 8),
(11359, 322, 4, 13),
(11360, 324, 1, 2),
(11361, 324, 2, 4),
(11362, 324, 3, 8),
(11363, 324, 4, 13),
(11364, 326, 1, 1),
(11365, 326, 2, 6),
(11366, 326, 3, 10),
(11367, 326, 4, 12),
(11368, 328, 1, 1),
(11369, 328, 2, 6),
(11370, 328, 3, 10),
(11371, 328, 4, 12),
(11372, 330, 1, 1),
(11373, 330, 2, 4),
(11374, 330, 3, 8),
(11375, 330, 4, 13),
(11376, 332, 1, 1),
(11377, 332, 2, 4),
(11378, 332, 3, 8),
(11379, 332, 4, 13),
(11380, 334, 1, 1),
(11381, 334, 2, 4),
(11382, 334, 3, 8),
(11383, 334, 4, 13),
(11384, 336, 1, 1),
(11385, 336, 2, 5),
(11386, 336, 3, 9),
(11387, 336, 4, 12),
(11388, 338, 1, 2),
(11389, 338, 2, 4),
(11390, 338, 3, 8),
(11391, 338, 4, 13),
(11392, 340, 1, 1),
(11393, 340, 2, 6),
(11394, 340, 3, 10),
(11395, 340, 4, 12),
(11396, 342, 1, 2),
(11397, 342, 2, 7),
(11398, 342, 3, 11),
(11399, 342, 4, 12),
(11400, 344, 1, 1),
(11401, 344, 2, 7),
(11402, 344, 3, 11),
(11403, 344, 4, 12),
(11404, 346, 1, 1),
(11405, 346, 2, 6),
(11406, 346, 3, 10),
(11407, 346, 4, 12),
(11408, 348, 1, 1),
(11409, 348, 2, 6),
(11410, 348, 3, 10),
(11411, 348, 4, 12),
(11412, 350, 1, 1),
(11413, 350, 2, 6),
(11414, 350, 3, 10),
(11415, 350, 4, 12),
(11416, 352, 1, 1),
(11417, 352, 2, 4),
(11418, 352, 3, 8),
(11419, 352, 4, 13),
(11420, 354, 1, 1),
(11421, 354, 2, 5),
(11422, 354, 3, 9),
(11423, 354, 4, 12),
(11424, 356, 1, 2),
(11425, 356, 2, 4),
(11426, 356, 3, 8),
(11427, 356, 4, 13),
(11428, 358, 1, 1),
(11429, 358, 2, 4),
(11430, 358, 3, 8),
(11431, 358, 4, 13),
(11432, 360, 1, 1),
(11433, 360, 2, 5),
(11434, 360, 3, 9),
(11435, 360, 4, 12),
(11436, 362, 1, 1),
(11437, 362, 2, 7),
(11438, 362, 3, 11),
(11439, 362, 4, 12),
(11440, 364, 1, 1),
(11441, 364, 2, 6),
(11442, 364, 3, 10),
(11443, 364, 4, 12),
(11444, 366, 1, 1),
(11445, 366, 2, 4),
(11446, 366, 3, 8),
(11447, 366, 4, 13),
(11448, 368, 1, 2),
(11449, 368, 2, 6),
(11450, 368, 3, 10),
(11451, 368, 4, 12),
(11452, 370, 1, 1),
(11453, 370, 2, 5),
(11454, 370, 3, 9),
(11455, 370, 4, 12),
(11456, 372, 1, 2),
(11457, 372, 2, 7),
(11458, 372, 3, 11),
(11459, 372, 4, 12),
(11460, 374, 1, 1),
(11461, 374, 2, 6),
(11462, 374, 3, 10),
(11463, 374, 4, 12),
(11464, 376, 1, 1),
(11465, 376, 2, 5),
(11466, 376, 3, 9),
(11467, 376, 4, 12),
(11468, 378, 1, 1),
(11469, 378, 2, 7),
(11470, 378, 3, 11),
(11471, 378, 4, 12),
(11472, 380, 1, 1),
(11473, 380, 2, 6),
(11474, 380, 3, 10),
(11475, 380, 4, 12),
(11476, 382, 1, 1),
(11477, 382, 2, 4),
(11478, 382, 3, 8),
(11479, 382, 4, 13),
(11480, 384, 1, 1),
(11481, 384, 2, 7),
(11482, 384, 3, 11),
(11483, 384, 4, 12),
(11484, 386, 1, 1),
(11485, 386, 2, 5),
(11486, 386, 3, 9),
(11487, 386, 4, 12),
(11488, 388, 1, 1),
(11489, 388, 2, 6),
(11490, 388, 3, 10),
(11491, 388, 4, 12),
(11492, 390, 1, 1),
(11493, 390, 2, 6),
(11494, 390, 3, 10),
(11495, 390, 4, 12),
(11496, 392, 1, 1),
(11497, 392, 2, 5),
(11498, 392, 3, 9),
(11499, 392, 4, 12),
(11500, 394, 1, 1),
(11501, 394, 2, 4),
(11502, 394, 3, 8),
(11503, 394, 4, 13),
(11504, 396, 1, 1),
(11505, 396, 2, 6),
(11506, 396, 3, 10),
(11507, 396, 4, 12),
(11508, 398, 1, 1),
(11509, 398, 2, 4),
(11510, 398, 3, 8),
(11511, 398, 4, 13),
(11512, 400, 1, 1),
(11513, 400, 2, 6),
(11514, 400, 3, 10),
(11515, 400, 4, 12),
(11516, 402, 1, 1),
(11517, 402, 2, 6),
(11518, 402, 3, 10),
(11519, 402, 4, 12),
(11520, 404, 1, 2),
(11521, 404, 2, 7),
(11522, 404, 3, 11),
(11523, 404, 4, 12),
(11524, 406, 1, 1),
(11525, 406, 2, 5),
(11526, 406, 3, 9),
(11527, 406, 4, 12),
(11528, 408, 1, 1),
(11529, 408, 2, 4),
(11530, 408, 3, 8),
(11531, 408, 4, 13),
(11532, 410, 1, 2),
(11533, 410, 2, 4),
(11534, 410, 3, 8),
(11535, 410, 4, 13),
(11536, 412, 1, 1),
(11537, 412, 2, 6),
(11538, 412, 3, 10),
(11539, 412, 4, 12),
(11540, 414, 1, 1),
(11541, 414, 2, 5),
(11542, 414, 3, 9),
(11543, 414, 4, 12),
(11544, 416, 1, 1),
(11545, 416, 2, 7),
(11546, 416, 3, 11),
(11547, 416, 4, 12),
(11548, 418, 1, 1),
(11549, 418, 2, 5),
(11550, 418, 3, 9),
(11551, 418, 4, 12),
(11552, 420, 1, 1),
(11553, 420, 2, 4),
(11554, 420, 3, 8),
(11555, 420, 4, 13),
(11556, 422, 1, 1),
(11557, 422, 2, 7),
(11558, 422, 3, 11),
(11559, 422, 4, 12),
(11560, 424, 1, 1),
(11561, 424, 2, 7),
(11562, 424, 3, 11),
(11563, 424, 4, 12),
(11564, 426, 1, 1),
(11565, 426, 2, 4),
(11566, 426, 3, 8),
(11567, 426, 4, 13),
(11568, 428, 1, 1),
(11569, 428, 2, 4),
(11570, 428, 3, 8),
(11571, 428, 4, 13),
(11572, 430, 1, 1),
(11573, 430, 2, 5),
(11574, 430, 3, 9),
(11575, 430, 4, 12),
(11576, 432, 1, 1),
(11577, 432, 2, 7),
(11578, 432, 3, 11),
(11579, 432, 4, 12),
(11580, 434, 1, 2),
(11581, 434, 2, 7),
(11582, 434, 3, 11),
(11583, 434, 4, 12),
(11584, 436, 1, 1),
(11585, 436, 2, 4),
(11586, 436, 3, 8),
(11587, 436, 4, 13),
(11588, 438, 1, 1),
(11589, 438, 2, 7),
(11590, 438, 3, 11),
(11591, 438, 4, 12),
(11592, 440, 1, 1),
(11593, 440, 2, 4),
(11594, 440, 3, 8),
(11595, 440, 4, 13),
(11596, 442, 1, 1),
(11597, 442, 2, 7),
(11598, 442, 3, 11),
(11599, 442, 4, 12),
(11600, 444, 1, 1),
(11601, 444, 2, 5),
(11602, 444, 3, 9),
(11603, 444, 4, 12),
(11604, 446, 1, 1),
(11605, 446, 2, 6),
(11606, 446, 3, 10),
(11607, 446, 4, 12),
(11608, 448, 1, 1),
(11609, 448, 2, 5),
(11610, 448, 3, 9),
(11611, 448, 4, 12),
(11612, 450, 1, 1),
(11613, 450, 2, 5),
(11614, 450, 3, 9),
(11615, 450, 4, 12),
(11616, 452, 1, 1),
(11617, 452, 2, 4),
(11618, 452, 3, 8),
(11619, 452, 4, 13),
(11620, 454, 1, 1),
(11621, 454, 2, 7),
(11622, 454, 3, 11),
(11623, 454, 4, 12),
(11624, 456, 1, 1),
(11625, 456, 2, 4),
(11626, 456, 3, 8),
(11627, 456, 4, 13),
(11628, 458, 1, 1),
(11629, 458, 2, 4),
(11630, 458, 3, 8),
(11631, 458, 4, 13),
(11632, 460, 1, 1),
(11633, 460, 2, 6),
(11634, 460, 3, 10),
(11635, 460, 4, 12),
(11636, 462, 1, 1),
(11637, 462, 2, 4),
(11638, 462, 3, 8),
(11639, 462, 4, 13),
(11640, 464, 1, 1),
(11641, 464, 2, 4),
(11642, 464, 3, 8),
(11643, 464, 4, 13),
(11644, 466, 1, 1),
(11645, 466, 2, 4),
(11646, 466, 3, 8),
(11647, 466, 4, 13),
(11648, 468, 1, 1),
(11649, 468, 2, 6),
(11650, 468, 3, 10),
(11651, 468, 4, 12),
(11652, 470, 1, 1),
(11653, 470, 2, 6),
(11654, 470, 3, 10),
(11655, 470, 4, 12),
(11656, 472, 1, 1),
(11657, 472, 2, 5),
(11658, 472, 3, 9),
(11659, 472, 4, 12),
(11660, 474, 1, 1),
(11661, 474, 2, 4),
(11662, 474, 3, 8),
(11663, 474, 4, 13),
(11664, 476, 1, 1),
(11665, 476, 2, 4),
(11666, 476, 3, 8),
(11667, 476, 4, 13),
(11668, 478, 1, 1),
(11669, 478, 2, 5),
(11670, 478, 3, 9),
(11671, 478, 4, 12),
(11672, 480, 1, 1),
(11673, 480, 2, 5),
(11674, 480, 3, 9),
(11675, 480, 4, 12),
(11676, 482, 1, 1),
(11677, 482, 2, 5),
(11678, 482, 3, 9),
(11679, 482, 4, 12),
(11680, 484, 1, 1),
(11681, 484, 2, 5),
(11682, 484, 3, 9),
(11683, 484, 4, 12),
(11684, 486, 1, 1),
(11685, 486, 2, 6),
(11686, 486, 3, 10),
(11687, 486, 4, 12),
(11688, 488, 1, 1),
(11689, 488, 2, 4),
(11690, 488, 3, 8),
(11691, 488, 4, 13),
(11692, 490, 1, 1),
(11693, 490, 2, 5),
(11694, 490, 3, 9),
(11695, 490, 4, 12),
(11696, 492, 1, 1),
(11697, 492, 2, 4),
(11698, 492, 3, 8),
(11699, 492, 4, 13),
(11700, 494, 1, 1),
(11701, 494, 2, 4),
(11702, 494, 3, 8),
(11703, 494, 4, 13),
(11704, 496, 1, 1),
(11705, 496, 2, 6),
(11706, 496, 3, 10),
(11707, 496, 4, 12),
(11708, 498, 1, 1),
(11709, 498, 2, 4),
(11710, 498, 3, 8),
(11711, 498, 4, 13),
(11712, 500, 1, 2),
(11713, 500, 2, 4),
(11714, 500, 3, 8),
(11715, 500, 4, 13),
(11716, 502, 1, 1),
(11717, 502, 2, 4),
(11718, 502, 3, 8),
(11719, 502, 4, 13),
(11720, 504, 1, 1),
(11721, 504, 2, 4),
(11722, 504, 3, 8),
(11723, 504, 4, 13),
(11724, 506, 1, 1),
(11725, 506, 2, 4),
(11726, 506, 3, 8),
(11727, 506, 4, 13),
(11728, 508, 1, 1),
(11729, 508, 2, 4),
(11730, 508, 3, 8),
(11731, 508, 4, 13),
(11732, 510, 1, 1),
(11733, 510, 2, 4),
(11734, 510, 3, 8),
(11735, 510, 4, 13),
(11736, 512, 1, 1),
(11737, 512, 2, 4),
(11738, 512, 3, 8),
(11739, 512, 4, 13),
(11740, 514, 1, 1),
(11741, 514, 2, 5),
(11742, 514, 3, 9),
(11743, 514, 4, 12),
(11744, 516, 1, 1),
(11745, 516, 2, 7),
(11746, 516, 3, 11),
(11747, 516, 4, 12),
(11748, 518, 1, 1),
(11749, 518, 2, 4),
(11750, 518, 3, 8),
(11751, 518, 4, 13),
(11752, 520, 1, 1),
(11753, 520, 2, 5),
(11754, 520, 3, 9),
(11755, 520, 4, 12),
(11756, 522, 1, 2),
(11757, 522, 2, 5),
(11758, 522, 3, 9),
(11759, 522, 4, 12),
(11760, 524, 1, 1),
(11761, 524, 2, 4),
(11762, 524, 3, 8),
(11763, 524, 4, 13),
(11764, 526, 1, 1),
(11765, 526, 2, 4),
(11766, 526, 3, 8),
(11767, 526, 4, 13),
(11768, 528, 1, 2),
(11769, 528, 2, 4),
(11770, 528, 3, 8),
(11771, 528, 4, 13),
(11772, 530, 1, 1),
(11773, 530, 2, 6),
(11774, 530, 3, 10),
(11775, 530, 4, 12),
(11776, 532, 1, 1),
(11777, 532, 2, 4),
(11778, 532, 3, 8),
(11779, 532, 4, 13),
(11780, 534, 1, 1),
(11781, 534, 2, 6),
(11782, 534, 3, 10),
(11783, 534, 4, 12),
(11784, 536, 1, 1),
(11785, 536, 2, 6),
(11786, 536, 3, 10),
(11787, 536, 4, 12),
(11788, 538, 1, 1),
(11789, 538, 2, 5),
(11790, 538, 3, 9),
(11791, 538, 4, 12),
(11792, 540, 1, 1),
(11793, 540, 2, 5),
(11794, 540, 3, 9),
(11795, 540, 4, 12),
(11796, 542, 1, 1),
(11797, 542, 2, 4),
(11798, 542, 3, 8),
(11799, 542, 4, 13),
(11800, 544, 1, 1),
(11801, 544, 2, 7),
(11802, 544, 3, 11),
(11803, 544, 4, 12),
(11804, 546, 1, 1),
(11805, 546, 2, 6),
(11806, 546, 3, 10),
(11807, 546, 4, 12),
(11808, 548, 1, 2),
(11809, 548, 2, 5),
(11810, 548, 3, 9),
(11811, 548, 4, 12),
(11812, 550, 1, 1),
(11813, 550, 2, 4),
(11814, 550, 3, 8),
(11815, 550, 4, 13),
(11816, 552, 1, 1),
(11817, 552, 2, 4),
(11818, 552, 3, 8),
(11819, 552, 4, 13),
(11820, 554, 1, 1),
(11821, 554, 2, 4),
(11822, 554, 3, 8),
(11823, 554, 4, 13),
(11824, 556, 1, 1),
(11825, 556, 2, 4),
(11826, 556, 3, 8),
(11827, 556, 4, 13),
(11828, 558, 1, 1),
(11829, 558, 2, 4),
(11830, 558, 3, 8),
(11831, 558, 4, 13),
(11832, 560, 1, 1),
(11833, 560, 2, 7),
(11834, 560, 3, 11),
(11835, 560, 4, 12),
(11836, 562, 1, 1),
(11837, 562, 2, 4),
(11838, 562, 3, 8),
(11839, 562, 4, 13),
(11840, 564, 1, 2),
(11841, 564, 2, 7),
(11842, 564, 3, 11),
(11843, 564, 4, 12),
(11844, 566, 1, 1),
(11845, 566, 2, 5),
(11846, 566, 3, 9),
(11847, 566, 4, 12),
(11848, 568, 1, 2),
(11849, 568, 2, 5),
(11850, 568, 3, 9),
(11851, 568, 4, 12),
(11852, 570, 1, 1),
(11853, 570, 2, 7),
(11854, 570, 3, 11),
(11855, 570, 4, 12),
(11856, 572, 1, 1),
(11857, 572, 2, 4),
(11858, 572, 3, 8),
(11859, 572, 4, 13),
(11860, 574, 1, 1),
(11861, 574, 2, 4),
(11862, 574, 3, 8),
(11863, 574, 4, 13),
(11864, 576, 1, 1),
(11865, 576, 2, 4),
(11866, 576, 3, 8),
(11867, 576, 4, 13),
(11868, 578, 1, 2),
(11869, 578, 2, 5),
(11870, 578, 3, 9),
(11871, 578, 4, 12),
(11872, 580, 1, 1),
(11873, 580, 2, 4),
(11874, 580, 3, 8),
(11875, 580, 4, 13),
(11876, 582, 1, 1),
(11877, 582, 2, 4),
(11878, 582, 3, 8),
(11879, 582, 4, 13),
(11880, 584, 1, 1),
(11881, 584, 2, 4),
(11882, 584, 3, 8),
(11883, 584, 4, 13),
(11884, 586, 1, 1),
(11885, 586, 2, 4),
(11886, 586, 3, 8),
(11887, 586, 4, 13),
(11888, 588, 1, 1),
(11889, 588, 2, 4),
(11890, 588, 3, 8),
(11891, 588, 4, 13),
(11892, 590, 1, 1),
(11893, 590, 2, 6),
(11894, 590, 3, 10),
(11895, 590, 4, 12),
(11896, 592, 1, 1),
(11897, 592, 2, 5),
(11898, 592, 3, 9),
(11899, 592, 4, 12),
(11900, 594, 1, 1),
(11901, 594, 2, 5),
(11902, 594, 3, 9),
(11903, 594, 4, 12),
(11904, 596, 1, 1),
(11905, 596, 2, 4),
(11906, 596, 3, 8),
(11907, 596, 4, 13),
(11908, 598, 1, 1),
(11909, 598, 2, 6),
(11910, 598, 3, 10),
(11911, 598, 4, 12),
(11912, 600, 1, 1),
(11913, 600, 2, 4),
(11914, 600, 3, 8),
(11915, 600, 4, 13),
(11916, 602, 1, 1),
(11917, 602, 2, 4),
(11918, 602, 3, 8),
(11919, 602, 4, 13),
(11920, 604, 1, 1),
(11921, 604, 2, 4),
(11922, 604, 3, 8),
(11923, 604, 4, 13),
(11924, 606, 1, 1),
(11925, 606, 2, 4),
(11926, 606, 3, 8),
(11927, 606, 4, 13),
(11928, 608, 1, 1),
(11929, 608, 2, 4),
(11930, 608, 3, 8),
(11931, 608, 4, 13),
(11932, 610, 1, 1),
(11933, 610, 2, 6),
(11934, 610, 3, 10),
(11935, 610, 4, 12),
(11936, 612, 1, 1),
(11937, 612, 2, 6),
(11938, 612, 3, 10),
(11939, 612, 4, 12),
(11940, 614, 1, 1),
(11941, 614, 2, 6),
(11942, 614, 3, 10),
(11943, 614, 4, 12),
(11944, 616, 1, 1),
(11945, 616, 2, 4),
(11946, 616, 3, 8),
(11947, 616, 4, 13),
(11948, 618, 1, 1),
(11949, 618, 2, 5),
(11950, 618, 3, 9),
(11951, 618, 4, 12),
(11952, 620, 1, 1),
(11953, 620, 2, 4),
(11954, 620, 3, 8),
(11955, 620, 4, 13),
(11956, 622, 1, 1),
(11957, 622, 2, 5),
(11958, 622, 3, 9),
(11959, 622, 4, 12),
(11960, 624, 1, 1),
(11961, 624, 2, 4),
(11962, 624, 3, 8),
(11963, 624, 4, 13),
(11964, 626, 1, 1),
(11965, 626, 2, 6),
(11966, 626, 3, 10),
(11967, 626, 4, 12),
(11968, 628, 1, 1),
(11969, 628, 2, 4),
(11970, 628, 3, 8),
(11971, 628, 4, 13),
(11972, 630, 1, 1),
(11973, 630, 2, 6),
(11974, 630, 3, 10),
(11975, 630, 4, 12),
(11976, 632, 1, 2),
(11977, 632, 2, 4),
(11978, 632, 3, 8),
(11979, 632, 4, 13),
(11980, 634, 1, 1),
(11981, 634, 2, 4),
(11982, 634, 3, 8),
(11983, 634, 4, 13),
(11984, 636, 1, 1),
(11985, 636, 2, 4),
(11986, 636, 3, 8),
(11987, 636, 4, 13),
(11988, 638, 1, 1),
(11989, 638, 2, 4),
(11990, 638, 3, 8),
(11991, 638, 4, 13),
(11992, 640, 1, 1),
(11993, 640, 2, 4),
(11994, 640, 3, 8),
(11995, 640, 4, 13),
(11996, 642, 1, 2),
(11997, 642, 2, 4),
(11998, 642, 3, 8),
(11999, 642, 4, 13),
(12000, 644, 1, 1),
(12001, 644, 2, 4),
(12002, 644, 3, 8),
(12003, 644, 4, 13),
(12004, 646, 1, 1),
(12005, 646, 2, 5),
(12006, 646, 3, 9),
(12007, 646, 4, 12),
(12008, 648, 1, 1),
(12009, 648, 2, 4),
(12010, 648, 3, 8),
(12011, 648, 4, 13),
(12012, 650, 1, 1),
(12013, 650, 2, 4),
(12014, 650, 3, 8),
(12015, 650, 4, 13),
(12016, 652, 1, 1),
(12017, 652, 2, 4),
(12018, 652, 3, 8),
(12019, 652, 4, 13),
(12020, 654, 1, 1),
(12021, 654, 2, 5),
(12022, 654, 3, 9),
(12023, 654, 4, 12),
(12024, 656, 1, 1),
(12025, 656, 2, 4),
(12026, 656, 3, 8),
(12027, 656, 4, 13),
(12028, 658, 1, 1),
(12029, 658, 2, 4),
(12030, 658, 3, 8),
(12031, 658, 4, 13),
(12032, 660, 1, 2),
(12033, 660, 2, 4),
(12034, 660, 3, 8),
(12035, 660, 4, 13),
(12036, 662, 1, 1),
(12037, 662, 2, 4),
(12038, 662, 3, 8),
(12039, 662, 4, 13),
(12040, 664, 1, 1),
(12041, 664, 2, 4),
(12042, 664, 3, 8),
(12043, 664, 4, 13),
(12044, 666, 1, 1),
(12045, 666, 2, 4),
(12046, 666, 3, 8),
(12047, 666, 4, 13),
(12048, 668, 1, 1),
(12049, 668, 2, 4),
(12050, 668, 3, 8),
(12051, 668, 4, 13),
(12052, 670, 1, 1),
(12053, 670, 2, 4),
(12054, 670, 3, 8),
(12055, 670, 4, 13),
(12056, 672, 1, 1),
(12057, 672, 2, 4),
(12058, 672, 3, 8),
(12059, 672, 4, 13),
(12060, 674, 1, 2),
(12061, 674, 2, 5),
(12062, 674, 3, 9),
(12063, 674, 4, 12),
(12064, 676, 1, 1),
(12065, 676, 2, 5),
(12066, 676, 3, 9),
(12067, 676, 4, 12),
(12068, 678, 1, 1),
(12069, 678, 2, 5),
(12070, 678, 3, 9),
(12071, 678, 4, 12),
(12072, 680, 1, 2),
(12073, 680, 2, 4),
(12074, 680, 3, 8),
(12075, 680, 4, 13),
(12076, 682, 1, 1),
(12077, 682, 2, 5),
(12078, 682, 3, 9),
(12079, 682, 4, 12),
(12080, 684, 1, 1),
(12081, 684, 2, 4),
(12082, 684, 3, 8),
(12083, 684, 4, 13),
(12084, 686, 1, 2),
(12085, 686, 2, 4),
(12086, 686, 3, 8),
(12087, 686, 4, 13),
(12088, 688, 1, 1),
(12089, 688, 2, 4),
(12090, 688, 3, 8),
(12091, 688, 4, 13),
(12092, 690, 1, 1),
(12093, 690, 2, 5),
(12094, 690, 3, 9),
(12095, 690, 4, 12),
(12096, 692, 1, 1),
(12097, 692, 2, 5),
(12098, 692, 3, 9),
(12099, 692, 4, 12),
(12100, 694, 1, 1),
(12101, 694, 2, 4),
(12102, 694, 3, 8),
(12103, 694, 4, 13),
(12104, 696, 1, 2),
(12105, 696, 2, 6),
(12106, 696, 3, 10),
(12107, 696, 4, 12),
(12108, 698, 1, 1),
(12109, 698, 2, 4),
(12110, 698, 3, 8),
(12111, 698, 4, 13),
(12112, 700, 1, 1),
(12113, 700, 2, 4),
(12114, 700, 3, 8),
(12115, 700, 4, 13),
(12116, 702, 1, 1),
(12117, 702, 2, 4),
(12118, 702, 3, 8),
(12119, 702, 4, 13),
(12120, 704, 1, 1),
(12121, 704, 2, 4),
(12122, 704, 3, 8),
(12123, 704, 4, 13),
(12124, 706, 1, 1),
(12125, 706, 2, 4),
(12126, 706, 3, 8),
(12127, 706, 4, 13),
(12128, 708, 1, 1),
(12129, 708, 2, 4),
(12130, 708, 3, 8),
(12131, 708, 4, 13),
(12132, 710, 1, 1),
(12133, 710, 2, 4),
(12134, 710, 3, 8),
(12135, 710, 4, 13),
(12136, 712, 1, 1),
(12137, 712, 2, 4),
(12138, 712, 3, 8),
(12139, 712, 4, 13),
(12140, 714, 1, 1),
(12141, 714, 2, 4),
(12142, 714, 3, 8),
(12143, 714, 4, 13),
(12144, 716, 1, 1),
(12145, 716, 2, 4),
(12146, 716, 3, 8),
(12147, 716, 4, 13),
(12148, 718, 1, 1),
(12149, 718, 2, 4),
(12150, 718, 3, 8),
(12151, 718, 4, 13),
(12152, 720, 1, 1),
(12153, 720, 2, 4),
(12154, 720, 3, 8),
(12155, 720, 4, 13),
(12156, 722, 1, 1),
(12157, 722, 2, 4),
(12158, 722, 3, 8),
(12159, 722, 4, 13),
(12160, 724, 1, 2),
(12161, 724, 2, 4),
(12162, 724, 3, 8),
(12163, 724, 4, 13),
(12164, 726, 1, 1),
(12165, 726, 2, 4),
(12166, 726, 3, 8),
(12167, 726, 4, 13),
(12168, 728, 1, 2),
(12169, 728, 2, 5),
(12170, 728, 3, 9),
(12171, 728, 4, 12),
(12172, 730, 1, 2),
(12173, 730, 2, 4),
(12174, 730, 3, 8),
(12175, 730, 4, 13),
(12176, 732, 1, 1),
(12177, 732, 2, 4),
(12178, 732, 3, 8),
(12179, 732, 4, 13),
(12180, 734, 1, 1),
(12181, 734, 2, 5),
(12182, 734, 3, 9),
(12183, 734, 4, 12),
(12184, 736, 1, 2),
(12185, 736, 2, 5),
(12186, 736, 3, 9),
(12187, 736, 4, 12),
(12188, 738, 1, 1),
(12189, 738, 2, 4),
(12190, 738, 3, 8),
(12191, 738, 4, 13),
(12192, 740, 1, 1),
(12193, 740, 2, 6),
(12194, 740, 3, 10),
(12195, 740, 4, 12),
(12196, 742, 1, 1),
(12197, 742, 2, 4),
(12198, 742, 3, 8),
(12199, 742, 4, 13),
(12200, 744, 1, 1),
(12201, 744, 2, 4),
(12202, 744, 3, 8),
(12203, 744, 4, 13),
(12204, 746, 1, 1),
(12205, 746, 2, 4),
(12206, 746, 3, 8),
(12207, 746, 4, 13),
(12208, 748, 1, 1),
(12209, 748, 2, 5),
(12210, 748, 3, 9),
(12211, 748, 4, 12),
(12212, 750, 1, 1),
(12213, 750, 2, 4),
(12214, 750, 3, 8),
(12215, 750, 4, 13),
(12216, 752, 1, 1),
(12217, 752, 2, 4),
(12218, 752, 3, 8),
(12219, 752, 4, 13);

-- --------------------------------------------------------

--
-- Struktur dari tabel `atribut_sub`
--

CREATE TABLE `atribut_sub` (
  `id_atribut_sub` int(11) NOT NULL,
  `id_atribut` int(11) NOT NULL,
  `atribut_sub` varchar(75) NOT NULL
) ENGINE=InnoDB DEFAULT CHARSET=utf8mb4;

--
-- Dumping data untuk tabel `atribut_sub`
--

INSERT INTO `atribut_sub` (`id_atribut_sub`, `id_atribut`, `atribut_sub`) VALUES
(1, 1, 'Laki-Laki'),
(2, 1, 'Perempuan'),
(4, 2, 'Cukup'),
(5, 2, 'Memuaskan'),
(6, 2, 'Sangat Memuaskan'),
(7, 2, 'Dengan Pujian'),
(8, 3, 'D'),
(9, 3, 'C'),
(10, 3, 'B'),
(11, 3, 'A'),
(12, 4, 'Lulus Tepat'),
(13, 4, 'Tidak Tepat');

-- --------------------------------------------------------

--
-- Struktur dari tabel `atribut_testing`
--

CREATE TABLE `atribut_testing` (
  `id_atribut_testing` int(11) NOT NULL,
  `id_testing` int(11) NOT NULL,
  `id_atribut_sub` int(11) NOT NULL
) ENGINE=InnoDB DEFAULT CHARSET=utf8mb4;

--
-- Dumping data untuk tabel `atribut_testing`
--

INSERT INTO `atribut_testing` (`id_atribut_testing`, `id_testing`, `id_atribut_sub`) VALUES
(5, 1, 1),
(6, 1, 7),
(7, 1, 11),
(8, 1, 12);

-- --------------------------------------------------------

--
-- Struktur dari tabel `beranda`
--

CREATE TABLE `beranda` (
  `id` int(11) NOT NULL,
  `image` varchar(100) NOT NULL
) ENGINE=InnoDB DEFAULT CHARSET=utf8mb4;

-- --------------------------------------------------------

--
-- Struktur dari tabel `data_latih`
--

CREATE TABLE `data_latih` (
  `id_latih` int(11) NOT NULL,
  `nim` varchar(20) NOT NULL,
  `nama` varchar(75) NOT NULL,
  `nilai_rata_rata_ipk` char(10) NOT NULL,
  `nilai_rata_rata_spa` char(10) NOT NULL,
  `nilai_rata_rata` char(10) NOT NULL
) ENGINE=InnoDB DEFAULT CHARSET=utf8mb4;

--
-- Dumping data untuk tabel `data_latih`
--

INSERT INTO `data_latih` (`id_latih`, `nim`, `nama`, `nilai_rata_rata_ipk`, `nilai_rata_rata_spa`, `nilai_rata_rata`) VALUES
(2, '22116001', 'SIMON SENA SOKA', '1.95', '0.75', '1.23'),
(4, '22116002', 'Suryanda Mahesa Taka', '1.6775', '0.33333333', '0.871'),
(6, '22116003', 'Derrysto Rayfa1do Niab', '1.7325', '2.16666666', '1.993'),
(8, '22116004', 'EFRAT JOICE RATA', '2.6875', '2.625', '2.65'),
(10, '22116005', 'Gianti Maria Ange1a 2aridy Man', '3.005', '2.41666666', '2.652'),
(12, '22116006', 'JEFREY CHRISTOFORUS 1AINAMA', '2.7025', '2.41666666', '2.531'),
(14, '22116007', 'Maria Magda1ena G1oria Jordan 1e1amu1a', '3.2775', '2.91666666', '3.061'),
(16, '22116008', 'YOHANES WI11IAM 1AOS', '2.9725', '2.70833333', '2.814'),
(18, '22116009', 'Vanya E1isabeth Muskanan', '2.99', '2.5', '2.696'),
(20, '22116010', 'Grice1da Fabio1a Gusmao', '2.0725', '1.41666666', '1.679'),
(22, '22116011', 'Anti2as 2asca1is Gregorius Seran', '2.0125', '0', '0.805'),
(24, '22116012', 'BERTO1OMEUS DISMAS SOAR', '3.18', '2.91666666', '3.022'),
(26, '22116013', 'ZA1VADOR 2. D. KOU', '1.6875', '0', '0.675'),
(28, '22116014', 'Frederikus Oni Seran', '1.6725', '0', '0.669'),
(30, '22116015', 'Rayna1do F. Renas Mbiru', '2.39', '2', '2.156'),
(32, '22116016', 'Konradus Ko2ong Ba1a Wuwur', '2.4875', '2.66666666', '2.595'),
(34, '22116017', 'CHRISUA1DO JACOBUS 2U1O ERA2', '1.61', '0', '0.644'),
(36, '22116018', 'KRISTOFFORUS AMASENE', '2.375', '0', '0.95'),
(38, '22116020', 'Reina1do 1o2es De Sena', '1.475', '0.91666666', '1.14'),
(40, '22116021', 'O1DY T.E. AMNIFU', '2.32', '0', '0.928'),
(42, '22116022', 'Hamberd Banry Fa11o', '2.3325', '0', '0.933'),
(44, '22116023', 'JIMMY 2RABOWO SANDI 1I1Y', '2.38', '0', '0.952'),
(46, '22116024', 'ERNESTO2 1ANGO TUKAN', '2.6525', '2.41666666', '2.511'),
(48, '22116026', 'Quido Suryadi Ngao', '1.5125', '0', '0.605'),
(50, '22116027', 'CHRISTINE AQUI1INA 1AKE', '2.985', '2.16666666', '2.494'),
(52, '22116028', '2ASCA1IS BEDA ADITYA ERA2', '2.93', '2.75', '2.822'),
(54, '22116029', 'YOHANES YANSEN KO2ONG WITAK', '2.6875', '2.5', '2.575'),
(56, '22116030', 'Fransiskus Steven Du1i Manuk', '1.6725', '0', '0.669'),
(58, '22116031', 'ECBER RIVTO RICARDO VERISTO A1A', '2.93', '2.25', '2.522'),
(60, '22116032', 'JUNINHO ROY RINA1DO FA1O', '2.745', '1.83333333', '2.198'),
(62, '22116033', '1UIS FRANSISCO JUNIOR 1EKI', '2.61', '2.16666666', '2.344'),
(64, '22116034', 'RAFAE1 EVENTUS 1EKY', '2.7975', '2.33333333', '2.519'),
(66, '22116035', 'Markus Tehe Amannutur', '1.6975', '0.33333333', '0.879'),
(68, '22116038', 'RONIANTO 1O11O', '2.4125', '1.91666666', '2.115'),
(70, '22116039', 'Giancar1o Simon Satriani 1amane2a', '2.925', '1.91666666', '2.32'),
(72, '22116040', 'Stivani N Wadhi', '2.9975', '2.58333333', '2.749'),
(74, '22116047', 'Yoandra Tubu1au', '2.2475', '2.25', '2.249'),
(76, '22116049', '1UCKY ARFANDY YOHANES', '2.9525', '2.875', '2.906'),
(78, '22116051', 'Adrianus Nenoharan', '2.8925', '2.875', '2.882'),
(80, '22116052', 'JEFRI ARIYANTO KOFI', '3.2125', '2.58333333', '2.835'),
(82, '22116053', 'JANUARIO DA SI1VA FERNANDES', '2.59', '2.33333333', '2.436'),
(84, '22116056', 'E2ifania Bachita 1o2es Soares', '2.465', '2.5', '2.486'),
(86, '22116057', 'Sabino Jose Caet', '2.2975', '2', '2.119'),
(88, '22116071', 'E1utorio 1ourence Dos Reis', '2.35', '2.58333333', '2.49'),
(90, '22116075', 'Veronika Maria Sone', '2.375', '2.41666666', '2.4'),
(92, '22116078', 'NATACHYA E1MA 2UTRI A21UGI', '2.72', '2.16666666', '2.388'),
(94, '22116079', 'Markus Young 1akamoa', '2.035', '0.33333333', '1.014'),
(96, '22116086', 'Tobias De O1iveira', '2.475', '2.41666666', '2.44'),
(98, '22116087', 'MARIA FEBRINTINA 1OWA DHUGE', '2.9575', '2', '2.383'),
(100, '22116088', 'Heribertus Kobo 2akae', '2.375', '2.5', '2.45'),
(102, '22116089', 'Yakobus Alta Saleh', '2.145', '0.33333333', '1.058'),
(104, '22116090', 'YAIRUS ARYANTO NAU', '2.49', '0.66666666', '1.396'),
(106, '22116092', 'Anthony Eprichandino Sogen', '2.975', '3.20833333', '3.115'),
(108, '22116096', 'FEBIANA APLONIA SABINA SERAN', '3.0625', '2.66666666', '2.825'),
(110, '22116083', 'Gildesianus J. M. Naiboas', '1.4475', '0', '0.579'),
(112, '22117001', 'Maria Jenis Dana Mudaj', '3.64', '2.95833333', '3.231'),
(114, '22117002', 'Maria Jemiana Kewa Mudaj', '3.6675', '3.04166666', '3.292'),
(116, '22117003', 'Agustinus Deli Vio Ture', '2.7025', '2.66666666', '2.681'),
(118, '22117006', 'Valerianus Apriatmo', '2.7925', '2.95833333', '2.892'),
(120, '22117007', 'Dion B. Sarmento', '3.5375', '3.08333333', '3.265'),
(122, '22117012', 'Aprianus Paskalis Mau', '2.795', '3.20833333', '3.043'),
(124, '22117013', 'Amelia Prihastiwi Tokoh', '2.76', '1.54166666', '2.029'),
(126, '22117014', 'Jassica Herman Lakar', '2.9325', '1.625', '2.148'),
(128, '22117016', 'Adesaputra Trimaryanto Bilaut', '2.4425', '2.33333333', '2.377'),
(130, '22117017', 'Maria Octemida Ximenes Barros', '3.205', '2.79166666', '2.957'),
(132, '22117020', 'Konny Hendri Mboeik', '2.755', '2.79166666', '2.777'),
(134, '22117021', 'Valentinus Maria Nahak', '3.33', '3.5', '3.432'),
(136, '22117022', 'Hironimus Mikhael Tefa', '2.49', '2.875', '2.721'),
(138, '22117023', 'Dominikus Dolu Puka', '2.42', '3.04166666', '2.793'),
(140, '22117025', 'Zita Diniasni Bulu', '3.305', '2.95833333', '3.097'),
(142, '22117026', 'Floridus Adiyanto Manek Seran', '2.085', '2.79166666', '2.509'),
(144, '22117029', 'Andi Yohanes Nusin', '2.735', '2.70833333', '2.719'),
(146, '22117031', 'Eugebio Cardoso Quintao', '2.8825', '2.5', '2.653'),
(148, '22117032', 'Ariyanto Karmakani', '2.1875', '2.58333333', '2.425'),
(150, '22117033', 'Laxmi Declaudya Ratu Raja', '2.895', '2.66666666', '2.758'),
(152, '22117034', 'Marianus Rahmatino Dangur', '2.455', '1.66666666', '1.982'),
(154, '22117035', 'Calvintianus Adrianus Fahik', '3', '2.875', '2.925'),
(156, '22117039', 'Novenrius Kornelius Sera', '2.3525', '3', '2.741'),
(158, '22117040', 'Pedro Vasco Ribeiro', '2.0025', '2.33333333', '2.201'),
(160, '22117044', 'Albertus Meze Wula', '3.095', '3.20833333', '3.163'),
(162, '22117045', 'Albert Klau Seran', '3.1825', '2.95833333', '3.048'),
(164, '22117047', 'Romana Claudia Kenshi Balla', '3.335', '2.70833333', '2.959'),
(166, '22117048', 'Januarius Doddy Luman', '2.96', '2.58333333', '2.734'),
(168, '22117051', 'Simon Petrus', '2.6275', '2.5', '2.551'),
(170, '22117052', 'Irenius Nong Tris Watu', '2.665', '2.66666666', '2.666'),
(172, '22117053', 'Gregorio Antonio Alves', '2.3725', '2.33333333', '2.349'),
(174, '22117054', 'Yuventus Eli Salu', '3.1', '3', '3.04'),
(176, '22117055', 'Wemci S.P.H Kaynara', '1.98', '2.5', '2.292'),
(178, '22117056', 'Eduardus Wence', '2.0975', '2.33333333', '2.239'),
(180, '22117058', 'Anselmo Rodrigues Lopes', '2.05', '2.41666666', '2.27'),
(182, '22117059', 'Octoviano Antonio Francisco', '2.4925', '2.66666666', '2.597'),
(184, '22117060', 'Yabeston Ajupri Pitay', '2.365', '0.58333333', '1.296'),
(186, '22117061', 'Yudith Arunika Cempaka Wella', '2.68', '2.54166666', '2.597'),
(188, '22117062', 'Vergilius Gonsales Due', '2.4675', '2.5', '2.487'),
(190, '22117064', 'Nunu Alves', '2.2575', '2.5', '2.403'),
(192, '22117066', 'Victor Oktovianus Edon', '2.8175', '3.125', '3.002'),
(194, '22117067', 'Henri Kristian Klau', '2.8925', '2.5', '2.657'),
(196, '22117070', 'Nixen Vertsmen Eldio Senak', '2.5875', '2.70833333', '2.66'),
(198, '22117074', 'Sonia Agustin Rahmawati Loya', '2.755', '2.45833333', '2.577'),
(200, '22117075', 'Nomensia Carolina Febriyanti Tombor', '2.9225', '2.75', '2.819'),
(202, '22117076', 'Yulius Fernando Sado', '2.2475', '0.58333333', '1.249'),
(204, '22117078', 'Rex Chornelis Mbuilima', '2.35', '1.58333333', '1.89'),
(206, '22117079', 'Klemens Marius BT', '3.14', '2.91666666', '3.006'),
(208, '22117080', 'Lando Emeliano Sales Sonbay', '2.815', '2.75', '2.776'),
(210, '22117081', 'Lando Emiliano Sales Sonbay', '3.0425', '2.33333333', '2.617'),
(212, '22117084', 'Thomas R. Pati Djaleng', '2.535', '2.5', '2.514'),
(214, '22117085', 'Marisa Banunuh', '3.03', '2.91666666', '2.962'),
(216, '22117087', 'Irvandisius Melkior Hasan', '2.4125', '2.20833333', '2.29'),
(218, '22117090', 'Edward Fendi Fahik', '2.515', '2.29166666', '2.381'),
(220, '22117092', 'Sanry Melkias Ratu Edo', '2.1025', '2.25', '2.191'),
(222, '22117093', 'Ronaldo Santana Boro Tupen', '2.58', '2.5', '2.532'),
(224, '22117094', 'Elton Petrus Maukolik', '2.215', '2.41666666', '2.336'),
(226, '22117095', 'Blasedus Nahak', '2.6775', '2.83333333', '2.771'),
(228, '22117096', 'Guido Senu', '2.9025', '0.91666666', '1.711'),
(230, '22117098', 'Rivaldo Jong Nokas', '2.1375', '2.33333333', '2.255'),
(232, '22117099', 'Novriana Trivenia Mau', '2.9675', '2.54166666', '2.712'),
(234, '22117100', 'Ismael Simon Petrus Taneo', '3.4675', '2.83333333', '3.087'),
(236, '22117101', 'Syahidin Boleng Sanga', '3.0575', '3.125', '3.098'),
(238, '22117102', 'Fandy Thimotius Radja Udju', '3.235', '2.58333333', '2.844'),
(240, '22117103', 'Maria Veliana Mone Djando', '2.9075', '2.58333333', '2.713'),
(242, '22117104', 'Maternus Dovanus Wake', '1.875', '0.66666666', '1.15'),
(244, '22117106', 'Maria Veransia Rengi', '3.2425', '2.875', '3.022'),
(246, '22117111', 'Oktavianus Gili Dhou', '1.9925', '3.25', '2.747'),
(248, '22117112', 'Ochrin Stenly Erdipsen Hae Djingi', '2.015', '2.58333333', '2.356'),
(250, '22117114', 'Anicetus Robertus Mangu Lewerang', '1.965', '2.41666666', '2.236'),
(252, '22117115', 'CHRISLEEN STEFANYA VIRGINIO HERE', '2.76', '2.25', '2.454'),
(254, '22117116', 'Hilarius Robinson Abes', '2.92', '3.20833333', '3.093'),
(256, '22117117', 'Frederikus Halmon', '0.36', '0', '0.144'),
(258, '22117118', 'Redeptus Fabiola Suri', '0.775', '0', '0.31'),
(260, '22117119', 'Antonio Joao De Oliveira Tacae', '2.5275', '2.79166666', '2.686'),
(262, '22117120', 'Fransiskus Xaverius Igo Ruron', '0.4225', '0', '0.169'),
(264, '22117121', 'Bonar Fontura Setu Sale', '2.11', '2.66666666', '2.444'),
(266, '22117122', 'Ana Freitas Guterres', '2.5375', '2.16666666', '2.315'),
(268, '22117124', 'Muhammad Zainudin S.S. Watun', '2.205', '2.16666666', '2.182'),
(270, '22117125', 'Merita De Araujo Nascimento', '2.5525', '2.58333333', '2.571'),
(272, '22117126', 'Antonio Umbu Anjar Gusmao Nindir', '2.885', '2.79166666', '2.829'),
(274, '22118002', 'ARIYANTO MOOY', '1.97', '0', '0.788'),
(276, '22118004', 'Stefani Febrianti Sea Way', '2.6625', '3.25', '3.015'),
(278, '22118005', 'MARTINUS KURNIAWAN WILU', '2.5225', '0.33333333', '1.209'),
(280, '22118006', 'AURELIUS JULIANTO BARUNG', '3.06', '2.83333333', '2.924'),
(282, '22118007', 'YOHANES PEHAN KELEN', '3.365', '3.375', '3.371'),
(284, '22118008', 'Alfridus Jemianus Nahak', '2.16', '0', '0.864'),
(286, '22118009', 'RUPERTUS DORECYANO BILLSHILA', '3.3975', '3.33333333', '3.359'),
(288, '22118010', 'MIKHAEL RANDY PAREIRA', '2.8375', '2.75', '2.785'),
(290, '22118011', 'FREDERIKUS JENTIUS LOGO DUE', '2.8375', '3', '2.935'),
(292, '22118012', 'SILVESTER LALISUC', '2.0275', '0.33333333', '1.011'),
(294, '22118021', 'AGUSTINUS ALLEUK ASURY', '2.575', '2.41666666', '2.48'),
(296, '22118022', 'STEVANIA SANDARANA ELU', '3.25', '2.58333333', '2.85'),
(298, '22118024', 'FRANSISKUS SALVI RUA', '2.8975', '2.75', '2.809'),
(300, '22118025', 'JULIANUS EDMUNDUS TAEK', '2.1625', '2.5', '2.365'),
(302, '22118026', 'ELI ISAC CABRAL DA COSTA', '2.635', '2.66666666', '2.654'),
(304, '22118027', 'ELWALDUS SURYA MAHARDIKA MALO', '2.7025', '2.66666666', '2.681'),
(306, '22118028', 'JANUARIUS TPOI', '1.77', '0', '0.708'),
(308, '22118029', 'GRACALINDO DA CONCEICAO', '1.7725', '2.58333333', '2.259'),
(310, '22118031', 'THERESA OLDEBERT SHONYA PARERA', '3.2425', '2.79166666', '2.972'),
(312, '22118033', 'Marchiani Rosaria Seran', '3.4', '2.91666666', '3.11'),
(314, '22118034', 'ROBERTUS SETA', '1.985', '2', '1.994'),
(316, '22118038', 'HERTINO B.A. POLINGKONG', '2.32', '0.91666666', '1.478'),
(318, '22118039', 'ANGELUS JEMS MARIO BATISTE SAIRO', '2.8375', '2.66666666', '2.735'),
(320, '22118041', 'MARIA ANGELINA BUE', '3.2175', '2.83333333', '2.987'),
(322, '22118043', 'AMBROGIO IGINIUS KAPITAN', '2.64', '1.125', '1.731'),
(324, '22118045', 'CHINTIA RENNY YAPPY', '1.925', '1.16666666', '1.47'),
(326, '22118046', 'NASARIUS DANIEL DAMPUNG', '2.95', '2.83333333', '2.88'),
(328, '22118047', 'YUAN MATHEOS AOETPAH', '3.085', '2.875', '2.959'),
(330, '22118048', 'FERMINUS BORO OLA', '2.1325', '0', '0.853'),
(332, '22118049', 'ERNO JEKSEN ALUNG', '1.62', '0', '0.648'),
(334, '22118050', 'MARSELINUS EFENDI MAU', '1.635', '1.08333333', '1.304'),
(336, '22118051', 'ARISKY YUDIANTARA', '2.8675', '1.91666666', '2.297'),
(338, '22118052', 'MARIA YULIANTI MOGI', '2.3525', '1', '1.541'),
(340, '22118053', 'FRANSISKUS SAVERIUS KUBE TUKAN', '2.5775', '2.875', '2.756'),
(342, '22118055', 'CORNELIA NIRMALA LELLIE', '3.44', '3.375', '3.401'),
(344, '22118056', 'YUDHA WAHYU WIRAWAN', '3.305', '3.375', '3.347'),
(346, '22118057', 'THEODORUS HUGO CARVALLO', '2.495', '2.66666666', '2.598'),
(348, '22118058', 'PETRUS NOTAN', '3.2825', '2.375', '2.738'),
(350, '22118059', 'YOHANES FREDIK GERA NAMANG', '2.8', '2.79166666', '2.795'),
(352, '22118060', 'JOANICO OCTAVIO ALVES', '1.6575', '0', '0.663'),
(354, '22118061', 'F. X. Hide Rahaqlaka', '1.83', '2.33333333', '2.132'),
(356, '22118065', 'CICILIA MBUIK', '2.295', '1.58333333', '1.868'),
(358, '22118066', 'Diego Dean Logo', '1.37', '0', '0.548'),
(360, '22118067', 'FERDINANDUS MALO', '2.665', '1.79166666', '2.141'),
(362, '22118069', 'Crisantus B. Sinclaer Ude', '2.9875', '3.25', '3.145'),
(364, '22118070', 'Alexandro Ronaldo Giovani Leya', '3.1375', '2.83333333', '2.955'),
(366, '22118075', 'GERI GUSTI ANDIKA MENGGA', '2.74', '1.25', '1.846'),
(368, '22118076', 'JANUARITA TIVANI DOLLU', '2.9875', '2.79166666', '2.87'),
(370, '22118077', 'BOY LIUNOKAS', '2.395', '2.41666666', '2.408'),
(372, '22118078', 'ELLYZA NUNES DA COSTA', '3.3225', '3.375', '3.354'),
(374, '22118079', 'GREGORIUS BARBARIGO TOIS', '2.405', '3.33333333', '2.962'),
(376, '22118083', 'ARISTO SADARMA LUHUR', '1.8875', '2.41666666', '2.205'),
(378, '22118086', 'FRENDY CHARLES TEFBANA', '3.2075', '3', '3.083'),
(380, '22118087', 'FRANSISKUS HERAKLIUS KAKI DOY', '2.795', '2.75', '2.768'),
(382, '22118088', 'HIRONIMUS REBON', '2.25', '1.16666666', '1.6'),
(384, '22118089', 'ARISTIDI MAYA MONIZ', '3.11', '3.04166666', '3.069'),
(386, '22118090', 'PETRUS SANDROLIUS NALDI', '2.85', '1.66666666', '2.14'),
(388, '22118091', 'BERNADUS PAYONG JUNIOR', '2.59', '2.75', '2.686'),
(390, '22118092', 'YAKOBUS SAKA LEWUK', '2.625', '2.58333333', '2.6'),
(392, '22118093', 'PETRUS ERICSON DUA SADA', '2.625', '2.33333333', '2.45'),
(394, '22118094', 'CHARLOS EMANUEL LAWA LEDA', '2.0525', '0', '0.821'),
(396, '22118095', 'ADRIANUS KONO NAIOBE', '2.9825', '2.91666666', '2.943'),
(398, '22118096', 'OCTOVIO ANDRY ALMETH', '1.69', '0', '0.676'),
(400, '22118097', 'MIKSON REFORTMEN MAU', '2.925', '2.79166666', '2.845'),
(402, '22118098', 'HIRONIMUS BAGUL', '2.715', '2.66666666', '2.686'),
(404, '22118099', 'MELYANI KRISTIN DJANDJI', '3.11', '3.33333333', '3.244'),
(406, '22118100', 'AGUSTINUS NAHAK', '2.1025', '2.08333333', '2.091'),
(408, '22118101', 'MARIUS T. LAMAPAHA', '1.9825', '0', '0.793'),
(410, '22118102', 'YUDITHA NOFRIDA NATUN', '2.3025', '1.58333333', '1.871'),
(412, '22118111', 'ALFONSO WILLIAM RESI REO', '2.8075', '2.75', '2.773'),
(414, '22118115', 'Julio Francisco Meco', '1.905', '2.66666666', '2.362'),
(416, '22118117', 'MARKUS REINHART GHARU', '3.185', '3.125', '3.149'),
(418, '22118118', 'REYNALDO YUSUF NOKAS', '2.2975', '2.25', '2.269'),
(420, '22118119', 'EZRA ANDERIAS LAKAPU', '2.015', '0', '0.806'),
(422, '22118120', 'MICHAEL SETYAWAN AGAS', '2.9725', '3.04166666', '3.014'),
(424, '22118121', 'ARIF ARIAMAN RIWU KORE', '3.195', '2.875', '3.003'),
(426, '22119001', 'APRIANUS S. OBA DEDE', '3.395', '0', '1.358'),
(428, '22119002', 'YOHANES RIVALDO SIMOES TAMPING', '2.92', '0', '1.168'),
(430, '22119003', 'VANISIUS BASTEN KEHI', '2.255', '2.29166666', '2.277'),
(432, '22119004', 'FERDINAN KENEDY DAGUNG', '3.1225', '3.25', '3.199'),
(434, '22119005', 'YULIA ISADORA ALVITA GON', '3.3275', '2.95833333', '3.106'),
(436, '22119006', 'EMANUEL LAURENSIUS NIRON', '1.285', '0.16666666', '0.614'),
(438, '22119007', 'SIRILUS KEO', '3.215', '3.125', '3.161'),
(440, '22119008', 'MARTIN LUKAS NUAK', '2.5175', '1.58333333', '1.957'),
(442, '22119009', 'MARIANO OKTAVIANUS ANDRIANTO TOTO', '3.2725', '3.04166666', '3.134'),
(444, '22119010', 'RICARDO V. D. GUSMAO', '2.7525', '2', '2.301'),
(446, '22119011', 'HIERONIMUS GARUNG', '2.845', '2.5', '2.638'),
(448, '22119012', 'CHARLES YOHANES MAU', '2.5375', '2.41666666', '2.465'),
(450, '22119013', 'BERTOLD AMANDO BALAWALA', '2.85', '2', '2.34'),
(452, '22119014', 'DWI PUTRA ERWIN RUIX MB TASO', '1.71', '0.5', '0.984'),
(454, '22119015', 'ROBIANTO RONALDO HALE', '3.3525', '2.91666666', '3.091'),
(456, '22119016', 'YANUARIUS K. TUPENG', '1.5225', '0', '0.609'),
(458, '22119017', 'CHRISTIAN U. KERUNG PAMARA', '2.6225', '0.41666666', '1.299'),
(460, '22119018', 'JOHN ERICSEN SANANG', '2.73', '2.75', '2.742'),
(462, '22119019', 'LABANS FERNANDO MAURE', '2.1275', '1.75', '1.901'),
(464, '22119020', 'METODIUS BANA', '2.1825', '0', '0.873'),
(466, '22119021', 'CHARIUS AGUSTINUS NAHAK', '2.1825', '0', '0.873'),
(468, '22119022', 'MARIA GLORIA E. ABI', '3.1825', '2.41666666', '2.723'),
(470, '22119023', 'JOAN FRANSISCO ROBERT NENOTEK', '2.9625', '2.5', '2.685'),
(472, '22119024', 'YULIUS STEFAN MANUNE', '2.6575', '2.16666666', '2.363'),
(474, '22119025', 'ELVISON S. RIU', '2.62', '1.5', '1.948'),
(476, '22119026', 'DANIAL CHANDRA ADITYA BANAMTUAN', '2.7725', '1.16666666', '1.809'),
(478, '22119027', 'JONATHAN SAMUEL VALEN INABUY', '2.72', '1.91666666', '2.238'),
(480, '22119028', 'JULIO DOS SANTOS', '2.8525', '1.83333333', '2.241'),
(482, '22119029', 'YASINTUS BEGI PERAS', '2.6675', '1.66666666', '2.067'),
(484, '22119030', 'DIONISIUS EGI LALIAN', '2.645', '1.91666666', '2.208'),
(486, '22119031', 'SIMON PETRUS REGI HURYNT', '2.705', '2.66666666', '2.682'),
(488, '22119032', 'WILLYAM YANRYANO ADOE', '1.83', '0', '0.732'),
(490, '22119033', 'FABIANUS LEONARDUS TAEK', '3.0425', '1.66666666', '2.217'),
(492, '22119034', 'MARIANUS PENU', '2.2325', '1.66666666', '1.893'),
(494, '22119035', 'SILVERIUS ALFINO HARTON RUBEN', '1.92', '0', '0.768'),
(496, '22119036', 'ROBELA MARTINS', '2.9075', '2.83333333', '2.863'),
(498, '22119037', 'YUVENTUS D. TASI', '1.82', '0.41666666', '0.978'),
(500, '22119038', 'ANJELINA RETNO AGUSTIN', '1.89', '1.83333333', '1.856'),
(502, '22119039', 'FRANSISKUS STEVEN DULI MANUK', '2.69', '0.83333333', '1.576'),
(504, '22119040', 'VINSENSIUS NAGUR', '2.105', '0', '0.842'),
(506, '22119041', 'EFRENTINUS FA DEY', '0.485', '0', '0.194'),
(508, '22119042', 'Gildesianus J.M. Naiboas', '2.285', '0', '0.914'),
(510, '22119043', 'RONALDUS LAGA KOLOT', '2.035', '0', '0.814'),
(512, '22119044', 'SIRILUS DOLE', '1.79', '0.91666666', '1.266'),
(514, '22119045', 'NATALIA DESDIANA BELLA', '2.7275', '1.83333333', '2.191'),
(516, '22119046', 'DIDAKUS PATI KELEN', '2.885', '3.41666666', '3.204'),
(518, '22119047', 'ANDRE RULENS LENDE TAE', '1.345', '0', '0.538'),
(520, '22119048', 'YOHANES VINSENSIUS MAUBUTI', '2.5075', '2.08333333', '2.253'),
(522, '22119049', 'MARIA GUESEPHINA DEWI SERAN', '2.7175', '2.16666666', '2.387'),
(524, '22119050', 'SIR WICHLIF MAIL', '2.3775', '1.5', '1.851'),
(526, '22119051', 'QUIRINUS PEDRICO YAVAN', '2.415', '0', '0.966'),
(528, '22119052', 'GIUSEPPINA BAKITA NDONA', '1.9825', '1.75', '1.843'),
(530, '22119053', 'YOHANES JOEY MAU BUTI', '3.0375', '2.58333333', '2.765'),
(532, '22119054', 'JOSE CAITANUS MAU', '2.3425', '0.91666666', '1.487'),
(534, '22119055', 'LALU AJI TATA KRAMA', '2.3', '2.75', '2.57'),
(536, '22119056', 'KARBINIANUS TRIATNOMAJI MEI', '2.72', '2.41666666', '2.538'),
(538, '22119057', 'MUHAMAD RIFAIL', '2.47', '2.5', '2.488'),
(540, '22119058', 'AMOS JOACHYM MANEK', '2.4225', '1.75', '2.019'),
(542, '22119059', 'RIVANDY M TUALAKA', '0.94', '0', '0.376'),
(544, '22119060', 'CHRISTAL FREDERIK ESAMI HANAS ELIMANAFE', '3.475', '2.875', '3.115'),
(546, '22119061', 'ARNOLDUS JANSEN CACUNG', '2.7675', '2.33333333', '2.507'),
(548, '22119062', 'ILDA GETRESA KOFAN', '2.6625', '2.33333333', '2.465'),
(550, '22119063', 'FERDINAN ARIFSANTO L. TOKAN', '2.51', '1.58333333', '1.954'),
(552, '22119064', 'CHRISTOFANYA DARLENCE KEO', '2.12', '0', '0.848'),
(554, '22119065', 'REMIGIUS MEAK', '0.945', '0', '0.378'),
(556, '22119066', 'FREDERIKUS ONI SERAN', '1.4975', '0', '0.599'),
(558, '22119067', 'SIMON TOB', '1.7725', '0.5', '1.009'),
(560, '22119068', 'ADRIANUS GAE BONGE', '2.7375', '3.41666666', '3.145'),
(562, '22119069', 'MARIO YOHANES VIANEY MEO', '1.69', '0', '0.676'),
(564, '22119070', 'STELLA MALELAK', '3.22', '3.75', '3.538'),
(566, '22119071', 'DUARTE A. D. SOARES', '2.18', '2.16666666', '2.172'),
(568, '22119072', 'THERESIA CLARESA BUNGA HERIN', '2.8475', '1.75', '2.189'),
(570, '22119073', 'YOSEPH BOLI BLIKOLOLONG', '2.9625', '3.20833333', '3.11'),
(572, '22119074', 'DANIEL RISANTO TNEUP', '2.38', '1.25', '1.702'),
(574, '22119075', 'MARCHIANO STEF JEDAUT', '0.74', '0', '0.296'),
(576, '22119076', 'KENAN RICHARDO MANAFE', '1.065', '0', '0.426'),
(578, '22119077', 'WILDAYANA ILLA', '2.25', '2.58333333', '2.45'),
(580, '22119078', 'OKTOBERTUS OFANSIUS SEA', '1.4225', '0', '0.569'),
(582, '22119079', 'STEVANRICH KERAF TARAPANDJANG', '1.9325', '0', '0.773'),
(584, '22119080', 'FRANSISKUS XAVERIUS IGO RURON', '1.6625', '0', '0.665'),
(586, '22119081', 'ALBERTUS ALEXANDER DOWO HOKON', '1.9375', '1.33333333', '1.575'),
(588, '22119082', 'EUGENIUS RIVALDO DOLO', '0.93', '0.33333333', '0.572'),
(590, '22119083', 'Hardrianus Pasta Rambang', '2.845', '2.95833333', '2.913'),
(592, '22119084', 'SERGIUS NIKOLAUS DALLA UKO', '3.075', '1.83333333', '2.33'),
(594, '22119085', 'PETRUS R. M. JEMPARU', '2.595', '2.33333333', '2.438'),
(596, '22119086', 'FAUSTINO CERQUEIRA.', '0.6325', '0', '0.253'),
(598, '22119087', 'REINALDO LOPES DE SENA', '2.8625', '2.91666666', '2.895'),
(600, '22119088', 'LAURENSIUS ANDY ARKANJU', '1.3275', '0', '0.531'),
(602, '22119089', 'FISCHER NEMESIO TUMBAS', '2.325', '0', '0.93'),
(604, '22119090', 'YOHANES FERNANDO NULLE', '2.1025', '0', '0.841'),
(606, '22119091', 'ARDYANTO NIFU.', '1.91', '0', '0.764'),
(608, '22119092', 'IMANUEL FAOFETO', '2.7475', '0', '1.099'),
(610, '22119093', 'SURYANDA MAHESA TAKA.', '2.38', '2.95833333', '2.727'),
(612, '22119094', 'ANTONIUS VITUS MICHRA SOLO', '2.6775', '2.5', '2.571'),
(614, '22119095', 'MARKUS TEHE AMANNUTUR', '2.5625', '2.66666666', '2.625'),
(616, '22120001', 'Realeno Nanga Umbu Warata', '2.2075', '0.83333333', '1.383'),
(618, '22120002', 'Stefanus Efendi Klau', '2.835', '1.58333333', '2.084'),
(620, '22120003', 'Meki Ariyanto Baitanu', '0.95', '0', '0.38'),
(622, '22120004', 'Yohanes Jefrianus Jehopan', '2.75', '1.66666666', '2.1'),
(624, '22120005', 'Rikardus Satryadi', '2.615', '1.41666666', '1.896'),
(626, '22120006', 'Gregorius Andriyanto Woho Boli', '3.2', '2.20833333', '2.605'),
(628, '22120007', 'Junioriko Moyandi Ndolu', '2.1825', '0', '0.873'),
(630, '22120008', 'Jems Erikh Bessi', '3.165', '2.16666666', '2.566'),
(632, '22120009', 'Odilia Muti', '2.2225', '0', '0.889'),
(634, '22120010', 'Martinus Kurniawan Wilu', '2.3675', '1.41666666', '1.797'),
(636, '22120011', 'Pachomeus Edwin Due Kega', '2.99', '0.33333333', '1.396'),
(638, '22120012', 'Theodorus Leki Nai Doi Diaz', '1.935', '0', '0.774'),
(640, '22120013', 'Andrean Testian Da Gomeks', '2.5575', '0.5', '1.323'),
(642, '22120014', 'Angela Maria Ignasia P. M. Tukan', '3.1625', '1', '1.865'),
(644, '22120015', 'Bazalel Cornelis Kay', '2', '1.25', '1.55'),
(646, '22120016', 'Januarius Boi Lelangona', '3.12', '1.5', '2.148'),
(648, '22120017', 'Stenly Mexy Hariadi Yacob', '2.5825', '0', '1.033'),
(650, '22120018', 'Wilibrodus Tefnai', '2.095', '1.125', '1.513'),
(652, '22120019', 'Elia Yustisia Rofael', '1.575', '0', '0.63'),
(654, '22120020', 'Eufronius Nhak', '2.8', '1.58333333', '2.07'),
(656, '22120021', 'Yonit Neslaka', '2.44', '1.58333333', '1.926'),
(658, '22120022', 'Salomo Kamata', '2.635', '0', '1.054'),
(660, '22120023', 'Arini Aprili Pallo', '2.885', '1.25', '1.904'),
(662, '22120024', 'Fransiskus Emanuel Jemali', '1.6625', '0', '0.665'),
(664, '22120025', 'Lorenso Dvg Sakera', '2.9175', '0.5', '1.467'),
(666, '22120026', 'Melkyanus Dino Rikardus', '2.2925', '0.83333333', '1.417'),
(668, '22120027', 'Taruna Alamsyah', '2.475', '0.91666666', '1.54'),
(670, '22120028', 'Oswaldus Suryo Jakarpu', '1.9875', '0.625', '1.17'),
(672, '22120029', 'Aristo Bao', '1.93', '0', '0.772'),
(674, '22120030', 'Chatarine Elisa Pedan', '2.8775', '1.75', '2.201'),
(676, '22120031', 'Maixstefen Sophiyan Ledoh', '2.9475', '2', '2.379'),
(678, '22120032', 'Herbert Ibrahim Dethan', '3.055', '1.91666666', '2.372'),
(680, '22120033', 'Theresia Dos Santos', '1.81', '0', '0.724'),
(682, '22120034', 'Jourdi Alexandro Seran', '2.4475', '2.125', '2.254'),
(684, '22120035', 'Aleksander Binsasi', '1.905', '0', '0.762'),
(686, '22120036', 'Melania Charlydino Paga', '2.655', '0.58333333', '1.412'),
(688, '22120037', 'Andrew W. O. Messakh', '3.185', '1.16666666', '1.974'),
(690, '22120038', 'Evang Edito Klakik', '3.045', '1.41666666', '2.068'),
(692, '22120039', 'Florensius Ola Ile', '2.9125', '1.41666666', '2.015'),
(694, '22120040', 'Abraham Babys', '2.285', '0.91666666', '1.464'),
(696, '22120041', 'Marche Seli', '3.355', '2.125', '2.617'),
(698, '22120042', 'Ardryominto P. L. W. Ate Lende', '3.28', '0.75', '1.762'),
(700, '22120043', 'Zenon Alezandro Batistuta Werner', '1.58', '0', '0.632'),
(702, '22120044', 'Anselmus Farianus Jensen', '2.87', '1.41666666', '1.998'),
(704, '22120045', 'Sigibertus Riato Manek', '0.905', '0', '0.362'),
(706, '22120046', 'Frengki Boy Akulas', '2.48', '1.41666666', '1.842'),
(708, '22120047', 'Rani Mersianus Lalang', '0.785', '0', '0.314'),
(710, '22120048', 'Mikael Mendu Karo Sare', '1.4325', '0', '0.573'),
(712, '22120049', 'Rinaldy Marcelino Tungga', '2.15', '0', '0.86'),
(714, '22120051', 'Januario Xaverius Bone', '2.725', '0.66666666', '1.49'),
(716, '22120052', 'Julmiro Baltasar Sila', '1.46', '0', '0.584'),
(718, '22120053', 'Godelfridus Avelino Bere', '2.7175', '1', '1.687'),
(720, '22120054', 'Nuh Henukh Maifa', '2.47', '0.91666666', '1.538'),
(722, '22120055', 'Yohanes Putradius Naibina', '0.3', '0', '0.12'),
(724, '22120056', 'Tiara Priska Fernandez', '2.9375', '1.33333333', '1.975'),
(726, '22120057', 'Gabriel Suryanto Pires Amaral', '2.5775', '0.75', '1.481'),
(728, '22120058', 'Cindi Halena Wambore Noya', '2.8575', '1.5', '2.043'),
(730, '22120059', 'Putri Eunike Marjelintotunbonat', '1.505', '0.625', '0.977'),
(732, '22120060', 'Silverius Alfino Harton Ruben', '0.75', '0', '0.3'),
(734, '22120061', 'Andrianus Prasasto', '2.94', '1.91666666', '2.326'),
(736, '22120062', 'Maria Kresensia Tuga', '3.1525', '1.66666666', '2.261'),
(738, '22120063', 'Darius Atakari', '2.635', '1.08333333', '1.704'),
(740, '22120064', 'Erentus Latong', '3.21', '2.20833333', '2.609'),
(742, '22120065', 'Osvaldo Ocendaho Nindir Sasela', '1.4425', '0', '0.577'),
(744, '22120066', 'Arnoldus Aditya Aran Tokan', '1.6625', '0.16666666', '0.765'),
(746, '22120067', 'Ansila Maria Elisa Bria', '2.82', '0.83333333', '1.628'),
(748, '22120068', 'Heribertus Sandri Paus', '3.12', '1.54166666', '2.173'),
(750, '22120069', 'Silvester Manu', '2.3575', '1', '1.543'),
(752, '22120070', 'Paulus Heriadi Tafoki Syamsudin', '2.255', '0.66666666', '1.302');

-- --------------------------------------------------------

--
-- Struktur dari tabel `data_testing`
--

CREATE TABLE `data_testing` (
  `id_testing` int(11) NOT NULL,
  `nim` varchar(20) NOT NULL,
  `nama` varchar(75) NOT NULL,
  `nilai_rata_rata_ipk` char(10) NOT NULL,
  `nilai_rata_rata_spa` char(10) NOT NULL,
  `nilai_rata_rata` char(10) NOT NULL
) ENGINE=InnoDB DEFAULT CHARSET=utf8mb4;

--
-- Dumping data untuk tabel `data_testing`
--

INSERT INTO `data_testing` (`id_testing`, `nim`, `nama`, `nilai_rata_rata_ipk`, `nilai_rata_rata_spa`, `nilai_rata_rata`) VALUES
(1, '23118036', 'Arlan Butar Butar', '2.7', '2.43666666', '2.542');

-- --------------------------------------------------------

--
-- Struktur dari tabel `ipk_latih`
--

CREATE TABLE `ipk_latih` (
  `id_ipk_latih` int(11) NOT NULL,
  `id_latih` int(11) NOT NULL,
  `id_status_ipk` int(11) NOT NULL,
  `nilai_ipk` char(10) NOT NULL
) ENGINE=InnoDB DEFAULT CHARSET=utf8mb4;

--
-- Dumping data untuk tabel `ipk_latih`
--

INSERT INTO `ipk_latih` (`id_ipk_latih`, `id_latih`, `id_status_ipk`, `nilai_ipk`) VALUES
(12648, 2, 1, '2.44'),
(12649, 2, 2, '1.94'),
(12650, 2, 3, '1.93'),
(12651, 2, 4, '1.49'),
(12652, 4, 1, '2.47'),
(12653, 4, 2, '1.31'),
(12654, 4, 3, '1.65'),
(12655, 4, 4, '1.28'),
(12656, 6, 1, '1.84'),
(12657, 6, 2, '1.47'),
(12658, 6, 3, '1.71'),
(12659, 6, 4, '1.91'),
(12660, 8, 1, '2.67'),
(12661, 8, 2, '2.71'),
(12662, 8, 3, '2.69'),
(12663, 8, 4, '2.68'),
(12664, 10, 1, '3.08'),
(12665, 10, 2, '2.98'),
(12666, 10, 3, '2.99'),
(12667, 10, 4, '2.97'),
(12668, 12, 1, '2.5'),
(12669, 12, 2, '2.75'),
(12670, 12, 3, '2.8'),
(12671, 12, 4, '2.76'),
(12672, 14, 1, '3.31'),
(12673, 14, 2, '3.3'),
(12674, 14, 3, '3.29'),
(12675, 14, 4, '3.21'),
(12676, 16, 1, '3'),
(12677, 16, 2, '3.06'),
(12678, 16, 3, '2.96'),
(12679, 16, 4, '2.87'),
(12680, 18, 1, '3.06'),
(12681, 18, 2, '3.01'),
(12682, 18, 3, '2.94'),
(12683, 18, 4, '2.95'),
(12684, 20, 1, '2.65'),
(12685, 20, 2, '0'),
(12686, 20, 3, '2.82'),
(12687, 20, 4, '2.82'),
(12688, 22, 1, '2.83'),
(12689, 22, 2, '1.57'),
(12690, 22, 3, '1.75'),
(12691, 22, 4, '1.9'),
(12692, 24, 1, '3.19'),
(12693, 24, 2, '3.24'),
(12694, 24, 3, '3.18'),
(12695, 24, 4, '3.11'),
(12696, 26, 1, '1.55'),
(12697, 26, 2, '1.55'),
(12698, 26, 3, '1.75'),
(12699, 26, 4, '1.9'),
(12700, 28, 1, '1.17'),
(12701, 28, 2, '1.75'),
(12702, 28, 3, '1.93'),
(12703, 28, 4, '1.84'),
(12704, 30, 1, '2.5'),
(12705, 30, 2, '2.41'),
(12706, 30, 3, '2.4'),
(12707, 30, 4, '2.25'),
(12708, 32, 1, '2.64'),
(12709, 32, 2, '2.35'),
(12710, 32, 3, '2.53'),
(12711, 32, 4, '2.43'),
(12712, 34, 1, '1.95'),
(12713, 34, 2, '1.39'),
(12714, 34, 3, '1.5'),
(12715, 34, 4, '1.6'),
(12716, 36, 1, '2.45'),
(12717, 36, 2, '2.35'),
(12718, 36, 3, '2.4'),
(12719, 36, 4, '2.3'),
(12720, 38, 1, '1.55'),
(12721, 38, 2, '1.28'),
(12722, 38, 3, '1.55'),
(12723, 38, 4, '1.52'),
(12724, 40, 1, '2.31'),
(12725, 40, 2, '2.74'),
(12726, 40, 3, '2.35'),
(12727, 40, 4, '1.88'),
(12728, 42, 1, '2.67'),
(12729, 42, 2, '2.28'),
(12730, 42, 3, '2.21'),
(12731, 42, 4, '2.17'),
(12732, 44, 1, '2.67'),
(12733, 44, 2, '2.1'),
(12734, 44, 3, '2.34'),
(12735, 44, 4, '2.41'),
(12736, 46, 1, '2.39'),
(12737, 46, 2, '2.6'),
(12738, 46, 3, '2.78'),
(12739, 46, 4, '2.84'),
(12740, 48, 1, '2'),
(12741, 48, 2, '1.83'),
(12742, 48, 3, '1.24'),
(12743, 48, 4, '0.98'),
(12744, 50, 1, '3.11'),
(12745, 50, 2, '3.15'),
(12746, 50, 3, '3.05'),
(12747, 50, 4, '2.63'),
(12748, 52, 1, '2.67'),
(12749, 52, 2, '2.96'),
(12750, 52, 3, '3.03'),
(12751, 52, 4, '3.06'),
(12752, 54, 1, '2.5'),
(12753, 54, 2, '2.65'),
(12754, 54, 3, '2.76'),
(12755, 54, 4, '2.84'),
(12756, 56, 1, '1.22'),
(12757, 56, 2, '3.08'),
(12758, 56, 3, '1.34'),
(12759, 56, 4, '1.05'),
(12760, 58, 1, '2.78'),
(12761, 58, 2, '3.08'),
(12762, 58, 3, '2.97'),
(12763, 58, 4, '2.89'),
(12764, 60, 1, '2.67'),
(12765, 60, 2, '2.62'),
(12766, 60, 3, '2.86'),
(12767, 60, 4, '2.83'),
(12768, 62, 1, '2.25'),
(12769, 62, 2, '2.76'),
(12770, 62, 3, '2.78'),
(12771, 62, 4, '2.65'),
(12772, 64, 1, '2.65'),
(12773, 64, 2, '2.8'),
(12774, 64, 3, '2.87'),
(12775, 64, 4, '2.87'),
(12776, 66, 1, '1.95'),
(12777, 66, 2, '1.56'),
(12778, 66, 3, '1.64'),
(12779, 66, 4, '1.64'),
(12780, 68, 1, '2.06'),
(12781, 68, 2, '2.49'),
(12782, 68, 3, '2.57'),
(12783, 68, 4, '2.53'),
(12784, 70, 1, '3.05'),
(12785, 70, 2, '3.06'),
(12786, 70, 3, '2.87'),
(12787, 70, 4, '2.72'),
(12788, 72, 1, '2.94'),
(12789, 72, 2, '2.91'),
(12790, 72, 3, '3.11'),
(12791, 72, 4, '3.03'),
(12792, 74, 1, '2.3'),
(12793, 74, 2, '2.12'),
(12794, 74, 3, '2.26'),
(12795, 74, 4, '2.31'),
(12796, 76, 1, '2.63'),
(12797, 76, 2, '3.08'),
(12798, 76, 3, '3.09'),
(12799, 76, 4, '3.01'),
(12800, 78, 1, '2.69'),
(12801, 78, 2, '2.91'),
(12802, 78, 3, '3.01'),
(12803, 78, 4, '2.96'),
(12804, 80, 1, '3.11'),
(12805, 80, 2, '3.24'),
(12806, 80, 3, '3.28'),
(12807, 80, 4, '3.22'),
(12808, 82, 1, '2.36'),
(12809, 82, 2, '2.7'),
(12810, 82, 3, '2.64'),
(12811, 82, 4, '2.66'),
(12812, 84, 1, '2'),
(12813, 84, 2, '2.46'),
(12814, 84, 3, '2.72'),
(12815, 84, 4, '2.68'),
(12816, 86, 1, '2.56'),
(12817, 86, 2, '2.29'),
(12818, 86, 3, '2.2'),
(12819, 86, 4, '2.14'),
(12820, 88, 1, '2.06'),
(12821, 88, 2, '2.44'),
(12822, 88, 3, '2.51'),
(12823, 88, 4, '2.39'),
(12824, 90, 1, '2.17'),
(12825, 90, 2, '2.38'),
(12826, 90, 3, '2.46'),
(12827, 90, 4, '2.49'),
(12828, 92, 1, '2.5'),
(12829, 92, 2, '2.7'),
(12830, 92, 3, '2.84'),
(12831, 92, 4, '2.84'),
(12832, 94, 1, '2.4'),
(12833, 94, 2, '2.31'),
(12834, 94, 3, '1.84'),
(12835, 94, 4, '1.59'),
(12836, 96, 1, '2.08'),
(12837, 96, 2, '2.53'),
(12838, 96, 3, '2.64'),
(12839, 96, 4, '2.65'),
(12840, 98, 1, '2.97'),
(12841, 98, 2, '2.96'),
(12842, 98, 3, '2.95'),
(12843, 98, 4, '2.95'),
(12844, 100, 1, '2'),
(12845, 100, 2, '2.75'),
(12846, 100, 3, '2.39'),
(12847, 100, 4, '2.36'),
(12848, 102, 1, '2.3'),
(12849, 102, 2, '2.12'),
(12850, 102, 3, '2.08'),
(12851, 102, 4, '2.08'),
(12852, 104, 1, '2.67'),
(12853, 104, 2, '2.5'),
(12854, 104, 3, '2.44'),
(12855, 104, 4, '2.35'),
(12856, 106, 1, '2.89'),
(12857, 106, 2, '3.01'),
(12858, 106, 3, '2.97'),
(12859, 106, 4, '3.03'),
(12860, 108, 1, '2.89'),
(12861, 108, 2, '3.06'),
(12862, 108, 3, '3.13'),
(12863, 108, 4, '3.17'),
(12864, 110, 1, '1.78'),
(12865, 110, 2, '1.65'),
(12866, 110, 3, '1.18'),
(12867, 110, 4, '1.18'),
(12868, 112, 1, '3.61'),
(12869, 112, 2, '3.66'),
(12870, 112, 3, '3.66'),
(12871, 112, 4, '3.63'),
(12872, 114, 1, '3.66'),
(12873, 114, 2, '3.68'),
(12874, 114, 3, '3.66'),
(12875, 114, 4, '3.67'),
(12876, 116, 1, '2.59'),
(12877, 116, 2, '2.57'),
(12878, 116, 3, '2.77'),
(12879, 116, 4, '2.88'),
(12880, 118, 1, '2.64'),
(12881, 118, 2, '2.85'),
(12882, 118, 3, '2.82'),
(12883, 118, 4, '2.86'),
(12884, 120, 1, '3.73'),
(12885, 120, 2, '3.53'),
(12886, 120, 3, '3.44'),
(12887, 120, 4, '3.45'),
(12888, 122, 1, '2.9'),
(12889, 122, 2, '2.69'),
(12890, 122, 3, '2.73'),
(12891, 122, 4, '2.86'),
(12892, 124, 1, '3.2'),
(12893, 124, 2, '3.05'),
(12894, 124, 3, '2.62'),
(12895, 124, 4, '2.17'),
(12896, 126, 1, '3.36'),
(12897, 126, 2, '2.97'),
(12898, 126, 3, '2.86'),
(12899, 126, 4, '2.54'),
(12900, 128, 1, '2.75'),
(12901, 128, 2, '2.3'),
(12902, 128, 3, '2.34'),
(12903, 128, 4, '2.38'),
(12904, 130, 1, '3.11'),
(12905, 130, 2, '3.25'),
(12906, 130, 3, '3.24'),
(12907, 130, 4, '3.22'),
(12908, 132, 1, '2.66'),
(12909, 132, 2, '2.75'),
(12910, 132, 3, '2.81'),
(12911, 132, 4, '2.8'),
(12912, 134, 1, '3.23'),
(12913, 134, 2, '3.33'),
(12914, 134, 3, '3.37'),
(12915, 134, 4, '3.39'),
(12916, 136, 1, '2.68'),
(12917, 136, 2, '2.73'),
(12918, 136, 3, '2.43'),
(12919, 136, 4, '2.12'),
(12920, 138, 1, '2.43'),
(12921, 138, 2, '2.61'),
(12922, 138, 3, '2.44'),
(12923, 138, 4, '2.2'),
(12924, 140, 1, '3.2'),
(12925, 140, 2, '3.31'),
(12926, 140, 3, '3.34'),
(12927, 140, 4, '3.37'),
(12928, 142, 1, '1.91'),
(12929, 142, 2, '1.93'),
(12930, 142, 3, '2.18'),
(12931, 142, 4, '2.32'),
(12932, 144, 1, '2.86'),
(12933, 144, 2, '2.74'),
(12934, 144, 3, '2.73'),
(12935, 144, 4, '2.61'),
(12936, 146, 1, '2.95'),
(12937, 146, 2, '2.8'),
(12938, 146, 3, '2.89'),
(12939, 146, 4, '2.89'),
(12940, 148, 1, '2.45'),
(12941, 148, 2, '2.25'),
(12942, 148, 3, '1.97'),
(12943, 148, 4, '2.08'),
(12944, 150, 1, '2.93'),
(12945, 150, 2, '2.85'),
(12946, 150, 3, '2.9'),
(12947, 150, 4, '2.9'),
(12948, 152, 1, '2.84'),
(12949, 152, 2, '2.7'),
(12950, 152, 3, '2.12'),
(12951, 152, 4, '2.16'),
(12952, 154, 1, '2.98'),
(12953, 154, 2, '3.01'),
(12954, 154, 3, '3.06'),
(12955, 154, 4, '2.95'),
(12956, 156, 1, '2.18'),
(12957, 156, 2, '2.35'),
(12958, 156, 3, '2.43'),
(12959, 156, 4, '2.45'),
(12960, 158, 1, '2'),
(12961, 158, 2, '2'),
(12962, 158, 3, '1.97'),
(12963, 158, 4, '2.04'),
(12964, 160, 1, '3.14'),
(12965, 160, 2, '3'),
(12966, 160, 3, '3.11'),
(12967, 160, 4, '3.13'),
(12968, 162, 1, '3.23'),
(12969, 162, 2, '3.14'),
(12970, 162, 3, '3.19'),
(12971, 162, 4, '3.17'),
(12972, 164, 1, '3.32'),
(12973, 164, 2, '3.27'),
(12974, 164, 3, '3.37'),
(12975, 164, 4, '3.38'),
(12976, 166, 1, '3.05'),
(12977, 166, 2, '2.9'),
(12978, 166, 3, '2.93'),
(12979, 166, 4, '2.96'),
(12980, 168, 1, '2.95'),
(12981, 168, 2, '2.48'),
(12982, 168, 3, '2.55'),
(12983, 168, 4, '2.53'),
(12984, 170, 1, '2.73'),
(12985, 170, 2, '2.73'),
(12986, 170, 3, '2.55'),
(12987, 170, 4, '2.65'),
(12988, 172, 1, '2.5'),
(12989, 172, 2, '2.17'),
(12990, 172, 3, '2.37'),
(12991, 172, 4, '2.45'),
(12992, 174, 1, '3.18'),
(12993, 174, 2, '3'),
(12994, 174, 3, '3.05'),
(12995, 174, 4, '3.17'),
(12996, 176, 1, '2.35'),
(12997, 176, 2, '1.65'),
(12998, 176, 3, '1.87'),
(12999, 176, 4, '2.05'),
(13000, 178, 1, '2.23'),
(13001, 178, 2, '2.21'),
(13002, 178, 3, '2.08'),
(13003, 178, 4, '1.87'),
(13004, 180, 1, '1.91'),
(13005, 180, 2, '1.94'),
(13006, 180, 3, '2.12'),
(13007, 180, 4, '2.23'),
(13008, 182, 1, '2.7'),
(13009, 182, 2, '2.42'),
(13010, 182, 3, '2.51'),
(13011, 182, 4, '2.34'),
(13012, 184, 1, '2.48'),
(13013, 184, 2, '2.39'),
(13014, 184, 3, '2.39'),
(13015, 184, 4, '2.2'),
(13016, 186, 1, '2.73'),
(13017, 186, 2, '2.46'),
(13018, 186, 3, '2.67'),
(13019, 186, 4, '2.86'),
(13020, 188, 1, '2.9'),
(13021, 188, 2, '2.24'),
(13022, 188, 3, '2.45'),
(13023, 188, 4, '2.28'),
(13024, 190, 1, '2.09'),
(13025, 190, 2, '2.2'),
(13026, 190, 3, '2.33'),
(13027, 190, 4, '2.41'),
(13028, 192, 1, '3'),
(13029, 192, 2, '2.56'),
(13030, 192, 3, '2.77'),
(13031, 192, 4, '2.94'),
(13032, 194, 1, '3.3'),
(13033, 194, 2, '2.74'),
(13034, 194, 3, '2.79'),
(13035, 194, 4, '2.74'),
(13036, 196, 1, '2.84'),
(13037, 196, 2, '2.45'),
(13038, 196, 3, '2.52'),
(13039, 196, 4, '2.54'),
(13040, 198, 1, '2.75'),
(13041, 198, 2, '2.63'),
(13042, 198, 3, '2.77'),
(13043, 198, 4, '2.87'),
(13044, 200, 1, '3.03'),
(13045, 200, 2, '2.79'),
(13046, 200, 3, '2.84'),
(13047, 200, 4, '3.03'),
(13048, 202, 1, '2.61'),
(13049, 202, 2, '2.18'),
(13050, 202, 3, '2.28'),
(13051, 202, 4, '1.92'),
(13052, 204, 1, '2.55'),
(13053, 204, 2, '2.31'),
(13054, 204, 3, '2.37'),
(13055, 204, 4, '2.17'),
(13056, 206, 1, '3.23'),
(13057, 206, 2, '3.1'),
(13058, 206, 3, '3.16'),
(13059, 206, 4, '3.07'),
(13060, 208, 1, '3.05'),
(13061, 208, 2, '2.59'),
(13062, 208, 3, '2.76'),
(13063, 208, 4, '2.86'),
(13064, 210, 1, '3.14'),
(13065, 210, 2, '3.09'),
(13066, 210, 3, '3.09'),
(13067, 210, 4, '2.85'),
(13068, 212, 1, '2.95'),
(13069, 212, 2, '2.55'),
(13070, 212, 3, '2.25'),
(13071, 212, 4, '2.39'),
(13072, 214, 1, '3.07'),
(13073, 214, 2, '2.98'),
(13074, 214, 3, '3.06'),
(13075, 214, 4, '3.01'),
(13076, 216, 1, '2.52'),
(13077, 216, 2, '2.39'),
(13078, 216, 3, '2.27'),
(13079, 216, 4, '2.47'),
(13080, 218, 1, '2.64'),
(13081, 218, 2, '2.43'),
(13082, 218, 3, '2.48'),
(13083, 218, 4, '2.51'),
(13084, 220, 1, '2.5'),
(13085, 220, 2, '2'),
(13086, 220, 3, '1.78'),
(13087, 220, 4, '2.13'),
(13088, 222, 1, '3'),
(13089, 222, 2, '2.73'),
(13090, 222, 3, '1.78'),
(13091, 222, 4, '2.81'),
(13092, 224, 1, '2.41'),
(13093, 224, 2, '2.15'),
(13094, 224, 3, '2'),
(13095, 224, 4, '2.3'),
(13096, 226, 1, '2.98'),
(13097, 226, 2, '2.48'),
(13098, 226, 3, '2.53'),
(13099, 226, 4, '2.72'),
(13100, 228, 1, '3.05'),
(13101, 228, 2, '3.1'),
(13102, 228, 3, '3.02'),
(13103, 228, 4, '2.44'),
(13104, 230, 1, '2.36'),
(13105, 230, 2, '2'),
(13106, 230, 3, '2.06'),
(13107, 230, 4, '2.13'),
(13108, 232, 1, '3.2'),
(13109, 232, 2, '2.89'),
(13110, 232, 3, '2.8'),
(13111, 232, 4, '2.98'),
(13112, 234, 1, '3.5'),
(13113, 234, 2, '3.44'),
(13114, 234, 3, '3.44'),
(13115, 234, 4, '3.49'),
(13116, 236, 1, '2.86'),
(13117, 236, 2, '3.08'),
(13118, 236, 3, '3.11'),
(13119, 236, 4, '3.18'),
(13120, 238, 1, '3.2'),
(13121, 238, 2, '3.2'),
(13122, 238, 3, '3.23'),
(13123, 238, 4, '3.31'),
(13124, 240, 1, '3'),
(13125, 240, 2, '2.82'),
(13126, 240, 3, '2.81'),
(13127, 240, 4, '3'),
(13128, 242, 1, '2.14'),
(13129, 242, 2, '1.7'),
(13130, 242, 3, '1.86'),
(13131, 242, 4, '1.8'),
(13132, 244, 1, '3.25'),
(13133, 244, 2, '3.24'),
(13134, 244, 3, '3.22'),
(13135, 244, 4, '3.26'),
(13136, 246, 1, '2.84'),
(13137, 246, 2, '1.49'),
(13138, 246, 3, '1.6'),
(13139, 246, 4, '2.04'),
(13140, 248, 1, '2.18'),
(13141, 248, 2, '2.05'),
(13142, 248, 3, '1.81'),
(13143, 248, 4, '2.02'),
(13144, 250, 1, '2.05'),
(13145, 250, 2, '1.75'),
(13146, 250, 3, '1.94'),
(13147, 250, 4, '2.12'),
(13148, 252, 1, '3.02'),
(13149, 252, 2, '2.66'),
(13150, 252, 3, '2.68'),
(13151, 252, 4, '2.68'),
(13152, 254, 1, '2.77'),
(13153, 254, 2, '2.82'),
(13154, 254, 3, '2.97'),
(13155, 254, 4, '3.12'),
(13156, 256, 1, '0.41'),
(13157, 256, 2, '0.26'),
(13158, 256, 3, '0.39'),
(13159, 256, 4, '0.38'),
(13160, 258, 1, '0.9'),
(13161, 258, 2, '0.79'),
(13162, 258, 3, '0.61'),
(13163, 258, 4, '0.8'),
(13164, 260, 1, '2.66'),
(13165, 260, 2, '2.51'),
(13166, 260, 3, '2.39'),
(13167, 260, 4, '2.55'),
(13168, 262, 1, '0.36'),
(13169, 262, 2, '0.24'),
(13170, 262, 3, '0.59'),
(13171, 262, 4, '0.5'),
(13172, 264, 1, '2.18'),
(13173, 264, 2, '2.04'),
(13174, 264, 3, '1.99'),
(13175, 264, 4, '2.23'),
(13176, 266, 1, '2.39'),
(13177, 266, 2, '2.51'),
(13178, 266, 3, '2.56'),
(13179, 266, 4, '2.69'),
(13180, 268, 1, '2.64'),
(13181, 268, 2, '2.02'),
(13182, 268, 3, '2.14'),
(13183, 268, 4, '2.02'),
(13184, 270, 1, '2.83'),
(13185, 270, 2, '2.37'),
(13186, 270, 3, '2.39'),
(13187, 270, 4, '2.62'),
(13188, 272, 1, '2.95'),
(13189, 272, 2, '2.87'),
(13190, 272, 3, '2.85'),
(13191, 272, 4, '2.87'),
(13192, 274, 1, '2.68'),
(13193, 274, 2, '1.88'),
(13194, 274, 3, '1.88'),
(13195, 274, 4, '1.44'),
(13196, 276, 1, '3.05'),
(13197, 276, 2, '3'),
(13198, 276, 3, '2.2'),
(13199, 276, 4, '2.4'),
(13200, 278, 1, '2.84'),
(13201, 278, 2, '2.79'),
(13202, 278, 3, '2.06'),
(13203, 278, 4, '2.4'),
(13204, 280, 1, '3.07'),
(13205, 280, 2, '3.01'),
(13206, 280, 3, '3.09'),
(13207, 280, 4, '3.07'),
(13208, 282, 1, '3.25'),
(13209, 282, 2, '3.33'),
(13210, 282, 3, '3.45'),
(13211, 282, 4, '3.43'),
(13212, 284, 1, '3.3'),
(13213, 284, 2, '1.69'),
(13214, 284, 3, '1.75'),
(13215, 284, 4, '1.9'),
(13216, 286, 1, '3.39'),
(13217, 286, 2, '3.44'),
(13218, 286, 3, '3.46'),
(13219, 286, 4, '3.3'),
(13220, 288, 1, '2.89'),
(13221, 288, 2, '2.79'),
(13222, 288, 3, '2.94'),
(13223, 288, 4, '2.73'),
(13224, 290, 1, '2.82'),
(13225, 290, 2, '2.85'),
(13226, 290, 3, '2.87'),
(13227, 290, 4, '2.81'),
(13228, 292, 1, '2.18'),
(13229, 292, 2, '2.33'),
(13230, 292, 3, '1.7'),
(13231, 292, 4, '1.9'),
(13232, 294, 1, '2.98'),
(13233, 294, 2, '2.51'),
(13234, 294, 3, '2.43'),
(13235, 294, 4, '2.38'),
(13236, 296, 1, '3.16'),
(13237, 296, 2, '3.32'),
(13238, 296, 3, '3.29'),
(13239, 296, 4, '3.23'),
(13240, 298, 1, '3.18'),
(13241, 298, 2, '2.88'),
(13242, 298, 3, '2.74'),
(13243, 298, 4, '2.79'),
(13244, 300, 1, '3.16'),
(13245, 300, 2, '2.77'),
(13246, 300, 3, '0'),
(13247, 300, 4, '2.72'),
(13248, 302, 1, '2.73'),
(13249, 302, 2, '2.6'),
(13250, 302, 3, '2.58'),
(13251, 302, 4, '2.63'),
(13252, 304, 1, '2.84'),
(13253, 304, 2, '2.63'),
(13254, 304, 3, '2.71'),
(13255, 304, 4, '2.63'),
(13256, 306, 1, '1.55'),
(13257, 306, 2, '1.9'),
(13258, 306, 3, '1'),
(13259, 306, 4, '2.63'),
(13260, 308, 1, '2.27'),
(13261, 308, 2, '1.9'),
(13262, 308, 3, '1.92'),
(13263, 308, 4, '1'),
(13264, 310, 1, '3.3'),
(13265, 310, 2, '3.1'),
(13266, 310, 3, '3.3'),
(13267, 310, 4, '3.27'),
(13268, 312, 1, '3.36'),
(13269, 312, 2, '3.34'),
(13270, 312, 3, '3.44'),
(13271, 312, 4, '3.46'),
(13272, 314, 1, '2.64'),
(13273, 314, 2, '2.73'),
(13274, 314, 3, '2.57'),
(13275, 314, 4, '0'),
(13276, 316, 1, '2.64'),
(13277, 316, 2, '2.49'),
(13278, 316, 3, '2.24'),
(13279, 316, 4, '1.91'),
(13280, 318, 1, '3'),
(13281, 318, 2, '2.96'),
(13282, 318, 3, '2.76'),
(13283, 318, 4, '2.63'),
(13284, 320, 1, '3.36'),
(13285, 320, 2, '3.4'),
(13286, 320, 3, '2.76'),
(13287, 320, 4, '3.35'),
(13288, 322, 1, '2.8'),
(13289, 322, 2, '2.77'),
(13290, 322, 3, '2.84'),
(13291, 322, 4, '2.15'),
(13292, 324, 1, '2.8'),
(13293, 324, 2, '2.39'),
(13294, 324, 3, '0'),
(13295, 324, 4, '2.51'),
(13296, 326, 1, '2.93'),
(13297, 326, 2, '2.95'),
(13298, 326, 3, '2.98'),
(13299, 326, 4, '2.94'),
(13300, 328, 1, '3.07'),
(13301, 328, 2, '3.17'),
(13302, 328, 3, '3.1'),
(13303, 328, 4, '3'),
(13304, 330, 1, '2.41'),
(13305, 330, 2, '1.39'),
(13306, 330, 3, '1.8'),
(13307, 330, 4, '2.93'),
(13308, 332, 1, '2.16'),
(13309, 332, 2, '1.71'),
(13310, 332, 3, '1.36'),
(13311, 332, 4, '1.25'),
(13312, 334, 1, '2.05'),
(13313, 334, 2, '1.34'),
(13314, 334, 3, '1.52'),
(13315, 334, 4, '1.63'),
(13316, 336, 1, '3.02'),
(13317, 336, 2, '2.88'),
(13318, 336, 3, '2.79'),
(13319, 336, 4, '2.78'),
(13320, 338, 1, '2.48'),
(13321, 338, 2, '2.49'),
(13322, 338, 3, '2.26'),
(13323, 338, 4, '2.18'),
(13324, 340, 1, '2.77'),
(13325, 340, 2, '2.52'),
(13326, 340, 3, '2.58'),
(13327, 340, 4, '2.44'),
(13328, 342, 1, '3.36'),
(13329, 342, 2, '3.43'),
(13330, 342, 3, '3.5'),
(13331, 342, 4, '3.47'),
(13332, 344, 1, '3.3'),
(13333, 344, 2, '3.33'),
(13334, 344, 3, '3.29'),
(13335, 344, 4, '3.3'),
(13336, 346, 1, '2.73'),
(13337, 346, 2, '2.44'),
(13338, 346, 3, '2.41'),
(13339, 346, 4, '2.4'),
(13340, 348, 1, '3.45'),
(13341, 348, 2, '3.35'),
(13342, 348, 3, '3.23'),
(13343, 348, 4, '3.1'),
(13344, 350, 1, '2.77'),
(13345, 350, 2, '2.77'),
(13346, 350, 3, '2.81'),
(13347, 350, 4, '2.85'),
(13348, 352, 1, '1.55'),
(13349, 352, 2, '1.69'),
(13350, 352, 3, '1.76'),
(13351, 352, 4, '1.63'),
(13352, 354, 1, '1.73'),
(13353, 354, 2, '1.91'),
(13354, 354, 3, '1.85'),
(13355, 354, 4, '1.83'),
(13356, 356, 1, '2.66'),
(13357, 356, 2, '2.37'),
(13358, 356, 3, '2.05'),
(13359, 356, 4, '2.1'),
(13360, 358, 1, '1.82'),
(13361, 358, 2, '1.56'),
(13362, 358, 3, '1.17'),
(13363, 358, 4, '0.93'),
(13364, 360, 1, '2.73'),
(13365, 360, 2, '2.63'),
(13366, 360, 3, '2.67'),
(13367, 360, 4, '2.63'),
(13368, 362, 1, '3.09'),
(13369, 362, 2, '2.98'),
(13370, 362, 3, '2.98'),
(13371, 362, 4, '2.9'),
(13372, 364, 1, '3.3'),
(13373, 364, 2, '3.11'),
(13374, 364, 3, '3.08'),
(13375, 364, 4, '3.06'),
(13376, 366, 1, '2.95'),
(13377, 366, 2, '2.78'),
(13378, 366, 3, '2.84'),
(13379, 366, 4, '2.39'),
(13380, 368, 1, '3'),
(13381, 368, 2, '2.92'),
(13382, 368, 3, '3.01'),
(13383, 368, 4, '3.02'),
(13384, 370, 1, '2.68'),
(13385, 370, 2, '2.53'),
(13386, 370, 3, '2.22'),
(13387, 370, 4, '2.15'),
(13388, 372, 1, '3.3'),
(13389, 372, 2, '3.25'),
(13390, 372, 3, '3.35'),
(13391, 372, 4, '3.39'),
(13392, 374, 1, '2.52'),
(13393, 374, 2, '2.23'),
(13394, 374, 3, '2.38'),
(13395, 374, 4, '2.49'),
(13396, 376, 1, '1.41'),
(13397, 376, 2, '1.77'),
(13398, 376, 3, '2.12'),
(13399, 376, 4, '2.25'),
(13400, 378, 1, '3.2'),
(13401, 378, 2, '3.29'),
(13402, 378, 3, '3.24'),
(13403, 378, 4, '3.1'),
(13404, 380, 1, '2.86'),
(13405, 380, 2, '2.81'),
(13406, 380, 3, '2.78'),
(13407, 380, 4, '2.73'),
(13408, 382, 1, '2.55'),
(13409, 382, 2, '2.29'),
(13410, 382, 3, '2.23'),
(13411, 382, 4, '1.93'),
(13412, 384, 1, '3.14'),
(13413, 384, 2, '3.2'),
(13414, 384, 3, '3.18'),
(13415, 384, 4, '2.92'),
(13416, 386, 1, '2.93'),
(13417, 386, 2, '2.82'),
(13418, 386, 3, '2.85'),
(13419, 386, 4, '2.8'),
(13420, 388, 1, '2.64'),
(13421, 388, 2, '2.71'),
(13422, 388, 3, '2.53'),
(13423, 388, 4, '2.48'),
(13424, 390, 1, '2.77'),
(13425, 390, 2, '2.59'),
(13426, 390, 3, '2.55'),
(13427, 390, 4, '2.59'),
(13428, 392, 1, '2.84'),
(13429, 392, 2, '2.63'),
(13430, 392, 3, '2.55'),
(13431, 392, 4, '2.48'),
(13432, 394, 1, '2.14'),
(13433, 394, 2, '2.01'),
(13434, 394, 3, '2.21'),
(13435, 394, 4, '1.85'),
(13436, 396, 1, '3.05'),
(13437, 396, 2, '2.98'),
(13438, 396, 3, '3.02'),
(13439, 396, 4, '2.88'),
(13440, 398, 1, '2.27'),
(13441, 398, 2, '1.68'),
(13442, 398, 3, '1.56'),
(13443, 398, 4, '1.25'),
(13444, 400, 1, '2.89'),
(13445, 400, 2, '3.06'),
(13446, 400, 3, '3.04'),
(13447, 400, 4, '2.71'),
(13448, 402, 1, '2.93'),
(13449, 402, 2, '2.81'),
(13450, 402, 3, '2.62'),
(13451, 402, 4, '2.5'),
(13452, 404, 1, '3.05'),
(13453, 404, 2, '3.13'),
(13454, 404, 3, '3.13'),
(13455, 404, 4, '3.13'),
(13456, 406, 1, '2.43'),
(13457, 406, 2, '2.04'),
(13458, 406, 3, '2.01'),
(13459, 406, 4, '1.93'),
(13460, 408, 1, '2.41'),
(13461, 408, 2, '2.05'),
(13462, 408, 3, '1.83'),
(13463, 408, 4, '1.64'),
(13464, 410, 1, '2.68'),
(13465, 410, 2, '2.23'),
(13466, 410, 3, '2.15'),
(13467, 410, 4, '2.15'),
(13468, 412, 1, '3'),
(13469, 412, 2, '2.87'),
(13470, 412, 3, '2.78'),
(13471, 412, 4, '2.58'),
(13472, 414, 1, '1.82'),
(13473, 414, 2, '1.94'),
(13474, 414, 3, '1.83'),
(13475, 414, 4, '2.03'),
(13476, 416, 1, '3.32'),
(13477, 416, 2, '3.24'),
(13478, 416, 3, '3.1'),
(13479, 416, 4, '3.08'),
(13480, 418, 1, '2.64'),
(13481, 418, 2, '2.38'),
(13482, 418, 3, '2.15'),
(13483, 418, 4, '2.02'),
(13484, 420, 1, '2.39'),
(13485, 420, 2, '2.15'),
(13486, 420, 3, '1.87'),
(13487, 420, 4, '1.65'),
(13488, 422, 1, '2.91'),
(13489, 422, 2, '3.01'),
(13490, 422, 3, '2.98'),
(13491, 422, 4, '2.99'),
(13492, 424, 1, '3.48'),
(13493, 424, 2, '3.14'),
(13494, 424, 3, '3.28'),
(13495, 424, 4, '2.88'),
(13496, 426, 1, '3.45'),
(13497, 426, 2, '3.46'),
(13498, 426, 3, '3.43'),
(13499, 426, 4, '3.24'),
(13500, 428, 1, '2.68'),
(13501, 428, 2, '2.86'),
(13502, 428, 3, '3.06'),
(13503, 428, 4, '3.08'),
(13504, 430, 1, '1.95'),
(13505, 430, 2, '2.29'),
(13506, 430, 3, '2.31'),
(13507, 430, 4, '2.47'),
(13508, 432, 1, '3'),
(13509, 432, 2, '3.11'),
(13510, 432, 3, '3.18'),
(13511, 432, 4, '3.2'),
(13512, 434, 1, '3.2'),
(13513, 434, 2, '3.32'),
(13514, 434, 3, '3.4'),
(13515, 434, 4, '3.39'),
(13516, 436, 1, '1.05'),
(13517, 436, 2, '1.35'),
(13518, 436, 3, '1.41'),
(13519, 436, 4, '1.33'),
(13520, 438, 1, '3.07'),
(13521, 438, 2, '3.27'),
(13522, 438, 3, '3.24'),
(13523, 438, 4, '3.28'),
(13524, 440, 1, '2.23'),
(13525, 440, 2, '2.48'),
(13526, 440, 3, '2.67'),
(13527, 440, 4, '2.69'),
(13528, 442, 1, '3.07'),
(13529, 442, 2, '3.28'),
(13530, 442, 3, '3.37'),
(13531, 442, 4, '3.37'),
(13532, 444, 1, '2.86'),
(13533, 444, 2, '2.68'),
(13534, 444, 3, '2.79'),
(13535, 444, 4, '2.68'),
(13536, 446, 1, '2.8'),
(13537, 446, 2, '2.7'),
(13538, 446, 3, '2.95'),
(13539, 446, 4, '2.93'),
(13540, 448, 1, '2.35'),
(13541, 448, 2, '2.58'),
(13542, 448, 3, '2.52'),
(13543, 448, 4, '2.7'),
(13544, 450, 1, '2.75'),
(13545, 450, 2, '2.76'),
(13546, 450, 3, '2.93'),
(13547, 450, 4, '2.96'),
(13548, 452, 1, '2.14'),
(13549, 452, 2, '2.19'),
(13550, 452, 3, '1.51'),
(13551, 452, 4, '1'),
(13552, 454, 1, '3.11'),
(13553, 454, 2, '3.39'),
(13554, 454, 3, '3.46'),
(13555, 454, 4, '3.45'),
(13556, 456, 1, '0'),
(13557, 456, 2, '2'),
(13558, 456, 3, '2.09'),
(13559, 456, 4, '2'),
(13560, 458, 1, '2.36'),
(13561, 458, 2, '2.83'),
(13562, 458, 3, '2.91'),
(13563, 458, 4, '2.39'),
(13564, 460, 1, '2.41'),
(13565, 460, 2, '2.94'),
(13566, 460, 3, '2.91'),
(13567, 460, 4, '2.66'),
(13568, 462, 1, '2.77'),
(13569, 462, 2, '1.77'),
(13570, 462, 3, '1.1'),
(13571, 462, 4, '2.87'),
(13572, 464, 1, '1.25'),
(13573, 464, 2, '3.34'),
(13574, 464, 3, '3.29'),
(13575, 464, 4, '0.85'),
(13576, 466, 1, '1.25'),
(13577, 466, 2, '3.34'),
(13578, 466, 3, '3.29'),
(13579, 466, 4, '0.85'),
(13580, 468, 1, '3.2'),
(13581, 468, 2, '3.09'),
(13582, 468, 3, '3.13'),
(13583, 468, 4, '3.31'),
(13584, 470, 1, '3'),
(13585, 470, 2, '2.83'),
(13586, 470, 3, '2.93'),
(13587, 470, 4, '3.09'),
(13588, 472, 1, '2.82'),
(13589, 472, 2, '2.3'),
(13590, 472, 3, '2.55'),
(13591, 472, 4, '2.96'),
(13592, 474, 1, '2.14'),
(13593, 474, 2, '3.07'),
(13594, 474, 3, '2.67'),
(13595, 474, 4, '2.6'),
(13596, 476, 1, '2.75'),
(13597, 476, 2, '2.66'),
(13598, 476, 3, '2.81'),
(13599, 476, 4, '2.87'),
(13600, 478, 1, '2.36'),
(13601, 478, 2, '2.88'),
(13602, 478, 3, '2.99'),
(13603, 478, 4, '2.65'),
(13604, 480, 1, '2.73'),
(13605, 480, 2, '2.9'),
(13606, 480, 3, '2.96'),
(13607, 480, 4, '2.82'),
(13608, 482, 1, '2.84'),
(13609, 482, 2, '2.36'),
(13610, 482, 3, '2.59'),
(13611, 482, 4, '2.88'),
(13612, 484, 1, '2.3'),
(13613, 484, 2, '2.81'),
(13614, 484, 3, '2.81'),
(13615, 484, 4, '2.66'),
(13616, 486, 1, '2.59'),
(13617, 486, 2, '2.83'),
(13618, 486, 3, '2.59'),
(13619, 486, 4, '2.81'),
(13620, 488, 1, '0'),
(13621, 488, 2, '2.58'),
(13622, 488, 3, '2.74'),
(13623, 488, 4, '2'),
(13624, 490, 1, '2.73'),
(13625, 490, 2, '3.41'),
(13626, 490, 3, '3.38'),
(13627, 490, 4, '2.65'),
(13628, 492, 1, '2.45'),
(13629, 492, 2, '2.2'),
(13630, 492, 3, '1.63'),
(13631, 492, 4, '2.65'),
(13632, 494, 1, '0'),
(13633, 494, 2, '2.51'),
(13634, 494, 3, '2.67'),
(13635, 494, 4, '2.5'),
(13636, 496, 1, '3.39'),
(13637, 496, 2, '2.46'),
(13638, 496, 3, '2.43'),
(13639, 496, 4, '3.35'),
(13640, 498, 1, '2.41'),
(13641, 498, 2, '0.76'),
(13642, 498, 3, '0.76'),
(13643, 498, 4, '3.35'),
(13644, 500, 1, '2.43'),
(13645, 500, 2, '1.21'),
(13646, 500, 3, '1.33'),
(13647, 500, 4, '2.59'),
(13648, 502, 1, '2.43'),
(13649, 502, 2, '3.15'),
(13650, 502, 3, '3.09'),
(13651, 502, 4, '2.09'),
(13652, 504, 1, '0'),
(13653, 504, 2, '2.73'),
(13654, 504, 3, '2.94'),
(13655, 504, 4, '2.75'),
(13656, 506, 1, '1'),
(13657, 506, 2, '0.47'),
(13658, 506, 3, '0.47'),
(13659, 506, 4, '0'),
(13660, 508, 1, '0.68'),
(13661, 508, 2, '2.86'),
(13662, 508, 3, '2.85'),
(13663, 508, 4, '2.75'),
(13664, 510, 1, '0'),
(13665, 510, 2, '2.8'),
(13666, 510, 3, '2.84'),
(13667, 510, 4, '2.5'),
(13668, 512, 1, '0.73'),
(13669, 512, 2, '2.51'),
(13670, 512, 3, '2.56'),
(13671, 512, 4, '1.36'),
(13672, 514, 1, '3.34'),
(13673, 514, 2, '2.24'),
(13674, 514, 3, '2.59'),
(13675, 514, 4, '2.74'),
(13676, 516, 1, '2.68'),
(13677, 516, 2, '2.9'),
(13678, 516, 3, '2.97'),
(13679, 516, 4, '2.99'),
(13680, 518, 1, '0.73'),
(13681, 518, 2, '2.03'),
(13682, 518, 3, '2.15'),
(13683, 518, 4, '0.47'),
(13684, 520, 1, '2.8'),
(13685, 520, 2, '2.19'),
(13686, 520, 3, '2.28'),
(13687, 520, 4, '2.76'),
(13688, 522, 1, '2.82'),
(13689, 522, 2, '2.58'),
(13690, 522, 3, '2.78'),
(13691, 522, 4, '2.69'),
(13692, 524, 1, '2.2'),
(13693, 524, 2, '2'),
(13694, 524, 3, '2.81'),
(13695, 524, 4, '2.5'),
(13696, 526, 1, '2.09'),
(13697, 526, 2, '2.32'),
(13698, 526, 3, '2.5'),
(13699, 526, 4, '2.75'),
(13700, 528, 1, '2.09'),
(13701, 528, 2, '0.91'),
(13702, 528, 3, '2.59'),
(13703, 528, 4, '2.34'),
(13704, 530, 1, '2.86'),
(13705, 530, 2, '3.42'),
(13706, 530, 3, '2.97'),
(13707, 530, 4, '2.9'),
(13708, 532, 1, '2.36'),
(13709, 532, 2, '2.97'),
(13710, 532, 3, '2.15'),
(13711, 532, 4, '1.89'),
(13712, 534, 1, '1.95'),
(13713, 534, 2, '2.54'),
(13714, 534, 3, '2.28'),
(13715, 534, 4, '2.43'),
(13716, 536, 1, '2.84'),
(13717, 536, 2, '2.48'),
(13718, 536, 3, '2.78'),
(13719, 536, 4, '2.78'),
(13720, 538, 1, '2.7'),
(13721, 538, 2, '1.63'),
(13722, 538, 3, '2.81'),
(13723, 538, 4, '2.74'),
(13724, 540, 1, '2.05'),
(13725, 540, 2, '3.1'),
(13726, 540, 3, '2.32'),
(13727, 540, 4, '2.22'),
(13728, 542, 1, '0.77'),
(13729, 542, 2, '1.29'),
(13730, 542, 3, '0.91'),
(13731, 542, 4, '0.79'),
(13732, 544, 1, '3.36'),
(13733, 544, 2, '3.66'),
(13734, 544, 3, '3.43'),
(13735, 544, 4, '3.45'),
(13736, 546, 1, '3.05'),
(13737, 546, 2, '2.15'),
(13738, 546, 3, '2.95'),
(13739, 546, 4, '2.92'),
(13740, 548, 1, '2.59'),
(13741, 548, 2, '2.7'),
(13742, 548, 3, '2.72'),
(13743, 548, 4, '2.64'),
(13744, 550, 1, '2.41'),
(13745, 550, 2, '2.76'),
(13746, 550, 3, '2.54'),
(13747, 550, 4, '2.33'),
(13748, 552, 1, '1.73'),
(13749, 552, 2, '2.25'),
(13750, 552, 3, '2'),
(13751, 552, 4, '2.5'),
(13752, 554, 1, '0'),
(13753, 554, 2, '0.88'),
(13754, 554, 3, '1'),
(13755, 554, 4, '1.9'),
(13756, 556, 1, '1.52'),
(13757, 556, 2, '1.22'),
(13758, 556, 3, '1.5'),
(13759, 556, 4, '1.75'),
(13760, 558, 1, '1.52'),
(13761, 558, 2, '2.69'),
(13762, 558, 3, '1.56'),
(13763, 558, 4, '1.32'),
(13764, 560, 1, '3.16'),
(13765, 560, 2, '1.55'),
(13766, 560, 3, '3.09'),
(13767, 560, 4, '3.15'),
(13768, 562, 1, '1.55'),
(13769, 562, 2, '1.61'),
(13770, 562, 3, '1.7'),
(13771, 562, 4, '1.9'),
(13772, 564, 1, '3.73'),
(13773, 564, 2, '1.73'),
(13774, 564, 3, '3.7'),
(13775, 564, 4, '3.72'),
(13776, 566, 1, '2.68'),
(13777, 566, 2, '1.08'),
(13778, 566, 3, '2.45'),
(13779, 566, 4, '2.51'),
(13780, 568, 1, '2.7'),
(13781, 568, 2, '2.89'),
(13782, 568, 3, '2.93'),
(13783, 568, 4, '2.87'),
(13784, 570, 1, '2.95'),
(13785, 570, 2, '3.15'),
(13786, 570, 3, '2.87'),
(13787, 570, 4, '2.88'),
(13788, 572, 1, '2.23'),
(13789, 572, 2, '2.6'),
(13790, 572, 3, '2.41'),
(13791, 572, 4, '2.28'),
(13792, 574, 1, '0.59'),
(13793, 574, 2, '0.95'),
(13794, 574, 3, '0.8'),
(13795, 574, 4, '0.62'),
(13796, 576, 1, '1.59'),
(13797, 576, 2, '2.67'),
(13798, 576, 3, '0'),
(13799, 576, 4, '0'),
(13800, 578, 1, '2.45'),
(13801, 578, 2, '1.03'),
(13802, 578, 3, '2.66'),
(13803, 578, 4, '2.86'),
(13804, 580, 1, '2.09'),
(13805, 580, 2, '0.71'),
(13806, 580, 3, '1.54'),
(13807, 580, 4, '1.35'),
(13808, 582, 1, '1.77'),
(13809, 582, 2, '2.06'),
(13810, 582, 3, '1.9'),
(13811, 582, 4, '2'),
(13812, 584, 1, '0'),
(13813, 584, 2, '2.75'),
(13814, 584, 3, '2'),
(13815, 584, 4, '1.9'),
(13816, 586, 1, '1.15'),
(13817, 586, 2, '2.14'),
(13818, 586, 3, '2.14'),
(13819, 586, 4, '2.32'),
(13820, 588, 1, '0.78'),
(13821, 588, 2, '1.05'),
(13822, 588, 3, '1.05'),
(13823, 588, 4, '0.84'),
(13824, 590, 1, '2.34'),
(13825, 590, 2, '2.98'),
(13826, 590, 3, '2.98'),
(13827, 590, 4, '3.08'),
(13828, 592, 1, '2.98'),
(13829, 592, 2, '3.16'),
(13830, 592, 3, '3.16'),
(13831, 592, 4, '3'),
(13832, 594, 1, '2.64'),
(13833, 594, 2, '2.54'),
(13834, 594, 3, '2.54'),
(13835, 594, 4, '2.66'),
(13836, 596, 1, '0.95'),
(13837, 596, 2, '0.79'),
(13838, 596, 3, '0.79'),
(13839, 596, 4, '0'),
(13840, 598, 1, '2.63'),
(13841, 598, 2, '2.94'),
(13842, 598, 3, '2.94'),
(13843, 598, 4, '2.94'),
(13844, 600, 1, '1.27'),
(13845, 600, 2, '1.07'),
(13846, 600, 3, '1.07'),
(13847, 600, 4, '1.9'),
(13848, 602, 1, '1.09'),
(13849, 602, 2, '2.73'),
(13850, 602, 3, '2.73'),
(13851, 602, 4, '2.75'),
(13852, 604, 1, '0.39'),
(13853, 604, 2, '2.77'),
(13854, 604, 3, '2.5'),
(13855, 604, 4, '2.75'),
(13856, 606, 1, '0'),
(13857, 606, 2, '2.64'),
(13858, 606, 3, '2.5'),
(13859, 606, 4, '2.5'),
(13860, 608, 1, '0.95'),
(13861, 608, 2, '3.54'),
(13862, 608, 3, '3'),
(13863, 608, 4, '3.5'),
(13864, 610, 1, '1.9'),
(13865, 610, 2, '2.06'),
(13866, 610, 3, '2.73'),
(13867, 610, 4, '2.83'),
(13868, 612, 1, '2.63'),
(13869, 612, 2, '2.75'),
(13870, 612, 3, '2.77'),
(13871, 612, 4, '2.56'),
(13872, 614, 1, '2.45'),
(13873, 614, 2, '2.69'),
(13874, 614, 3, '2.64'),
(13875, 614, 4, '2.47'),
(13876, 616, 1, '2.55'),
(13877, 616, 2, '2.01'),
(13878, 616, 3, '2.04'),
(13879, 616, 4, '2.23'),
(13880, 618, 1, '2.89'),
(13881, 618, 2, '2.89'),
(13882, 618, 3, '2.83'),
(13883, 618, 4, '2.73'),
(13884, 620, 1, '0.64'),
(13885, 620, 2, '0.41'),
(13886, 620, 3, '1.25'),
(13887, 620, 4, '1.5'),
(13888, 622, 1, '2.82'),
(13889, 622, 2, '2.81'),
(13890, 622, 3, '2.8'),
(13891, 622, 4, '2.57'),
(13892, 624, 1, '2.59'),
(13893, 624, 2, '2.52'),
(13894, 624, 3, '2.61'),
(13895, 624, 4, '2.74'),
(13896, 626, 1, '3.09'),
(13897, 626, 2, '3.23'),
(13898, 626, 3, '3.25'),
(13899, 626, 4, '3.23'),
(13900, 628, 1, '2.8'),
(13901, 628, 2, '1.99'),
(13902, 628, 3, '1.97'),
(13903, 628, 4, '1.97'),
(13904, 630, 1, '3.23'),
(13905, 630, 2, '3.24'),
(13906, 630, 3, '3.15'),
(13907, 630, 4, '3.04'),
(13908, 632, 1, '3.27'),
(13909, 632, 2, '1.72'),
(13910, 632, 3, '2'),
(13911, 632, 4, '1.9'),
(13912, 634, 1, '3.2'),
(13913, 634, 2, '1.97'),
(13914, 634, 3, '2.13'),
(13915, 634, 4, '2.17'),
(13916, 636, 1, '3.18'),
(13917, 636, 2, '3.02'),
(13918, 636, 3, '2.97'),
(13919, 636, 4, '2.79'),
(13920, 638, 1, '2.91'),
(13921, 638, 2, '1.79'),
(13922, 638, 3, '1.42'),
(13923, 638, 4, '1.62'),
(13924, 640, 1, '2.91'),
(13925, 640, 2, '2.33'),
(13926, 640, 3, '2.41'),
(13927, 640, 4, '2.58'),
(13928, 642, 1, '3.16'),
(13929, 642, 2, '3.23'),
(13930, 642, 3, '3.12'),
(13931, 642, 4, '3.14'),
(13932, 644, 1, '2.36'),
(13933, 644, 2, '1.53'),
(13934, 644, 3, '2.21'),
(13935, 644, 4, '1.9'),
(13936, 646, 1, '3.23'),
(13937, 646, 2, '3.03'),
(13938, 646, 3, '3.09'),
(13939, 646, 4, '3.13'),
(13940, 648, 1, '3.23'),
(13941, 648, 2, '2.3'),
(13942, 648, 3, '2.3'),
(13943, 648, 4, '2.5'),
(13944, 650, 1, '2.57'),
(13945, 650, 2, '1.89'),
(13946, 650, 3, '1.96'),
(13947, 650, 4, '1.96'),
(13948, 652, 1, '2.14'),
(13949, 652, 2, '1.18'),
(13950, 652, 3, '0.98'),
(13951, 652, 4, '2'),
(13952, 654, 1, '2.8'),
(13953, 654, 2, '2.76'),
(13954, 654, 3, '2.85'),
(13955, 654, 4, '2.79'),
(13956, 656, 1, '2.8'),
(13957, 656, 2, '2.76'),
(13958, 656, 3, '2.21'),
(13959, 656, 4, '1.99'),
(13960, 658, 1, '2.7'),
(13961, 658, 2, '2.3'),
(13962, 658, 3, '2.74'),
(13963, 658, 4, '2.8'),
(13964, 660, 1, '2.84'),
(13965, 660, 2, '2.75'),
(13966, 660, 3, '2.95'),
(13967, 660, 4, '3'),
(13968, 662, 1, '0.64'),
(13969, 662, 2, '0'),
(13970, 662, 3, '2.95'),
(13971, 662, 4, '3.06'),
(13972, 664, 1, '3.39'),
(13973, 664, 2, '3.21'),
(13974, 664, 3, '2.35'),
(13975, 664, 4, '2.72'),
(13976, 666, 1, '2.5'),
(13977, 666, 2, '1.14'),
(13978, 666, 3, '2.77'),
(13979, 666, 4, '2.76'),
(13980, 668, 1, '3.02'),
(13981, 668, 2, '2.75'),
(13982, 668, 3, '2.04'),
(13983, 668, 4, '2.09'),
(13984, 670, 1, '2.23'),
(13985, 670, 2, '1.82'),
(13986, 670, 3, '1.9'),
(13987, 670, 4, '2'),
(13988, 672, 1, '2.68'),
(13989, 672, 2, '0'),
(13990, 672, 3, '2.4'),
(13991, 672, 4, '2.64'),
(13992, 674, 1, '3.02'),
(13993, 674, 2, '2.46'),
(13994, 674, 3, '2.98'),
(13995, 674, 4, '3.05'),
(13996, 676, 1, '3.23'),
(13997, 676, 2, '3.05'),
(13998, 676, 3, '2.7'),
(13999, 676, 4, '2.81'),
(14000, 678, 1, '3.18'),
(14001, 678, 2, '2.99'),
(14002, 678, 3, '3'),
(14003, 678, 4, '3.05'),
(14004, 680, 1, '0.86'),
(14005, 680, 2, '0'),
(14006, 680, 3, '3.21'),
(14007, 680, 4, '3.17'),
(14008, 682, 1, '3.16'),
(14009, 682, 2, '3.24'),
(14010, 682, 3, '3.39'),
(14011, 682, 4, '0'),
(14012, 684, 1, '1.68'),
(14013, 684, 2, '1.31'),
(14014, 684, 3, '2.17'),
(14015, 684, 4, '2.46'),
(14016, 686, 1, '2.64'),
(14017, 686, 2, '2'),
(14018, 686, 3, '2.98'),
(14019, 686, 4, '3'),
(14020, 688, 1, '3.41'),
(14021, 688, 2, '2.91'),
(14022, 688, 3, '3.24'),
(14023, 688, 4, '3.18'),
(14024, 690, 1, '3.16'),
(14025, 690, 2, '3.18'),
(14026, 690, 3, '2.98'),
(14027, 690, 4, '2.86'),
(14028, 692, 1, '3.05'),
(14029, 692, 2, '3.01'),
(14030, 692, 3, '2.85'),
(14031, 692, 4, '2.74'),
(14032, 694, 1, '2.8'),
(14033, 694, 2, '2.89'),
(14034, 694, 3, '1.85'),
(14035, 694, 4, '1.6'),
(14036, 696, 1, '3.3'),
(14037, 696, 2, '3.36'),
(14038, 696, 3, '3.37'),
(14039, 696, 4, '3.39'),
(14040, 698, 1, '3.41'),
(14041, 698, 2, '3.41'),
(14042, 698, 3, '3.15'),
(14043, 698, 4, '3.15'),
(14044, 700, 1, '1.5'),
(14045, 700, 2, '0.92'),
(14046, 700, 3, '1.9'),
(14047, 700, 4, '2'),
(14048, 702, 1, '3.05'),
(14049, 702, 2, '2.85'),
(14050, 702, 3, '2.8'),
(14051, 702, 4, '2.78'),
(14052, 704, 1, '0.68'),
(14053, 704, 2, '0.44'),
(14054, 704, 3, '1'),
(14055, 704, 4, '1.5'),
(14056, 706, 1, '1.98'),
(14057, 706, 2, '2.49'),
(14058, 706, 3, '2.63'),
(14059, 706, 4, '2.82'),
(14060, 708, 1, '0.64'),
(14061, 708, 2, '0.75'),
(14062, 708, 3, '0.85'),
(14063, 708, 4, '0.9'),
(14064, 710, 1, '1.23'),
(14065, 710, 2, '1.3'),
(14066, 710, 3, '1.5'),
(14067, 710, 4, '1.7'),
(14068, 712, 1, '3.11'),
(14069, 712, 2, '1.64'),
(14070, 712, 3, '1.9'),
(14071, 712, 4, '1.95'),
(14072, 714, 1, '3.11'),
(14073, 714, 2, '2.92'),
(14074, 714, 3, '2.49'),
(14075, 714, 4, '2.38'),
(14076, 716, 1, '2.11'),
(14077, 716, 2, '1.34'),
(14078, 716, 3, '1.07'),
(14079, 716, 4, '1.32'),
(14080, 718, 1, '3.14'),
(14081, 718, 2, '2.85'),
(14082, 718, 3, '2.47'),
(14083, 718, 4, '2.41'),
(14084, 720, 1, '2.66'),
(14085, 720, 2, '2.68'),
(14086, 720, 3, '2.27'),
(14087, 720, 4, '2.27'),
(14088, 722, 1, '0.32'),
(14089, 722, 2, '0.32'),
(14090, 722, 3, '0.21'),
(14091, 722, 4, '0.35'),
(14092, 724, 1, '3.14'),
(14093, 724, 2, '3.01'),
(14094, 724, 3, '2.77'),
(14095, 724, 4, '2.83'),
(14096, 726, 1, '2.64'),
(14097, 726, 2, '2.9'),
(14098, 726, 3, '2.55'),
(14099, 726, 4, '2.22'),
(14100, 728, 1, '2.98'),
(14101, 728, 2, '2.93'),
(14102, 728, 3, '2.76'),
(14103, 728, 4, '2.76'),
(14104, 730, 1, '1.59'),
(14105, 730, 2, '1.36'),
(14106, 730, 3, '1.39'),
(14107, 730, 4, '1.68'),
(14108, 732, 1, '0.91'),
(14109, 732, 2, '0.59'),
(14110, 732, 3, '0.6'),
(14111, 732, 4, '0.9'),
(14112, 734, 1, '2.86'),
(14113, 734, 2, '2.95'),
(14114, 734, 3, '2.94'),
(14115, 734, 4, '3.01'),
(14116, 736, 1, '3.16'),
(14117, 736, 2, '3.23'),
(14118, 736, 3, '3.17'),
(14119, 736, 4, '3.05'),
(14120, 738, 1, '2.7'),
(14121, 738, 2, '2.81'),
(14122, 738, 3, '2.65'),
(14123, 738, 4, '2.38'),
(14124, 740, 1, '3.18'),
(14125, 740, 2, '3.24'),
(14126, 740, 3, '3.24'),
(14127, 740, 4, '3.18'),
(14128, 742, 1, '1.32'),
(14129, 742, 2, '1.25'),
(14130, 742, 3, '1.5'),
(14131, 742, 4, '1.7'),
(14132, 744, 1, '2.11'),
(14133, 744, 2, '1.88'),
(14134, 744, 3, '1.46'),
(14135, 744, 4, '1.2'),
(14136, 746, 1, '2.98'),
(14137, 746, 2, '3.05'),
(14138, 746, 3, '2.67'),
(14139, 746, 4, '2.58'),
(14140, 748, 1, '3.25'),
(14141, 748, 2, '3.21'),
(14142, 748, 3, '3.02'),
(14143, 748, 4, '3'),
(14144, 750, 1, '2.43'),
(14145, 750, 2, '2.46'),
(14146, 750, 3, '2.3'),
(14147, 750, 4, '2.24'),
(14148, 752, 1, '2.43'),
(14149, 752, 2, '2.28'),
(14150, 752, 3, '2.26'),
(14151, 752, 4, '2.05');

-- --------------------------------------------------------

--
-- Struktur dari tabel `ipk_testing`
--

CREATE TABLE `ipk_testing` (
  `id_ipk_testing` int(11) NOT NULL,
  `id_testing` int(11) NOT NULL,
  `id_status_ipk` int(11) NOT NULL,
  `nilai_ipk` char(10) NOT NULL
) ENGINE=InnoDB DEFAULT CHARSET=utf8mb4;

--
-- Dumping data untuk tabel `ipk_testing`
--

INSERT INTO `ipk_testing` (`id_ipk_testing`, `id_testing`, `id_status_ipk`, `nilai_ipk`) VALUES
(1513, 1, 1, '2'),
(1514, 1, 2, '2.5'),
(1515, 1, 3, '3'),
(1516, 1, 4, '3.3');

-- --------------------------------------------------------

--
-- Struktur dari tabel `overview`
--

CREATE TABLE `overview` (
  `id` int(11) NOT NULL,
  `judul` varchar(225) NOT NULL,
  `konten` text NOT NULL
) ENGINE=InnoDB DEFAULT CHARSET=utf8mb4;

--
-- Dumping data untuk tabel `overview`
--

INSERT INTO `overview` (`id`, `judul`, `konten`) VALUES
(1, 'SYSTEM PREDIKSI LAMA STUDI MAHASISWA PROGRAM STUDI ARSITEKTUR UNWIRA', '<p><strong>Lorem ipsum</strong>, dolor sit amet consectetur adipisicing elit. Voluptatibus atque ea vero, tempore ducimus maiores rem saepe amet vitae facere dignissimos iure similique reprehenderit quo enim rerum repudiandae, impedit cumque? Error perspiciatis nesciunt explicabo consectetur fugiat minima nisi, molestias suscipit beatae ullam. Sed dolorum fugiat ipsam ex vitae quos, adipisci blanditiis accusantium corrupti sint quas nam ullam ab. Facilis nisi a dolores iure dicta maxime quam repellat? Cum fuga facilis vero optio? Itaque porro hic laudantium cumque minima mollitia quo libero deserunt maiores beatae, obcaecati ut veritatis, quod ratione, eaque temporibus. Voluptatem minus voluptatum reprehenderit possimus soluta? Tenetur, quas. Necessitatibus?</p>\r\n');

-- --------------------------------------------------------

--
-- Struktur dari tabel `predict_latih`
--

CREATE TABLE `predict_latih` (
  `id_predict_latih` int(11) NOT NULL,
  `id_latih` int(11) NOT NULL,
  `id_atribut` int(11) NOT NULL,
  `id_atribut_sub` int(11) NOT NULL
) ENGINE=InnoDB DEFAULT CHARSET=utf8mb4;

-- --------------------------------------------------------

--
-- Struktur dari tabel `spa_latih`
--

CREATE TABLE `spa_latih` (
  `id_spa_latih` int(11) NOT NULL,
  `id_latih` int(11) NOT NULL,
  `id_status_spa` int(11) NOT NULL,
  `nilai_spa` char(10) NOT NULL
) ENGINE=InnoDB DEFAULT CHARSET=utf8mb4;

--
-- Dumping data untuk tabel `spa_latih`
--

INSERT INTO `spa_latih` (`id_spa_latih`, `id_latih`, `id_status_spa`, `nilai_spa`) VALUES
(18798, 2, 1, '2.5'),
(18799, 2, 2, '2'),
(18800, 2, 3, '0'),
(18801, 2, 4, '0'),
(18802, 2, 5, '0'),
(18803, 2, 6, '0'),
(18804, 4, 1, '2'),
(18805, 4, 2, '0'),
(18806, 4, 3, '0'),
(18807, 4, 4, '0'),
(18808, 4, 5, '0'),
(18809, 4, 6, '0'),
(18810, 6, 1, '2'),
(18811, 6, 2, '2'),
(18812, 6, 3, '2.5'),
(18813, 6, 4, '2'),
(18814, 6, 5, '2.5'),
(18815, 6, 6, '2'),
(18816, 8, 1, '3.75'),
(18817, 8, 2, '2.5'),
(18818, 8, 3, '2'),
(18819, 8, 4, '2'),
(18820, 8, 5, '2.5'),
(18821, 8, 6, '3'),
(18822, 10, 1, '2'),
(18823, 10, 2, '2'),
(18824, 10, 3, '2'),
(18825, 10, 4, '3'),
(18826, 10, 5, '3'),
(18827, 10, 6, '2.5'),
(18828, 12, 1, '2'),
(18829, 12, 2, '2'),
(18830, 12, 3, '2'),
(18831, 12, 4, '2'),
(18832, 12, 5, '3'),
(18833, 12, 6, '3.5'),
(18834, 14, 1, '3.5'),
(18835, 14, 2, '2.5'),
(18836, 14, 3, '2.5'),
(18837, 14, 4, '2.5'),
(18838, 14, 5, '3'),
(18839, 14, 6, '3.5'),
(18840, 16, 1, '2'),
(18841, 16, 2, '3'),
(18842, 16, 3, '2'),
(18843, 16, 4, '2'),
(18844, 16, 5, '3.75'),
(18845, 16, 6, '3.5'),
(18846, 18, 1, '2'),
(18847, 18, 2, '2.5'),
(18848, 18, 3, '2'),
(18849, 18, 4, '2'),
(18850, 18, 5, '3'),
(18851, 18, 6, '3.5'),
(18852, 20, 1, '0'),
(18853, 20, 2, '2.5'),
(18854, 20, 3, '0'),
(18855, 20, 4, '2'),
(18856, 20, 5, '2'),
(18857, 20, 6, '2'),
(18858, 22, 1, '0'),
(18859, 22, 2, '0'),
(18860, 22, 3, '0'),
(18861, 22, 4, '0'),
(18862, 22, 5, '0'),
(18863, 22, 6, '0'),
(18864, 24, 1, '3'),
(18865, 24, 2, '2.5'),
(18866, 24, 3, '2.5'),
(18867, 24, 4, '2'),
(18868, 24, 5, '3.75'),
(18869, 24, 6, '3.75'),
(18870, 26, 1, '0'),
(18871, 26, 2, '0'),
(18872, 26, 3, '0'),
(18873, 26, 4, '0'),
(18874, 26, 5, '0'),
(18875, 26, 6, '0'),
(18876, 28, 1, '0'),
(18877, 28, 2, '0'),
(18878, 28, 3, '0'),
(18879, 28, 4, '0'),
(18880, 28, 5, '0'),
(18881, 28, 6, '0'),
(18882, 30, 1, '2'),
(18883, 30, 2, '0'),
(18884, 30, 3, '2'),
(18885, 30, 4, '2.5'),
(18886, 30, 5, '3'),
(18887, 30, 6, '2.5'),
(18888, 32, 1, '2'),
(18889, 32, 2, '2'),
(18890, 32, 3, '3'),
(18891, 32, 4, '2'),
(18892, 32, 5, '3.5'),
(18893, 32, 6, '3.5'),
(18894, 34, 1, '0'),
(18895, 34, 2, '0'),
(18896, 34, 3, '0'),
(18897, 34, 4, '0'),
(18898, 34, 5, '0'),
(18899, 34, 6, '0'),
(18900, 36, 1, '0'),
(18901, 36, 2, '0'),
(18902, 36, 3, '0'),
(18903, 36, 4, '0'),
(18904, 36, 5, '0'),
(18905, 36, 6, '0'),
(18906, 38, 1, '2'),
(18907, 38, 2, '1'),
(18908, 38, 3, '2.5'),
(18909, 38, 4, '0'),
(18910, 38, 5, '0'),
(18911, 38, 6, '0'),
(18912, 40, 1, '0'),
(18913, 40, 2, '0'),
(18914, 40, 3, '0'),
(18915, 40, 4, '0'),
(18916, 40, 5, '0'),
(18917, 40, 6, '0'),
(18918, 42, 1, '0'),
(18919, 42, 2, '0'),
(18920, 42, 3, '0'),
(18921, 42, 4, '0'),
(18922, 42, 5, '0'),
(18923, 42, 6, '0'),
(18924, 44, 1, '0'),
(18925, 44, 2, '0'),
(18926, 44, 3, '0'),
(18927, 44, 4, '0'),
(18928, 44, 5, '0'),
(18929, 44, 6, '0'),
(18930, 46, 1, '2'),
(18931, 46, 2, '3'),
(18932, 46, 3, '2.5'),
(18933, 46, 4, '2'),
(18934, 46, 5, '3'),
(18935, 46, 6, '2'),
(18936, 48, 1, '0'),
(18937, 48, 2, '0'),
(18938, 48, 3, '0'),
(18939, 48, 4, '0'),
(18940, 48, 5, '0'),
(18941, 48, 6, '0'),
(18942, 50, 1, '2'),
(18943, 50, 2, '2'),
(18944, 50, 3, '2'),
(18945, 50, 4, '2'),
(18946, 50, 5, '2.5'),
(18947, 50, 6, '2.5'),
(18948, 52, 1, '3.5'),
(18949, 52, 2, '3'),
(18950, 52, 3, '2.5'),
(18951, 52, 4, '2'),
(18952, 52, 5, '2'),
(18953, 52, 6, '3.5'),
(18954, 54, 1, '2'),
(18955, 54, 2, '2.5'),
(18956, 54, 3, '2.5'),
(18957, 54, 4, '2'),
(18958, 54, 5, '3.5'),
(18959, 54, 6, '2.5'),
(18960, 56, 1, '0'),
(18961, 56, 2, '0'),
(18962, 56, 3, '0'),
(18963, 56, 4, '0'),
(18964, 56, 5, '0'),
(18965, 56, 6, '0'),
(18966, 58, 1, '2.5'),
(18967, 58, 2, '2'),
(18968, 58, 3, '2'),
(18969, 58, 4, '2'),
(18970, 58, 5, '2.5'),
(18971, 58, 6, '2.5'),
(18972, 60, 1, '2'),
(18973, 60, 2, '2.5'),
(18974, 60, 3, '2'),
(18975, 60, 4, '2.5'),
(18976, 60, 5, '2'),
(18977, 60, 6, '0'),
(18978, 62, 1, '2.5'),
(18979, 62, 2, '2'),
(18980, 62, 3, '0'),
(18981, 62, 4, '2.5'),
(18982, 62, 5, '2.5'),
(18983, 62, 6, '3.5'),
(18984, 64, 1, '2'),
(18985, 64, 2, '2.5'),
(18986, 64, 3, '2'),
(18987, 64, 4, '2.5'),
(18988, 64, 5, '3'),
(18989, 64, 6, '2'),
(18990, 66, 1, '0'),
(18991, 66, 2, '0'),
(18992, 66, 3, '0'),
(18993, 66, 4, '2'),
(18994, 66, 5, '0'),
(18995, 66, 6, '0'),
(18996, 68, 1, '2'),
(18997, 68, 2, '2.5'),
(18998, 68, 3, '2'),
(18999, 68, 4, '2'),
(19000, 68, 5, '3'),
(19001, 68, 6, '0'),
(19002, 70, 1, '3'),
(19003, 70, 2, '2.5'),
(19004, 70, 3, '3'),
(19005, 70, 4, '0'),
(19006, 70, 5, '3'),
(19007, 70, 6, '0'),
(19008, 72, 1, '2.5'),
(19009, 72, 2, '2.5'),
(19010, 72, 3, '2.5'),
(19011, 72, 4, '2.5'),
(19012, 72, 5, '2.5'),
(19013, 72, 6, '3'),
(19014, 74, 1, '2.5'),
(19015, 74, 2, '2'),
(19016, 74, 3, '2.5'),
(19017, 74, 4, '2.5'),
(19018, 74, 5, '2'),
(19019, 74, 6, '2'),
(19020, 76, 1, '3'),
(19021, 76, 2, '2.5'),
(19022, 76, 3, '2'),
(19023, 76, 4, '3'),
(19024, 76, 5, '3.75'),
(19025, 76, 6, '3'),
(19026, 78, 1, '3'),
(19027, 78, 2, '3'),
(19028, 78, 3, '2.5'),
(19029, 78, 4, '2.5'),
(19030, 78, 5, '3.75'),
(19031, 78, 6, '2.5'),
(19032, 80, 1, '2.5'),
(19033, 80, 2, '2.5'),
(19034, 80, 3, '2.5'),
(19035, 80, 4, '2'),
(19036, 80, 5, '3'),
(19037, 80, 6, '3'),
(19038, 82, 1, '2'),
(19039, 82, 2, '2'),
(19040, 82, 3, '2'),
(19041, 82, 4, '2'),
(19042, 82, 5, '3'),
(19043, 82, 6, '3'),
(19044, 84, 1, '2'),
(19045, 84, 2, '2'),
(19046, 84, 3, '2.5'),
(19047, 84, 4, '2'),
(19048, 84, 5, '3.5'),
(19049, 84, 6, '3'),
(19050, 86, 1, '2.5'),
(19051, 86, 2, '3'),
(19052, 86, 3, '0'),
(19053, 86, 4, '2'),
(19054, 86, 5, '2.5'),
(19055, 86, 6, '2'),
(19056, 88, 1, '2.5'),
(19057, 88, 2, '2.5'),
(19058, 88, 3, '3'),
(19059, 88, 4, '2.5'),
(19060, 88, 5, '2'),
(19061, 88, 6, '3'),
(19062, 90, 1, '2'),
(19063, 90, 2, '2'),
(19064, 90, 3, '2'),
(19065, 90, 4, '3'),
(19066, 90, 5, '2.5'),
(19067, 90, 6, '3'),
(19068, 92, 1, '2'),
(19069, 92, 2, '2.5'),
(19070, 92, 3, '2'),
(19071, 92, 4, '2'),
(19072, 92, 5, '2'),
(19073, 92, 6, '2.5'),
(19074, 94, 1, '2'),
(19075, 94, 2, '0'),
(19076, 94, 3, '0'),
(19077, 94, 4, '0'),
(19078, 94, 5, '0'),
(19079, 94, 6, '0'),
(19080, 96, 1, '2.5'),
(19081, 96, 2, '2.5'),
(19082, 96, 3, '3'),
(19083, 96, 4, '2'),
(19084, 96, 5, '2'),
(19085, 96, 6, '2.5'),
(19086, 98, 1, '2'),
(19087, 98, 2, '2'),
(19088, 98, 3, '2'),
(19089, 98, 4, '2'),
(19090, 98, 5, '2'),
(19091, 98, 6, '2'),
(19092, 100, 1, '3'),
(19093, 100, 2, '2.5'),
(19094, 100, 3, '3'),
(19095, 100, 4, '0'),
(19096, 100, 5, '3'),
(19097, 100, 6, '3.5'),
(19098, 102, 1, '2'),
(19099, 102, 2, '0'),
(19100, 102, 3, '0'),
(19101, 102, 4, '0'),
(19102, 102, 5, '0'),
(19103, 102, 6, '0'),
(19104, 104, 1, '2'),
(19105, 104, 2, '2'),
(19106, 104, 3, '0'),
(19107, 104, 4, '0'),
(19108, 104, 5, '0'),
(19109, 104, 6, '0'),
(19110, 106, 1, '3.75'),
(19111, 106, 2, '2.5'),
(19112, 106, 3, '2'),
(19113, 106, 4, '3'),
(19114, 106, 5, '4'),
(19115, 106, 6, '4'),
(19116, 108, 1, '3'),
(19117, 108, 2, '3'),
(19118, 108, 3, '2.5'),
(19119, 108, 4, '2.5'),
(19120, 108, 5, '2.5'),
(19121, 108, 6, '2.5'),
(19122, 110, 1, '0'),
(19123, 110, 2, '0'),
(19124, 110, 3, '0'),
(19125, 110, 4, '0'),
(19126, 110, 5, '0'),
(19127, 110, 6, '0'),
(19128, 112, 1, '3.75'),
(19129, 112, 2, '3.5'),
(19130, 112, 3, '3.5'),
(19131, 112, 4, '2.5'),
(19132, 112, 5, '2'),
(19133, 112, 6, '2.5'),
(19134, 114, 1, '3.75'),
(19135, 114, 2, '3.5'),
(19136, 114, 3, '3.5'),
(19137, 114, 4, '3'),
(19138, 114, 5, '2'),
(19139, 114, 6, '2.5'),
(19140, 116, 1, '2.5'),
(19141, 116, 2, '2..50'),
(19142, 116, 3, '3'),
(19143, 116, 4, '2'),
(19144, 116, 5, '3.5'),
(19145, 116, 6, '3'),
(19146, 118, 1, '2'),
(19147, 118, 2, '2.5'),
(19148, 118, 3, '3'),
(19149, 118, 4, '3'),
(19150, 118, 5, '3.5'),
(19151, 118, 6, '3.75'),
(19152, 120, 1, '3'),
(19153, 120, 2, '3'),
(19154, 120, 3, '3.5'),
(19155, 120, 4, '3.5'),
(19156, 120, 5, '2'),
(19157, 120, 6, '3.5'),
(19158, 122, 1, '3.5'),
(19159, 122, 2, '3'),
(19160, 122, 3, '3.5'),
(19161, 122, 4, '2.5'),
(19162, 122, 5, '3'),
(19163, 122, 6, '3.75'),
(19164, 124, 1, '3.75'),
(19165, 124, 2, '0'),
(19166, 124, 3, '0'),
(19167, 124, 4, '2'),
(19168, 124, 5, '2.5'),
(19169, 124, 6, '1'),
(19170, 126, 1, '3.75'),
(19171, 126, 2, '3'),
(19172, 126, 3, '0'),
(19173, 126, 4, '3'),
(19174, 126, 5, '0'),
(19175, 126, 6, '0'),
(19176, 128, 1, '2'),
(19177, 128, 2, '2.5'),
(19178, 128, 3, '2.5'),
(19179, 128, 4, '2'),
(19180, 128, 5, '2.5'),
(19181, 128, 6, '2.5'),
(19182, 130, 1, '3.5'),
(19183, 130, 2, '3'),
(19184, 130, 3, '2'),
(19185, 130, 4, '2'),
(19186, 130, 5, '3.75'),
(19187, 130, 6, '2.5'),
(19188, 132, 1, '3.75'),
(19189, 132, 2, '3.5'),
(19190, 132, 3, '2'),
(19191, 132, 4, '2.5'),
(19192, 132, 5, '2'),
(19193, 132, 6, '3'),
(19194, 134, 1, '3.75'),
(19195, 134, 2, '3.5'),
(19196, 134, 3, '3.5'),
(19197, 134, 4, '3.5'),
(19198, 134, 5, '3'),
(19199, 134, 6, '3.75'),
(19200, 136, 1, '3.5'),
(19201, 136, 2, '2.5'),
(19202, 136, 3, '3.75'),
(19203, 136, 4, '2.5'),
(19204, 136, 5, '2.5'),
(19205, 136, 6, '2.5'),
(19206, 138, 1, '3.5'),
(19207, 138, 2, '2.5'),
(19208, 138, 3, '3.75'),
(19209, 138, 4, '3'),
(19210, 138, 5, '3'),
(19211, 138, 6, '2.5'),
(19212, 140, 1, '3'),
(19213, 140, 2, '2.5'),
(19214, 140, 3, '3.5'),
(19215, 140, 4, '2'),
(19216, 140, 5, '3.75'),
(19217, 140, 6, '3'),
(19218, 142, 1, '2.5'),
(19219, 142, 2, '2.5'),
(19220, 142, 3, '3'),
(19221, 142, 4, '3'),
(19222, 142, 5, '2'),
(19223, 142, 6, '3.75'),
(19224, 144, 1, '2.5'),
(19225, 144, 2, '2.5'),
(19226, 144, 3, '2.5'),
(19227, 144, 4, '2.5'),
(19228, 144, 5, '2.5'),
(19229, 144, 6, '3.75'),
(19230, 146, 1, '2.5'),
(19231, 146, 2, '3'),
(19232, 146, 3, '2.5'),
(19233, 146, 4, '2'),
(19234, 146, 5, '2'),
(19235, 146, 6, '3'),
(19236, 148, 1, '2'),
(19237, 148, 2, '2.5'),
(19238, 148, 3, '3.5'),
(19239, 148, 4, '2'),
(19240, 148, 5, '3.5'),
(19241, 148, 6, '2'),
(19242, 150, 1, '2.5'),
(19243, 150, 2, '2.5'),
(19244, 150, 3, '2.5'),
(19245, 150, 4, '3'),
(19246, 150, 5, '2.5'),
(19247, 150, 6, '3'),
(19248, 152, 1, '3'),
(19249, 152, 2, '3'),
(19250, 152, 3, '2'),
(19251, 152, 4, '2'),
(19252, 152, 5, '0'),
(19253, 152, 6, '0'),
(19254, 154, 1, '3'),
(19255, 154, 2, '2.5'),
(19256, 154, 3, '2.5'),
(19257, 154, 4, '2.5'),
(19258, 154, 5, '3'),
(19259, 154, 6, '3.75'),
(19260, 156, 1, '3.5'),
(19261, 156, 2, '2.5'),
(19262, 156, 3, '2.5'),
(19263, 156, 4, '3'),
(19264, 156, 5, '3'),
(19265, 156, 6, '3.5'),
(19266, 158, 1, '2'),
(19267, 158, 2, '2.5'),
(19268, 158, 3, '3'),
(19269, 158, 4, '2'),
(19270, 158, 5, '2'),
(19271, 158, 6, '2.5'),
(19272, 160, 1, '3.5'),
(19273, 160, 2, '3.5'),
(19274, 160, 3, '3'),
(19275, 160, 4, '2.5'),
(19276, 160, 5, '3'),
(19277, 160, 6, '3.75'),
(19278, 162, 1, '3.5'),
(19279, 162, 2, '3.5'),
(19280, 162, 3, '3.75'),
(19281, 162, 4, '2'),
(19282, 162, 5, '2.5'),
(19283, 162, 6, '2.5'),
(19284, 164, 1, '3'),
(19285, 164, 2, '3.75'),
(19286, 164, 3, '2.5'),
(19287, 164, 4, '2'),
(19288, 164, 5, '2.5'),
(19289, 164, 6, '2.5'),
(19290, 166, 1, '2.5'),
(19291, 166, 2, '3'),
(19292, 166, 3, '3'),
(19293, 166, 4, '2'),
(19294, 166, 5, '2.5'),
(19295, 166, 6, '2.5'),
(19296, 168, 1, '2'),
(19297, 168, 2, '3'),
(19298, 168, 3, '2.5'),
(19299, 168, 4, '2'),
(19300, 168, 5, '2'),
(19301, 168, 6, '3.5'),
(19302, 170, 1, '2.5'),
(19303, 170, 2, '2.5'),
(19304, 170, 3, '3'),
(19305, 170, 4, '2'),
(19306, 170, 5, '3'),
(19307, 170, 6, '3'),
(19308, 172, 1, '2'),
(19309, 172, 2, '3'),
(19310, 172, 3, '2'),
(19311, 172, 4, '2'),
(19312, 172, 5, '2'),
(19313, 172, 6, '3'),
(19314, 174, 1, '3.5'),
(19315, 174, 2, '3.5'),
(19316, 174, 3, '3.5'),
(19317, 174, 4, '2'),
(19318, 174, 5, '3'),
(19319, 174, 6, '2.5'),
(19320, 176, 1, '3.5'),
(19321, 176, 2, '3'),
(19322, 176, 3, '2'),
(19323, 176, 4, '2'),
(19324, 176, 5, '2'),
(19325, 176, 6, '2.5'),
(19326, 178, 1, '2'),
(19327, 178, 2, '2.5'),
(19328, 178, 3, '3'),
(19329, 178, 4, '2'),
(19330, 178, 5, '2'),
(19331, 178, 6, '2.5'),
(19332, 180, 1, '2'),
(19333, 180, 2, '2.5'),
(19334, 180, 3, '2'),
(19335, 180, 4, '2'),
(19336, 180, 5, '3'),
(19337, 180, 6, '3'),
(19338, 182, 1, '3.5'),
(19339, 182, 2, '2.5'),
(19340, 182, 3, '2.5'),
(19341, 182, 4, '3'),
(19342, 182, 5, '2'),
(19343, 182, 6, '2.5'),
(19344, 184, 1, '1'),
(19345, 184, 2, '2.5'),
(19346, 184, 3, '0'),
(19347, 184, 4, '0'),
(19348, 184, 5, '0'),
(19349, 184, 6, '0'),
(19350, 186, 1, '2'),
(19351, 186, 2, '3'),
(19352, 186, 3, '2.5'),
(19353, 186, 4, '2'),
(19354, 186, 5, '2'),
(19355, 186, 6, '3.75'),
(19356, 188, 1, '2.5'),
(19357, 188, 2, '2.5'),
(19358, 188, 3, '3'),
(19359, 188, 4, '2'),
(19360, 188, 5, '3'),
(19361, 188, 6, '2'),
(19362, 190, 1, '2'),
(19363, 190, 2, '3'),
(19364, 190, 3, '3'),
(19365, 190, 4, '2.5'),
(19366, 190, 5, '2'),
(19367, 190, 6, '2.5'),
(19368, 192, 1, '2'),
(19369, 192, 2, '3.75'),
(19370, 192, 3, '3.5'),
(19371, 192, 4, '2.5'),
(19372, 192, 5, '4'),
(19373, 192, 6, '3'),
(19374, 194, 1, '2'),
(19375, 194, 2, '3'),
(19376, 194, 3, '3'),
(19377, 194, 4, '2'),
(19378, 194, 5, '2'),
(19379, 194, 6, '3'),
(19380, 196, 1, '2'),
(19381, 196, 2, '2.5'),
(19382, 196, 3, '3'),
(19383, 196, 4, '2'),
(19384, 196, 5, '3'),
(19385, 196, 6, '3.75'),
(19386, 198, 1, '2'),
(19387, 198, 2, '3'),
(19388, 198, 3, '2'),
(19389, 198, 4, '2'),
(19390, 198, 5, '2'),
(19391, 198, 6, '3.75'),
(19392, 200, 1, '2.5'),
(19393, 200, 2, '2.5'),
(19394, 200, 3, '3'),
(19395, 200, 4, '2.5'),
(19396, 200, 5, '3'),
(19397, 200, 6, '3'),
(19398, 202, 1, '1'),
(19399, 202, 2, '2.5'),
(19400, 202, 3, '0'),
(19401, 202, 4, '0'),
(19402, 202, 5, '0'),
(19403, 202, 6, '0'),
(19404, 204, 1, '2'),
(19405, 204, 2, '2.5'),
(19406, 204, 3, '0'),
(19407, 204, 4, '2'),
(19408, 204, 5, '3'),
(19409, 204, 6, '0'),
(19410, 206, 1, '2.5'),
(19411, 206, 2, '3.5'),
(19412, 206, 3, '3.5'),
(19413, 206, 4, '3'),
(19414, 206, 5, '3'),
(19415, 206, 6, '2'),
(19416, 208, 1, '2'),
(19417, 208, 2, '3'),
(19418, 208, 3, '3'),
(19419, 208, 4, '2.5'),
(19420, 208, 5, '3'),
(19421, 208, 6, '3'),
(19422, 210, 1, '3.5'),
(19423, 210, 2, '3.5'),
(19424, 210, 3, '2.5'),
(19425, 210, 4, '2'),
(19426, 210, 5, '2.5'),
(19427, 210, 6, '0'),
(19428, 212, 1, '2'),
(19429, 212, 2, '3'),
(19430, 212, 3, '2.5'),
(19431, 212, 4, '2'),
(19432, 212, 5, '2.5'),
(19433, 212, 6, '3'),
(19434, 214, 1, '3'),
(19435, 214, 2, '3'),
(19436, 214, 3, '3.5'),
(19437, 214, 4, '2'),
(19438, 214, 5, '3'),
(19439, 214, 6, '3'),
(19440, 216, 1, '2'),
(19441, 216, 2, '2.5'),
(19442, 216, 3, '3.75'),
(19443, 216, 4, '3'),
(19444, 216, 5, '0'),
(19445, 216, 6, '2'),
(19446, 218, 1, '2'),
(19447, 218, 2, '2'),
(19448, 218, 3, '3'),
(19449, 218, 4, '0'),
(19450, 218, 5, '3.75'),
(19451, 218, 6, '3'),
(19452, 220, 1, '2'),
(19453, 220, 2, '2'),
(19454, 220, 3, '2'),
(19455, 220, 4, '2.5'),
(19456, 220, 5, '2'),
(19457, 220, 6, '3'),
(19458, 222, 1, '2.5'),
(19459, 222, 2, '2.5'),
(19460, 222, 3, '2.5'),
(19461, 222, 4, '2'),
(19462, 222, 5, '2'),
(19463, 222, 6, '3.5'),
(19464, 224, 1, '2'),
(19465, 224, 2, '2'),
(19466, 224, 3, '3'),
(19467, 224, 4, '2'),
(19468, 224, 5, '3'),
(19469, 224, 6, '2.5'),
(19470, 226, 1, '3'),
(19471, 226, 2, '3.5'),
(19472, 226, 3, '3'),
(19473, 226, 4, '2.5'),
(19474, 226, 5, '2'),
(19475, 226, 6, '3'),
(19476, 228, 1, '3'),
(19477, 228, 2, '2.5'),
(19478, 228, 3, '0'),
(19479, 228, 4, '0'),
(19480, 228, 5, '0'),
(19481, 228, 6, '0'),
(19482, 230, 1, '2'),
(19483, 230, 2, '2.5'),
(19484, 230, 3, '2'),
(19485, 230, 4, '2'),
(19486, 230, 5, '2.5'),
(19487, 230, 6, '3'),
(19488, 232, 1, '2'),
(19489, 232, 2, '2.5'),
(19490, 232, 3, '2'),
(19491, 232, 4, '2'),
(19492, 232, 5, '3.75'),
(19493, 232, 6, '3'),
(19494, 234, 1, '3'),
(19495, 234, 2, '2.5'),
(19496, 234, 3, '3.5'),
(19497, 234, 4, '3.5'),
(19498, 234, 5, '2'),
(19499, 234, 6, '2.5'),
(19500, 236, 1, '3.75'),
(19501, 236, 2, '3'),
(19502, 236, 3, '3.5'),
(19503, 236, 4, '2'),
(19504, 236, 5, '3'),
(19505, 236, 6, '3.5'),
(19506, 238, 1, '3'),
(19507, 238, 2, '2.5'),
(19508, 238, 3, '2'),
(19509, 238, 4, '2'),
(19510, 238, 5, '2.5'),
(19511, 238, 6, '3.5'),
(19512, 240, 1, '3'),
(19513, 240, 2, '2.5'),
(19514, 240, 3, '2'),
(19515, 240, 4, '2'),
(19516, 240, 5, '2.5'),
(19517, 240, 6, '3.5'),
(19518, 242, 1, '1'),
(19519, 242, 2, '1'),
(19520, 242, 3, '2'),
(19521, 242, 4, '0'),
(19522, 242, 5, '0'),
(19523, 242, 6, '0'),
(19524, 244, 1, '3.5'),
(19525, 244, 2, '2.5'),
(19526, 244, 3, '3'),
(19527, 244, 4, '2'),
(19528, 244, 5, '2.5'),
(19529, 244, 6, '3.75'),
(19530, 246, 1, '3.75'),
(19531, 246, 2, '2.5'),
(19532, 246, 3, '3.75'),
(19533, 246, 4, '3'),
(19534, 246, 5, '3.5'),
(19535, 246, 6, '3'),
(19536, 248, 1, '2.5'),
(19537, 248, 2, '3'),
(19538, 248, 3, '2.5'),
(19539, 248, 4, '2.5'),
(19540, 248, 5, '3'),
(19541, 248, 6, '2'),
(19542, 250, 1, '2.5'),
(19543, 250, 2, '2'),
(19544, 250, 3, '2.5'),
(19545, 250, 4, '2'),
(19546, 250, 5, '2.5'),
(19547, 250, 6, '3'),
(19548, 252, 1, '2'),
(19549, 252, 2, '2'),
(19550, 252, 3, '2'),
(19551, 252, 4, '2.5'),
(19552, 252, 5, '2.5'),
(19553, 252, 6, '2.5'),
(19554, 254, 1, '3'),
(19555, 254, 2, '2.5'),
(19556, 254, 3, '3'),
(19557, 254, 4, '3'),
(19558, 254, 5, '4'),
(19559, 254, 6, '3.75'),
(19560, 256, 1, '0'),
(19561, 256, 2, '0'),
(19562, 256, 3, '0'),
(19563, 256, 4, '0'),
(19564, 256, 5, '0'),
(19565, 256, 6, '0'),
(19566, 258, 1, '0'),
(19567, 258, 2, '0'),
(19568, 258, 3, '0'),
(19569, 258, 4, '0'),
(19570, 258, 5, '0'),
(19571, 258, 6, '0'),
(19572, 260, 1, '2'),
(19573, 260, 2, '2.5'),
(19574, 260, 3, '3'),
(19575, 260, 4, '2.5'),
(19576, 260, 5, '3'),
(19577, 260, 6, '3.75'),
(19578, 262, 1, '0'),
(19579, 262, 2, '0'),
(19580, 262, 3, '0'),
(19581, 262, 4, '0'),
(19582, 262, 5, '0'),
(19583, 262, 6, '0'),
(19584, 264, 1, '2.5'),
(19585, 264, 2, '2.5'),
(19586, 264, 3, '3.5'),
(19587, 264, 4, '2.5'),
(19588, 264, 5, '2'),
(19589, 264, 6, '3'),
(19590, 266, 1, '2'),
(19591, 266, 2, '2'),
(19592, 266, 3, '2'),
(19593, 266, 4, '2'),
(19594, 266, 5, '3'),
(19595, 266, 6, '2'),
(19596, 268, 1, '2'),
(19597, 268, 2, '2.5'),
(19598, 268, 3, '2'),
(19599, 268, 4, '2'),
(19600, 268, 5, '2'),
(19601, 268, 6, '2.5'),
(19602, 270, 1, '3.5'),
(19603, 270, 2, '2.5'),
(19604, 270, 3, '2'),
(19605, 270, 4, '2'),
(19606, 270, 5, '3'),
(19607, 270, 6, '2.5'),
(19608, 272, 1, '2.5'),
(19609, 272, 2, '2'),
(19610, 272, 3, '3'),
(19611, 272, 4, '2'),
(19612, 272, 5, '3.5'),
(19613, 272, 6, '3.75'),
(19614, 274, 1, '0'),
(19615, 274, 2, '0'),
(19616, 274, 3, '0'),
(19617, 274, 4, '0'),
(19618, 274, 5, '0'),
(19619, 274, 6, '0'),
(19620, 276, 1, '3.5'),
(19621, 276, 2, '3.75'),
(19622, 276, 3, '3'),
(19623, 276, 4, '3'),
(19624, 276, 5, '2.5'),
(19625, 276, 6, '3.75'),
(19626, 278, 1, '2'),
(19627, 278, 2, '0'),
(19628, 278, 3, '0'),
(19629, 278, 4, '0'),
(19630, 278, 5, '0'),
(19631, 278, 6, '0'),
(19632, 280, 1, '3'),
(19633, 280, 2, '3'),
(19634, 280, 3, '2'),
(19635, 280, 4, '3'),
(19636, 280, 5, '3'),
(19637, 280, 6, '3'),
(19638, 282, 1, '3.75'),
(19639, 282, 2, '4'),
(19640, 282, 3, '3.75'),
(19641, 282, 4, '3.75'),
(19642, 282, 5, '2.5'),
(19643, 282, 6, '2.5'),
(19644, 284, 1, '0'),
(19645, 284, 2, '0'),
(19646, 284, 3, '0'),
(19647, 284, 4, '0'),
(19648, 284, 5, '0'),
(19649, 284, 6, '0'),
(19650, 286, 1, '3.75'),
(19651, 286, 2, '3.75'),
(19652, 286, 3, '3'),
(19653, 286, 4, '3'),
(19654, 286, 5, '3.5'),
(19655, 286, 6, '3'),
(19656, 288, 1, '2'),
(19657, 288, 2, '3.5'),
(19658, 288, 3, '3'),
(19659, 288, 4, '3'),
(19660, 288, 5, '2.5'),
(19661, 288, 6, '2.5'),
(19662, 290, 1, '3'),
(19663, 290, 2, '3'),
(19664, 290, 3, '3'),
(19665, 290, 4, '3'),
(19666, 290, 5, '2.5'),
(19667, 290, 6, '3.5'),
(19668, 292, 1, '2'),
(19669, 292, 2, '0'),
(19670, 292, 3, '0'),
(19671, 292, 4, '0'),
(19672, 292, 5, '0'),
(19673, 292, 6, '0'),
(19674, 294, 1, '3'),
(19675, 294, 2, '2'),
(19676, 294, 3, '2.5'),
(19677, 294, 4, '3'),
(19678, 294, 5, '2'),
(19679, 294, 6, '2'),
(19680, 296, 1, '3'),
(19681, 296, 2, '2.5'),
(19682, 296, 3, '3'),
(19683, 296, 4, '2'),
(19684, 296, 5, '2.5'),
(19685, 296, 6, '2.5'),
(19686, 298, 1, '3'),
(19687, 298, 2, '3'),
(19688, 298, 3, '3'),
(19689, 298, 4, '3'),
(19690, 298, 5, '2.5'),
(19691, 298, 6, '2'),
(19692, 300, 1, '2.5'),
(19693, 300, 2, '2'),
(19694, 300, 3, '2.5'),
(19695, 300, 4, '3'),
(19696, 300, 5, '2.5'),
(19697, 300, 6, '2.5'),
(19698, 302, 1, '2.5'),
(19699, 302, 2, '2'),
(19700, 302, 3, '3'),
(19701, 302, 4, '3'),
(19702, 302, 5, '3'),
(19703, 302, 6, '2.5'),
(19704, 304, 1, '2.5'),
(19705, 304, 2, '3'),
(19706, 304, 3, '2.5'),
(19707, 304, 4, '3'),
(19708, 304, 5, '2.5'),
(19709, 304, 6, '2.5'),
(19710, 306, 1, '0'),
(19711, 306, 2, '0'),
(19712, 306, 3, '0'),
(19713, 306, 4, '0'),
(19714, 306, 5, '0'),
(19715, 306, 6, '0'),
(19716, 308, 1, '2.5'),
(19717, 308, 2, '1'),
(19718, 308, 3, '2.5'),
(19719, 308, 4, '3.5'),
(19720, 308, 5, '3'),
(19721, 308, 6, '3'),
(19722, 310, 1, '2.5'),
(19723, 310, 2, '3.75'),
(19724, 310, 3, '3'),
(19725, 310, 4, '2'),
(19726, 310, 5, '3'),
(19727, 310, 6, '2.5'),
(19728, 312, 1, '2.5'),
(19729, 312, 2, '3.5'),
(19730, 312, 3, '3'),
(19731, 312, 4, '2.5'),
(19732, 312, 5, '3'),
(19733, 312, 6, '3'),
(19734, 314, 1, '3'),
(19735, 314, 2, '3'),
(19736, 314, 3, '0'),
(19737, 314, 4, '3'),
(19738, 314, 5, '3'),
(19739, 314, 6, '0'),
(19740, 316, 1, '2.5'),
(19741, 316, 2, '1'),
(19742, 316, 3, '0'),
(19743, 316, 4, '2'),
(19744, 316, 5, '0'),
(19745, 316, 6, '0'),
(19746, 318, 1, '3'),
(19747, 318, 2, '2'),
(19748, 318, 3, '2'),
(19749, 318, 4, '2.5'),
(19750, 318, 5, '3'),
(19751, 318, 6, '3.5'),
(19752, 320, 1, '3.5'),
(19753, 320, 2, '3'),
(19754, 320, 3, '2'),
(19755, 320, 4, '2.5'),
(19756, 320, 5, '2.5'),
(19757, 320, 6, '3.5'),
(19758, 322, 1, '3.75'),
(19759, 322, 2, '3'),
(19760, 322, 3, '0'),
(19761, 322, 4, '0'),
(19762, 322, 5, '0'),
(19763, 322, 6, '0'),
(19764, 324, 1, '2'),
(19765, 324, 2, '3'),
(19766, 324, 3, '0'),
(19767, 324, 4, '2'),
(19768, 324, 5, '0'),
(19769, 324, 6, '0'),
(19770, 326, 1, '3'),
(19771, 326, 2, '3'),
(19772, 326, 3, '2'),
(19773, 326, 4, '3'),
(19774, 326, 5, '3'),
(19775, 326, 6, '3'),
(19776, 328, 1, '3.75'),
(19777, 328, 2, '3.5'),
(19778, 328, 3, '2'),
(19779, 328, 4, '2.5'),
(19780, 328, 5, '2.5'),
(19781, 328, 6, '3'),
(19782, 330, 1, '0'),
(19783, 330, 2, '0'),
(19784, 330, 3, '0'),
(19785, 330, 4, '0'),
(19786, 330, 5, '0'),
(19787, 330, 6, '0'),
(19788, 332, 1, '0'),
(19789, 332, 2, '0'),
(19790, 332, 3, '0'),
(19791, 332, 4, '0'),
(19792, 332, 5, '0'),
(19793, 332, 6, '0'),
(19794, 334, 1, '0'),
(19795, 334, 2, '2'),
(19796, 334, 3, '2'),
(19797, 334, 4, '2.5'),
(19798, 334, 5, '0'),
(19799, 334, 6, '0'),
(19800, 336, 1, '2.5'),
(19801, 336, 2, '2'),
(19802, 336, 3, '2'),
(19803, 336, 4, '2.5'),
(19804, 336, 5, '2.5'),
(19805, 336, 6, '0'),
(19806, 338, 1, '2'),
(19807, 338, 2, '2'),
(19808, 338, 3, '2'),
(19809, 338, 4, '0'),
(19810, 338, 5, '0'),
(19811, 338, 6, '0'),
(19812, 340, 1, '3.75'),
(19813, 340, 2, '3'),
(19814, 340, 3, '2.5'),
(19815, 340, 4, '3'),
(19816, 340, 5, '3'),
(19817, 340, 6, '2'),
(19818, 342, 1, '3'),
(19819, 342, 2, '3.5'),
(19820, 342, 3, '3'),
(19821, 342, 4, '3.5'),
(19822, 342, 5, '3.75'),
(19823, 342, 6, '3.5'),
(19824, 344, 1, '3.75'),
(19825, 344, 2, '3'),
(19826, 344, 3, '2.5'),
(19827, 344, 4, '3.75'),
(19828, 344, 5, '3.75'),
(19829, 344, 6, '3.5'),
(19830, 346, 1, '3'),
(19831, 346, 2, '2'),
(19832, 346, 3, '2'),
(19833, 346, 4, '3'),
(19834, 346, 5, '3.5'),
(19835, 346, 6, '2.5'),
(19836, 348, 1, '3.75'),
(19837, 348, 2, '4'),
(19838, 348, 3, '3'),
(19839, 348, 4, '3.5'),
(19840, 348, 5, '0'),
(19841, 348, 6, '0'),
(19842, 350, 1, '3'),
(19843, 350, 2, '3'),
(19844, 350, 3, '2.5'),
(19845, 350, 4, '2.5'),
(19846, 350, 5, '3.75'),
(19847, 350, 6, '2'),
(19848, 352, 1, '0'),
(19849, 352, 2, '0'),
(19850, 352, 3, '0'),
(19851, 352, 4, '0'),
(19852, 352, 5, '0'),
(19853, 352, 6, '0'),
(19854, 354, 1, '2'),
(19855, 354, 2, '3'),
(19856, 354, 3, '2'),
(19857, 354, 4, '2.5'),
(19858, 354, 5, '2.5'),
(19859, 354, 6, '2'),
(19860, 356, 1, '2'),
(19861, 356, 2, '1'),
(19862, 356, 3, '2'),
(19863, 356, 4, '2'),
(19864, 356, 5, '2.5'),
(19865, 356, 6, '0'),
(19866, 358, 1, '0'),
(19867, 358, 2, '0'),
(19868, 358, 3, '0'),
(19869, 358, 4, '0'),
(19870, 358, 5, '0'),
(19871, 358, 6, '0'),
(19872, 360, 1, '2.5'),
(19873, 360, 2, '2.5'),
(19874, 360, 3, '2'),
(19875, 360, 4, '0'),
(19876, 360, 5, '3.75'),
(19877, 360, 6, '0'),
(19878, 362, 1, '3.5'),
(19879, 362, 2, '3.5'),
(19880, 362, 3, '2'),
(19881, 362, 4, '3.5'),
(19882, 362, 5, '4'),
(19883, 362, 6, '3'),
(19884, 364, 1, '3'),
(19885, 364, 2, '2'),
(19886, 364, 3, '2.5'),
(19887, 364, 4, '3'),
(19888, 364, 5, '3.5'),
(19889, 364, 6, '3'),
(19890, 366, 1, '2.5'),
(19891, 366, 2, '3'),
(19892, 366, 3, '2'),
(19893, 366, 4, '0'),
(19894, 366, 5, '0'),
(19895, 366, 6, '0'),
(19896, 368, 1, '2.5'),
(19897, 368, 2, '3'),
(19898, 368, 3, '3'),
(19899, 368, 4, '2.5'),
(19900, 368, 5, '3.75'),
(19901, 368, 6, '2'),
(19902, 370, 1, '2.5'),
(19903, 370, 2, '2'),
(19904, 370, 3, '3'),
(19905, 370, 4, '2'),
(19906, 370, 5, '2'),
(19907, 370, 6, '3'),
(19908, 372, 1, '3'),
(19909, 372, 2, '3.75'),
(19910, 372, 3, '3.75'),
(19911, 372, 4, '2.5'),
(19912, 372, 5, '3.75'),
(19913, 372, 6, '3.5'),
(19914, 374, 1, '3.75'),
(19915, 374, 2, '3.75'),
(19916, 374, 3, '3.75'),
(19917, 374, 4, '3.75'),
(19918, 374, 5, '3'),
(19919, 374, 6, '2'),
(19920, 376, 1, '2'),
(19921, 376, 2, '2.5'),
(19922, 376, 3, '2.5'),
(19923, 376, 4, '2.5'),
(19924, 376, 5, '3'),
(19925, 376, 6, '2'),
(19926, 378, 1, '3.5'),
(19927, 378, 2, '3.75'),
(19928, 378, 3, '3'),
(19929, 378, 4, '2'),
(19930, 378, 5, '3.75'),
(19931, 378, 6, '2'),
(19932, 380, 1, '2.5'),
(19933, 380, 2, '2.5'),
(19934, 380, 3, '3'),
(19935, 380, 4, '2'),
(19936, 380, 5, '3'),
(19937, 380, 6, '3.5'),
(19938, 382, 1, '2'),
(19939, 382, 2, '2'),
(19940, 382, 3, '0'),
(19941, 382, 4, '2'),
(19942, 382, 5, '1'),
(19943, 382, 6, '0'),
(19944, 384, 1, '3.75'),
(19945, 384, 2, '4'),
(19946, 384, 3, '3'),
(19947, 384, 4, '3'),
(19948, 384, 5, '2.5'),
(19949, 384, 6, '2'),
(19950, 386, 1, '2'),
(19951, 386, 2, '2'),
(19952, 386, 3, '2'),
(19953, 386, 4, '2'),
(19954, 386, 5, '2'),
(19955, 386, 6, '0'),
(19956, 388, 1, '2.5'),
(19957, 388, 2, '3.5'),
(19958, 388, 3, '2.5'),
(19959, 388, 4, '2'),
(19960, 388, 5, '3'),
(19961, 388, 6, '3'),
(19962, 390, 1, '3'),
(19963, 390, 2, '2'),
(19964, 390, 3, '3'),
(19965, 390, 4, '2'),
(19966, 390, 5, '2.5'),
(19967, 390, 6, '3'),
(19968, 392, 1, '2.5'),
(19969, 392, 2, '2'),
(19970, 392, 3, '2.5'),
(19971, 392, 4, '3.5'),
(19972, 392, 5, '3.5'),
(19973, 392, 6, '0'),
(19974, 394, 1, '0'),
(19975, 394, 2, '0'),
(19976, 394, 3, '0'),
(19977, 394, 4, '0'),
(19978, 394, 5, '0'),
(19979, 394, 6, '0'),
(19980, 396, 1, '3'),
(19981, 396, 2, '3'),
(19982, 396, 3, '3'),
(19983, 396, 4, '3'),
(19984, 396, 5, '3'),
(19985, 396, 6, '2.5'),
(19986, 398, 1, '0'),
(19987, 398, 2, '0'),
(19988, 398, 3, '0'),
(19989, 398, 4, '0'),
(19990, 398, 5, '0'),
(19991, 398, 6, '0'),
(19992, 400, 1, '3.75'),
(19993, 400, 2, '3.5'),
(19994, 400, 3, '2'),
(19995, 400, 4, '2'),
(19996, 400, 5, '2.5'),
(19997, 400, 6, '3'),
(19998, 402, 1, '2.5'),
(19999, 402, 2, '3'),
(20000, 402, 3, '3'),
(20001, 402, 4, '2'),
(20002, 402, 5, '3'),
(20003, 402, 6, '2.5'),
(20004, 404, 1, '3.5'),
(20005, 404, 2, '3'),
(20006, 404, 3, '3'),
(20007, 404, 4, '3'),
(20008, 404, 5, '3.75'),
(20009, 404, 6, '3.75'),
(20010, 406, 1, '2.5'),
(20011, 406, 2, '2'),
(20012, 406, 3, '2'),
(20013, 406, 4, '2.5'),
(20014, 406, 5, '3.5'),
(20015, 406, 6, '0'),
(20016, 408, 1, '0'),
(20017, 408, 2, '0'),
(20018, 408, 3, '0'),
(20019, 408, 4, '0'),
(20020, 408, 5, '0'),
(20021, 408, 6, '0'),
(20022, 410, 1, '2'),
(20023, 410, 2, '3'),
(20024, 410, 3, '2'),
(20025, 410, 4, '0'),
(20026, 410, 5, '2.5'),
(20027, 410, 6, '0'),
(20028, 412, 1, '2.5'),
(20029, 412, 2, '3'),
(20030, 412, 3, '2.5'),
(20031, 412, 4, '2.5'),
(20032, 412, 5, '3'),
(20033, 412, 6, '3'),
(20034, 414, 1, '3'),
(20035, 414, 2, '2'),
(20036, 414, 3, '3'),
(20037, 414, 4, '2'),
(20038, 414, 5, '3'),
(20039, 414, 6, '3'),
(20040, 416, 1, '3'),
(20041, 416, 2, '3'),
(20042, 416, 3, '3'),
(20043, 416, 4, '2.5'),
(20044, 416, 5, '3.75'),
(20045, 416, 6, '3.5'),
(20046, 418, 1, '2'),
(20047, 418, 2, '3.5'),
(20048, 418, 3, '3'),
(20049, 418, 4, '2.5'),
(20050, 418, 5, '2.5'),
(20051, 418, 6, '0'),
(20052, 420, 1, '0'),
(20053, 420, 2, '0'),
(20054, 420, 3, '0'),
(20055, 420, 4, '0'),
(20056, 420, 5, '0'),
(20057, 420, 6, '0'),
(20058, 422, 1, '3.5'),
(20059, 422, 2, '3'),
(20060, 422, 3, '3'),
(20061, 422, 4, '2'),
(20062, 422, 5, '3'),
(20063, 422, 6, '3.75'),
(20064, 424, 1, '2'),
(20065, 424, 2, '4'),
(20066, 424, 3, '3.75'),
(20067, 424, 4, '3.75'),
(20068, 424, 5, '0'),
(20069, 424, 6, '3.75'),
(20070, 426, 1, '0'),
(20071, 426, 2, '0'),
(20072, 426, 3, '0'),
(20073, 426, 4, '0'),
(20074, 426, 5, '0'),
(20075, 426, 6, '0'),
(20076, 428, 1, '0'),
(20077, 428, 2, '0'),
(20078, 428, 3, '0'),
(20079, 428, 4, '0'),
(20080, 428, 5, '0'),
(20081, 428, 6, '0'),
(20082, 430, 1, '2'),
(20083, 430, 2, '2.5'),
(20084, 430, 3, '3.75'),
(20085, 430, 4, '2'),
(20086, 430, 5, '2.5'),
(20087, 430, 6, '1'),
(20088, 432, 1, '3.5'),
(20089, 432, 2, '3.5'),
(20090, 432, 3, '3.5'),
(20091, 432, 4, '3'),
(20092, 432, 5, '3.5'),
(20093, 432, 6, '2.5'),
(20094, 434, 1, '2.5'),
(20095, 434, 2, '3.5'),
(20096, 434, 3, '3.75'),
(20097, 434, 4, '2'),
(20098, 434, 5, '3'),
(20099, 434, 6, '3'),
(20100, 436, 1, '1'),
(20101, 436, 2, '0'),
(20102, 436, 3, '0'),
(20103, 436, 4, '0'),
(20104, 436, 5, '0'),
(20105, 436, 6, '0'),
(20106, 438, 1, '3.5'),
(20107, 438, 2, '3'),
(20108, 438, 3, '3.75'),
(20109, 438, 4, '2.5'),
(20110, 438, 5, '3'),
(20111, 438, 6, '3'),
(20112, 440, 1, '2.5'),
(20113, 440, 2, '2.5'),
(20114, 440, 3, '3.5'),
(20115, 440, 4, '0'),
(20116, 440, 5, '1'),
(20117, 440, 6, '0'),
(20118, 442, 1, '3.5'),
(20119, 442, 2, '3.75'),
(20120, 442, 3, '3'),
(20121, 442, 4, '2.5'),
(20122, 442, 5, '3'),
(20123, 442, 6, '2.5'),
(20124, 444, 1, '2'),
(20125, 444, 2, '3'),
(20126, 444, 3, '0'),
(20127, 444, 4, '2'),
(20128, 444, 5, '2.5'),
(20129, 444, 6, '2.5'),
(20130, 446, 1, '2'),
(20131, 446, 2, '3.5'),
(20132, 446, 3, '3.5'),
(20133, 446, 4, '2.5'),
(20134, 446, 5, '1'),
(20135, 446, 6, '2.5'),
(20136, 448, 1, '2'),
(20137, 448, 2, '3'),
(20138, 448, 3, '3'),
(20139, 448, 4, '3'),
(20140, 448, 5, '1'),
(20141, 448, 6, '2.5'),
(20142, 450, 1, '2'),
(20143, 450, 2, '3.5'),
(20144, 450, 3, '3.5'),
(20145, 450, 4, '0'),
(20146, 450, 5, '3'),
(20147, 450, 6, '0'),
(20148, 452, 1, '3'),
(20149, 452, 2, '0'),
(20150, 452, 3, '0'),
(20151, 452, 4, '0'),
(20152, 452, 5, '0'),
(20153, 452, 6, '0'),
(20154, 454, 1, '4'),
(20155, 454, 2, '3.75'),
(20156, 454, 3, '3.75'),
(20157, 454, 4, '0'),
(20158, 454, 5, '3'),
(20159, 454, 6, '3'),
(20160, 456, 1, '0'),
(20161, 456, 2, '0'),
(20162, 456, 3, '0'),
(20163, 456, 4, '0'),
(20164, 456, 5, '0'),
(20165, 456, 6, '0'),
(20166, 458, 1, '2.5'),
(20167, 458, 2, '0'),
(20168, 458, 3, '0'),
(20169, 458, 4, '0'),
(20170, 458, 5, '0'),
(20171, 458, 6, '0'),
(20172, 460, 1, '3.75'),
(20173, 460, 2, '3.75'),
(20174, 460, 3, '2'),
(20175, 460, 4, '3'),
(20176, 460, 5, '3'),
(20177, 460, 6, '1'),
(20178, 462, 1, '2.5'),
(20179, 462, 2, '2'),
(20180, 462, 3, '3.5'),
(20181, 462, 4, '0'),
(20182, 462, 5, '0'),
(20183, 462, 6, '2.5'),
(20184, 464, 1, '0'),
(20185, 464, 2, '0'),
(20186, 464, 3, '0'),
(20187, 464, 4, '0'),
(20188, 464, 5, '0'),
(20189, 464, 6, '0'),
(20190, 466, 1, '0'),
(20191, 466, 2, '0'),
(20192, 466, 3, '0'),
(20193, 466, 4, '0'),
(20194, 466, 5, '0'),
(20195, 466, 6, '0'),
(20196, 468, 1, '3'),
(20197, 468, 2, '2.5'),
(20198, 468, 3, '3'),
(20199, 468, 4, '2'),
(20200, 468, 5, '1'),
(20201, 468, 6, '3'),
(20202, 470, 1, '3'),
(20203, 470, 2, '3'),
(20204, 470, 3, '3'),
(20205, 470, 4, '0'),
(20206, 470, 5, '3'),
(20207, 470, 6, '3'),
(20208, 472, 1, '2'),
(20209, 472, 2, '2.5'),
(20210, 472, 3, '3'),
(20211, 472, 4, '2'),
(20212, 472, 5, '1'),
(20213, 472, 6, '2.5'),
(20214, 474, 1, '2.5'),
(20215, 474, 2, '2.5'),
(20216, 474, 3, '0'),
(20217, 474, 4, '2'),
(20218, 474, 5, '2'),
(20219, 474, 6, '0'),
(20220, 476, 1, '3.5'),
(20221, 476, 2, '0'),
(20222, 476, 3, '3.5'),
(20223, 476, 4, '0'),
(20224, 476, 5, '0'),
(20225, 476, 6, '0'),
(20226, 478, 1, '3'),
(20227, 478, 2, '2.5'),
(20228, 478, 3, '0'),
(20229, 478, 4, '2.5'),
(20230, 478, 5, '1'),
(20231, 478, 6, '2.5'),
(20232, 480, 1, '3'),
(20233, 480, 2, '3'),
(20234, 480, 3, '0'),
(20235, 480, 4, '2.5'),
(20236, 480, 5, '0'),
(20237, 480, 6, '2.5'),
(20238, 482, 1, '2.5'),
(20239, 482, 2, '2.5'),
(20240, 482, 3, '3'),
(20241, 482, 4, '2'),
(20242, 482, 5, '0'),
(20243, 482, 6, '0'),
(20244, 484, 1, '2.5'),
(20245, 484, 2, '2'),
(20246, 484, 3, '3'),
(20247, 484, 4, '2'),
(20248, 484, 5, '1'),
(20249, 484, 6, '1'),
(20250, 486, 1, '3'),
(20251, 486, 2, '3'),
(20252, 486, 3, '3'),
(20253, 486, 4, '2'),
(20254, 486, 5, '2.5'),
(20255, 486, 6, '2.5'),
(20256, 488, 1, '0'),
(20257, 488, 2, '0'),
(20258, 488, 3, '0'),
(20259, 488, 4, '0'),
(20260, 488, 5, '0'),
(20261, 488, 6, '0'),
(20262, 490, 1, '2'),
(20263, 490, 2, '3'),
(20264, 490, 3, '3'),
(20265, 490, 4, '2'),
(20266, 490, 5, '0'),
(20267, 490, 6, '0'),
(20268, 492, 1, '2'),
(20269, 492, 2, '2.5'),
(20270, 492, 3, '2.5'),
(20271, 492, 4, '2'),
(20272, 492, 5, '1'),
(20273, 492, 6, '0'),
(20274, 494, 1, '0'),
(20275, 494, 2, '0'),
(20276, 494, 3, '0'),
(20277, 494, 4, '0'),
(20278, 494, 5, '0'),
(20279, 494, 6, '0'),
(20280, 496, 1, '3'),
(20281, 496, 2, '3'),
(20282, 496, 3, '3.5'),
(20283, 496, 4, '2'),
(20284, 496, 5, '2.5'),
(20285, 496, 6, '3'),
(20286, 498, 1, '2.5'),
(20287, 498, 2, '0'),
(20288, 498, 3, '0'),
(20289, 498, 4, '0'),
(20290, 498, 5, '0'),
(20291, 498, 6, '0'),
(20292, 500, 1, '2.5'),
(20293, 500, 2, '3'),
(20294, 500, 3, '2.5'),
(20295, 500, 4, '2'),
(20296, 500, 5, '1'),
(20297, 500, 6, '0'),
(20298, 502, 1, '3'),
(20299, 502, 2, '2'),
(20300, 502, 3, '0'),
(20301, 502, 4, '0'),
(20302, 502, 5, '0'),
(20303, 502, 6, '0'),
(20304, 504, 1, '0'),
(20305, 504, 2, '0'),
(20306, 504, 3, '0'),
(20307, 504, 4, '0'),
(20308, 504, 5, '0'),
(20309, 504, 6, '0'),
(20310, 506, 1, '0'),
(20311, 506, 2, '0'),
(20312, 506, 3, '0'),
(20313, 506, 4, '0'),
(20314, 506, 5, '0'),
(20315, 506, 6, '0'),
(20316, 508, 1, '0'),
(20317, 508, 2, '0'),
(20318, 508, 3, '0'),
(20319, 508, 4, '0'),
(20320, 508, 5, '0'),
(20321, 508, 6, '0'),
(20322, 510, 1, '0'),
(20323, 510, 2, '0'),
(20324, 510, 3, '0'),
(20325, 510, 4, '0'),
(20326, 510, 5, '0'),
(20327, 510, 6, '0'),
(20328, 512, 1, '2.5'),
(20329, 512, 2, '0'),
(20330, 512, 3, '3'),
(20331, 512, 4, '0'),
(20332, 512, 5, '0'),
(20333, 512, 6, '0'),
(20334, 514, 1, '2'),
(20335, 514, 2, '3'),
(20336, 514, 3, '2'),
(20337, 514, 4, '2'),
(20338, 514, 5, '0'),
(20339, 514, 6, '2'),
(20340, 516, 1, '3'),
(20341, 516, 2, '3.75'),
(20342, 516, 3, '3.75'),
(20343, 516, 4, '3.5'),
(20344, 516, 5, '3.5'),
(20345, 516, 6, '3'),
(20346, 518, 1, '0'),
(20347, 518, 2, '0'),
(20348, 518, 3, '0'),
(20349, 518, 4, '0'),
(20350, 518, 5, '0'),
(20351, 518, 6, '0'),
(20352, 520, 1, '2.5'),
(20353, 520, 2, '2.5'),
(20354, 520, 3, '3'),
(20355, 520, 4, '1'),
(20356, 520, 5, '1'),
(20357, 520, 6, '2.5'),
(20358, 522, 1, '2'),
(20359, 522, 2, '2'),
(20360, 522, 3, '2.5'),
(20361, 522, 4, '2'),
(20362, 522, 5, '2'),
(20363, 522, 6, '2.5'),
(20364, 524, 1, '2.5'),
(20365, 524, 2, '2'),
(20366, 524, 3, '3.5'),
(20367, 524, 4, '0'),
(20368, 524, 5, '0'),
(20369, 524, 6, '1'),
(20370, 526, 1, '0'),
(20371, 526, 2, '0'),
(20372, 526, 3, '0'),
(20373, 526, 4, '0'),
(20374, 526, 5, '0'),
(20375, 526, 6, '0'),
(20376, 528, 1, '3'),
(20377, 528, 2, '3'),
(20378, 528, 3, '2'),
(20379, 528, 4, '0'),
(20380, 528, 5, '2.5'),
(20381, 528, 6, '0'),
(20382, 530, 1, '3'),
(20383, 530, 2, '3'),
(20384, 530, 3, '3'),
(20385, 530, 4, '1'),
(20386, 530, 5, '3'),
(20387, 530, 6, '2.5'),
(20388, 532, 1, '2.5'),
(20389, 532, 2, '0'),
(20390, 532, 3, '0'),
(20391, 532, 4, '2'),
(20392, 532, 5, '1'),
(20393, 532, 6, '0'),
(20394, 534, 1, '2.5'),
(20395, 534, 2, '3'),
(20396, 534, 3, '3.5'),
(20397, 534, 4, '2'),
(20398, 534, 5, '3'),
(20399, 534, 6, '2.5'),
(20400, 536, 1, '2'),
(20401, 536, 2, '2.5'),
(20402, 536, 3, '3.5'),
(20403, 536, 4, '2'),
(20404, 536, 5, '2.5'),
(20405, 536, 6, '2'),
(20406, 538, 1, '3'),
(20407, 538, 2, '2.5'),
(20408, 538, 3, '2.5'),
(20409, 538, 4, '2'),
(20410, 538, 5, '2.5'),
(20411, 538, 6, '2.5'),
(20412, 540, 1, '3'),
(20413, 540, 2, '3'),
(20414, 540, 3, '2.5'),
(20415, 540, 4, '2'),
(20416, 540, 5, '0'),
(20417, 540, 6, '0'),
(20418, 542, 1, '0'),
(20419, 542, 2, '0'),
(20420, 542, 3, '0'),
(20421, 542, 4, '0'),
(20422, 542, 5, '0'),
(20423, 542, 6, '0'),
(20424, 544, 1, '3.75'),
(20425, 544, 2, '3.75'),
(20426, 544, 3, '3.75'),
(20427, 544, 4, '3'),
(20428, 544, 5, '3'),
(20429, 544, 6, '0'),
(20430, 546, 1, '2'),
(20431, 546, 2, '2.5'),
(20432, 546, 3, '2.5'),
(20433, 546, 4, '2'),
(20434, 546, 5, '2.5'),
(20435, 546, 6, '2.5'),
(20436, 548, 1, '1'),
(20437, 548, 2, '3'),
(20438, 548, 3, '2.5'),
(20439, 548, 4, '2'),
(20440, 548, 5, '2.5'),
(20441, 548, 6, '3'),
(20442, 550, 1, '3'),
(20443, 550, 2, '3.5'),
(20444, 550, 3, '3'),
(20445, 550, 4, '0'),
(20446, 550, 5, '0'),
(20447, 550, 6, '0'),
(20448, 552, 1, '0'),
(20449, 552, 2, '0'),
(20450, 552, 3, '0'),
(20451, 552, 4, '0'),
(20452, 552, 5, '0'),
(20453, 552, 6, '0'),
(20454, 554, 1, '0'),
(20455, 554, 2, '0'),
(20456, 554, 3, '0'),
(20457, 554, 4, '0'),
(20458, 554, 5, '0'),
(20459, 554, 6, '0'),
(20460, 556, 1, '0'),
(20461, 556, 2, '0'),
(20462, 556, 3, '0'),
(20463, 556, 4, '0'),
(20464, 556, 5, '0'),
(20465, 556, 6, '0'),
(20466, 558, 1, '3'),
(20467, 558, 2, '0'),
(20468, 558, 3, '0'),
(20469, 558, 4, '0'),
(20470, 558, 5, '0'),
(20471, 558, 6, '0'),
(20472, 560, 1, '3.5'),
(20473, 560, 2, '3.75'),
(20474, 560, 3, '3.75'),
(20475, 560, 4, '2.5'),
(20476, 560, 5, '3.5'),
(20477, 560, 6, '3.5'),
(20478, 562, 1, '0'),
(20479, 562, 2, '0'),
(20480, 562, 3, '0'),
(20481, 562, 4, '0'),
(20482, 562, 5, '0'),
(20483, 562, 6, '0'),
(20484, 564, 1, '3.75'),
(20485, 564, 2, '3.75'),
(20486, 564, 3, '3.75'),
(20487, 564, 4, '3.75'),
(20488, 564, 5, '3.75'),
(20489, 564, 6, '3.75'),
(20490, 566, 1, '2'),
(20491, 566, 2, '2.5'),
(20492, 566, 3, '3'),
(20493, 566, 4, '2'),
(20494, 566, 5, '1'),
(20495, 566, 6, '2.5'),
(20496, 568, 1, '3.5'),
(20497, 568, 2, '2.5'),
(20498, 568, 3, '3.5'),
(20499, 568, 4, '0'),
(20500, 568, 5, '0'),
(20501, 568, 6, '1'),
(20502, 570, 1, '2.5'),
(20503, 570, 2, '3.5'),
(20504, 570, 3, '3.75'),
(20505, 570, 4, '3'),
(20506, 570, 5, '3.5'),
(20507, 570, 6, '3'),
(20508, 572, 1, '3'),
(20509, 572, 2, '2.5'),
(20510, 572, 3, '2'),
(20511, 572, 4, '0'),
(20512, 572, 5, '0'),
(20513, 572, 6, '0'),
(20514, 574, 1, '0'),
(20515, 574, 2, '0'),
(20516, 574, 3, '0'),
(20517, 574, 4, '0'),
(20518, 574, 5, '0'),
(20519, 574, 6, '0'),
(20520, 576, 1, '0'),
(20521, 576, 2, '0'),
(20522, 576, 3, '0'),
(20523, 576, 4, '0'),
(20524, 576, 5, '0'),
(20525, 576, 6, '0'),
(20526, 578, 1, '2.5'),
(20527, 578, 2, '3.5'),
(20528, 578, 3, '4'),
(20529, 578, 4, '2.5'),
(20530, 578, 5, '1'),
(20531, 578, 6, '2'),
(20532, 580, 1, '0'),
(20533, 580, 2, '0'),
(20534, 580, 3, '0'),
(20535, 580, 4, '0'),
(20536, 580, 5, '0'),
(20537, 580, 6, '0'),
(20538, 582, 1, '0'),
(20539, 582, 2, '0'),
(20540, 582, 3, '0'),
(20541, 582, 4, '0'),
(20542, 582, 5, '0'),
(20543, 582, 6, '0'),
(20544, 584, 1, '0'),
(20545, 584, 2, '0'),
(20546, 584, 3, '0'),
(20547, 584, 4, '0'),
(20548, 584, 5, '0'),
(20549, 584, 6, '0'),
(20550, 586, 1, '1'),
(20551, 586, 2, '2'),
(20552, 586, 3, '3'),
(20553, 586, 4, '1'),
(20554, 586, 5, '1'),
(20555, 586, 6, '0'),
(20556, 588, 1, '2'),
(20557, 588, 2, '0'),
(20558, 588, 3, '0'),
(20559, 588, 4, '0'),
(20560, 588, 5, '0'),
(20561, 588, 6, '0'),
(20562, 590, 1, '3'),
(20563, 590, 2, '3'),
(20564, 590, 3, '3.75'),
(20565, 590, 4, '2.5'),
(20566, 590, 5, '3'),
(20567, 590, 6, '2.5'),
(20568, 592, 1, '3'),
(20569, 592, 2, '3'),
(20570, 592, 3, '2'),
(20571, 592, 4, '3'),
(20572, 592, 5, '0'),
(20573, 592, 6, '0'),
(20574, 594, 1, '2.5'),
(20575, 594, 2, '2'),
(20576, 594, 3, '3.5'),
(20577, 594, 4, '3.5'),
(20578, 594, 5, '2.5'),
(20579, 594, 6, '0'),
(20580, 596, 1, '0'),
(20581, 596, 2, '0'),
(20582, 596, 3, '0'),
(20583, 596, 4, '0'),
(20584, 596, 5, '0'),
(20585, 596, 6, '0'),
(20586, 598, 1, '2.5'),
(20587, 598, 2, '3'),
(20588, 598, 3, '2.5'),
(20589, 598, 4, '3'),
(20590, 598, 5, '3'),
(20591, 598, 6, '3.5'),
(20592, 600, 1, '0'),
(20593, 600, 2, '0'),
(20594, 600, 3, '0'),
(20595, 600, 4, '0'),
(20596, 600, 5, '0'),
(20597, 600, 6, '0'),
(20598, 602, 1, '0'),
(20599, 602, 2, '0'),
(20600, 602, 3, '0'),
(20601, 602, 4, '0'),
(20602, 602, 5, '0'),
(20603, 602, 6, '0'),
(20604, 604, 1, '0'),
(20605, 604, 2, '0'),
(20606, 604, 3, '0'),
(20607, 604, 4, '0'),
(20608, 604, 5, '0'),
(20609, 604, 6, '0'),
(20610, 606, 1, '0'),
(20611, 606, 2, '0'),
(20612, 606, 3, '0'),
(20613, 606, 4, '0'),
(20614, 606, 5, '0'),
(20615, 606, 6, '0'),
(20616, 608, 1, '0'),
(20617, 608, 2, '0'),
(20618, 608, 3, '0'),
(20619, 608, 4, '0'),
(20620, 608, 5, '0'),
(20621, 608, 6, '0'),
(20622, 610, 1, '2'),
(20623, 610, 2, '3.5'),
(20624, 610, 3, '3.75'),
(20625, 610, 4, '2'),
(20626, 610, 5, '3'),
(20627, 610, 6, '3.5'),
(20628, 612, 1, '3.5'),
(20629, 612, 2, '3.5'),
(20630, 612, 3, '2.5'),
(20631, 612, 4, '2'),
(20632, 612, 5, '1'),
(20633, 612, 6, '2.5'),
(20634, 614, 1, '2.5'),
(20635, 614, 2, '3.5'),
(20636, 614, 3, '3.5'),
(20637, 614, 4, '2'),
(20638, 614, 5, '2.5'),
(20639, 614, 6, '2'),
(20640, 616, 1, '0'),
(20641, 616, 2, '3'),
(20642, 616, 3, '2'),
(20643, 616, 4, '0'),
(20644, 616, 5, '0'),
(20645, 616, 6, '0'),
(20646, 618, 1, '3'),
(20647, 618, 2, '3.5'),
(20648, 618, 3, '0'),
(20649, 618, 4, '3'),
(20650, 618, 5, '0'),
(20651, 618, 6, '0'),
(20652, 620, 1, '0'),
(20653, 620, 2, '0'),
(20654, 620, 3, '0'),
(20655, 620, 4, '0'),
(20656, 620, 5, '0'),
(20657, 620, 6, '0'),
(20658, 622, 1, '3'),
(20659, 622, 2, '2.5'),
(20660, 622, 3, '2.5'),
(20661, 622, 4, '2'),
(20662, 622, 5, '0'),
(20663, 622, 6, '0'),
(20664, 624, 1, '3'),
(20665, 624, 2, '3'),
(20666, 624, 3, '0'),
(20667, 624, 4, '2.5'),
(20668, 624, 5, '0'),
(20669, 624, 6, '0'),
(20670, 626, 1, '3.5'),
(20671, 626, 2, '3'),
(20672, 626, 3, '3.75'),
(20673, 626, 4, '3'),
(20674, 626, 5, '0'),
(20675, 626, 6, '0'),
(20676, 628, 1, '0'),
(20677, 628, 2, '0'),
(20678, 628, 3, '0'),
(20679, 628, 4, '0'),
(20680, 628, 5, '0'),
(20681, 628, 6, '0'),
(20682, 630, 1, '3.5'),
(20683, 630, 2, '3'),
(20684, 630, 3, '3.5'),
(20685, 630, 4, '3'),
(20686, 630, 5, '0'),
(20687, 630, 6, '0'),
(20688, 632, 1, '0'),
(20689, 632, 2, '0'),
(20690, 632, 3, '0'),
(20691, 632, 4, '0'),
(20692, 632, 5, '0'),
(20693, 632, 6, '0'),
(20694, 634, 1, '2.5'),
(20695, 634, 2, '2.5'),
(20696, 634, 3, '0'),
(20697, 634, 4, '3.5'),
(20698, 634, 5, '0'),
(20699, 634, 6, '0'),
(20700, 636, 1, '2'),
(20701, 636, 2, '0'),
(20702, 636, 3, '0'),
(20703, 636, 4, '0'),
(20704, 636, 5, '0'),
(20705, 636, 6, '0'),
(20706, 638, 1, '0'),
(20707, 638, 2, '0'),
(20708, 638, 3, '0'),
(20709, 638, 4, '0'),
(20710, 638, 5, '0'),
(20711, 638, 6, '0'),
(20712, 640, 1, '0'),
(20713, 640, 2, '3'),
(20714, 640, 3, '0'),
(20715, 640, 4, '0'),
(20716, 640, 5, '0'),
(20717, 640, 6, '0'),
(20718, 642, 1, '3'),
(20719, 642, 2, '3'),
(20720, 642, 3, '0'),
(20721, 642, 4, '0'),
(20722, 642, 5, '0'),
(20723, 642, 6, '0'),
(20724, 644, 1, '3.75'),
(20725, 644, 2, '3.75'),
(20726, 644, 3, '0'),
(20727, 644, 4, '0'),
(20728, 644, 5, '0'),
(20729, 644, 6, '0'),
(20730, 646, 1, '3'),
(20731, 646, 2, '3.5'),
(20732, 646, 3, '0'),
(20733, 646, 4, '2.5'),
(20734, 646, 5, '0'),
(20735, 646, 6, '0'),
(20736, 648, 1, '0'),
(20737, 648, 2, '0'),
(20738, 648, 3, '0'),
(20739, 648, 4, '0'),
(20740, 648, 5, '0'),
(20741, 648, 6, '0'),
(20742, 650, 1, '0'),
(20743, 650, 2, '3.75'),
(20744, 650, 3, '0'),
(20745, 650, 4, '3'),
(20746, 650, 5, '0'),
(20747, 650, 6, '0'),
(20748, 652, 1, '0'),
(20749, 652, 2, '0'),
(20750, 652, 3, '0'),
(20751, 652, 4, '0'),
(20752, 652, 5, '0'),
(20753, 652, 6, '0'),
(20754, 654, 1, '3.5'),
(20755, 654, 2, '3.5'),
(20756, 654, 3, '0'),
(20757, 654, 4, '2.5'),
(20758, 654, 5, '0'),
(20759, 654, 6, '0'),
(20760, 656, 1, '3.5'),
(20761, 656, 2, '3.5'),
(20762, 656, 3, '0'),
(20763, 656, 4, '2.5'),
(20764, 656, 5, '0'),
(20765, 656, 6, '0'),
(20766, 658, 1, '0'),
(20767, 658, 2, '0'),
(20768, 658, 3, '0'),
(20769, 658, 4, '0'),
(20770, 658, 5, '0'),
(20771, 658, 6, '0'),
(20772, 660, 1, '2'),
(20773, 660, 2, '3'),
(20774, 660, 3, '0'),
(20775, 660, 4, '2.5'),
(20776, 660, 5, '0'),
(20777, 660, 6, '0'),
(20778, 662, 1, '0'),
(20779, 662, 2, '0'),
(20780, 662, 3, '0'),
(20781, 662, 4, '0'),
(20782, 662, 5, '0'),
(20783, 662, 6, '0'),
(20784, 664, 1, '3'),
(20785, 664, 2, '0'),
(20786, 664, 3, '0'),
(20787, 664, 4, '0'),
(20788, 664, 5, '0'),
(20789, 664, 6, '0'),
(20790, 666, 1, '2'),
(20791, 666, 2, '3'),
(20792, 666, 3, '0'),
(20793, 666, 4, '0'),
(20794, 666, 5, '0'),
(20795, 666, 6, '0'),
(20796, 668, 1, '2.5'),
(20797, 668, 2, '3'),
(20798, 668, 3, '0'),
(20799, 668, 4, '0'),
(20800, 668, 5, '0'),
(20801, 668, 6, '0'),
(20802, 670, 1, '0'),
(20803, 670, 2, '3.75'),
(20804, 670, 3, '0'),
(20805, 670, 4, '0'),
(20806, 670, 5, '0'),
(20807, 670, 6, '0'),
(20808, 672, 1, '0'),
(20809, 672, 2, '0'),
(20810, 672, 3, '0'),
(20811, 672, 4, '0'),
(20812, 672, 5, '0'),
(20813, 672, 6, '0'),
(20814, 674, 1, '3'),
(20815, 674, 2, '0'),
(20816, 674, 3, '3.75'),
(20817, 674, 4, '3.75'),
(20818, 674, 5, '0'),
(20819, 674, 6, '0'),
(20820, 676, 1, '3.5'),
(20821, 676, 2, '2.5'),
(20822, 676, 3, '3'),
(20823, 676, 4, '3'),
(20824, 676, 5, '0'),
(20825, 676, 6, '0'),
(20826, 678, 1, '3.75'),
(20827, 678, 2, '0'),
(20828, 678, 3, '3.75'),
(20829, 678, 4, '4'),
(20830, 678, 5, '0'),
(20831, 678, 6, '0'),
(20832, 680, 1, '0'),
(20833, 680, 2, '0'),
(20834, 680, 3, '0'),
(20835, 680, 4, '0'),
(20836, 680, 5, '0'),
(20837, 680, 6, '0'),
(20838, 682, 1, '3.75'),
(20839, 682, 2, '3'),
(20840, 682, 3, '3'),
(20841, 682, 4, '3'),
(20842, 682, 5, '0'),
(20843, 682, 6, '0'),
(20844, 684, 1, '0'),
(20845, 684, 2, '0'),
(20846, 684, 3, '0'),
(20847, 684, 4, '0'),
(20848, 684, 5, '0'),
(20849, 684, 6, '0'),
(20850, 686, 1, '0'),
(20851, 686, 2, '3.5'),
(20852, 686, 3, '0'),
(20853, 686, 4, '0'),
(20854, 686, 5, '0'),
(20855, 686, 6, '0'),
(20856, 688, 1, '2.5'),
(20857, 688, 2, '2.5'),
(20858, 688, 3, '2'),
(20859, 688, 4, '0'),
(20860, 688, 5, '0'),
(20861, 688, 6, '0'),
(20862, 690, 1, '3'),
(20863, 690, 2, '3.5'),
(20864, 690, 3, '0'),
(20865, 690, 4, '2'),
(20866, 690, 5, '0'),
(20867, 690, 6, '0'),
(20868, 692, 1, '3'),
(20869, 692, 2, '3.5'),
(20870, 692, 3, '0'),
(20871, 692, 4, '2'),
(20872, 692, 5, '0'),
(20873, 692, 6, '0'),
(20874, 694, 1, '2.5'),
(20875, 694, 2, '3'),
(20876, 694, 3, '0'),
(20877, 694, 4, '0'),
(20878, 694, 5, '0'),
(20879, 694, 6, '0'),
(20880, 696, 1, '3.75'),
(20881, 696, 2, '3'),
(20882, 696, 3, '3.5'),
(20883, 696, 4, '2.5'),
(20884, 696, 5, '0'),
(20885, 696, 6, '0'),
(20886, 698, 1, '0'),
(20887, 698, 2, '2'),
(20888, 698, 3, '0'),
(20889, 698, 4, '2.5'),
(20890, 698, 5, '0'),
(20891, 698, 6, '0'),
(20892, 700, 1, '0'),
(20893, 700, 2, '0'),
(20894, 700, 3, '0'),
(20895, 700, 4, '0'),
(20896, 700, 5, '0'),
(20897, 700, 6, '0'),
(20898, 702, 1, '2.5'),
(20899, 702, 2, '3.5'),
(20900, 702, 3, '0'),
(20901, 702, 4, '2.5'),
(20902, 702, 5, '0'),
(20903, 702, 6, '0'),
(20904, 704, 1, '0'),
(20905, 704, 2, '0'),
(20906, 704, 3, '0'),
(20907, 704, 4, '0'),
(20908, 704, 5, '0'),
(20909, 704, 6, '0'),
(20910, 706, 1, '2.5'),
(20911, 706, 2, '3.5'),
(20912, 706, 3, '0'),
(20913, 706, 4, '2.5'),
(20914, 706, 5, '0'),
(20915, 706, 6, '0'),
(20916, 708, 1, '0'),
(20917, 708, 2, '0'),
(20918, 708, 3, '0'),
(20919, 708, 4, '0'),
(20920, 708, 5, '0'),
(20921, 708, 6, '0'),
(20922, 710, 1, '0'),
(20923, 710, 2, '0'),
(20924, 710, 3, '0'),
(20925, 710, 4, '0'),
(20926, 710, 5, '0'),
(20927, 710, 6, '0'),
(20928, 712, 1, '0'),
(20929, 712, 2, '0'),
(20930, 712, 3, '0'),
(20931, 712, 4, '0'),
(20932, 712, 5, '0'),
(20933, 712, 6, '0'),
(20934, 714, 1, '2'),
(20935, 714, 2, '1'),
(20936, 714, 3, '1'),
(20937, 714, 4, '0'),
(20938, 714, 5, '0'),
(20939, 714, 6, '0'),
(20940, 716, 1, '0'),
(20941, 716, 2, '0'),
(20942, 716, 3, '0'),
(20943, 716, 4, '0'),
(20944, 716, 5, '0'),
(20945, 716, 6, '0'),
(20946, 718, 1, '3'),
(20947, 718, 2, '2'),
(20948, 718, 3, '1'),
(20949, 718, 4, '0'),
(20950, 718, 5, '0'),
(20951, 718, 6, '0'),
(20952, 720, 1, '3'),
(20953, 720, 2, '2.5'),
(20954, 720, 3, '0'),
(20955, 720, 4, '0'),
(20956, 720, 5, '0'),
(20957, 720, 6, '0'),
(20958, 722, 1, '0'),
(20959, 722, 2, '0'),
(20960, 722, 3, '0'),
(20961, 722, 4, '0'),
(20962, 722, 5, '0'),
(20963, 722, 6, '0'),
(20964, 724, 1, '2.5'),
(20965, 724, 2, '2'),
(20966, 724, 3, '2.5'),
(20967, 724, 4, '1'),
(20968, 724, 5, '0'),
(20969, 724, 6, '0'),
(20970, 726, 1, '2'),
(20971, 726, 2, '2.5'),
(20972, 726, 3, '0'),
(20973, 726, 4, '0'),
(20974, 726, 5, '0'),
(20975, 726, 6, '0'),
(20976, 728, 1, '2.5'),
(20977, 728, 2, '2'),
(20978, 728, 3, '2'),
(20979, 728, 4, '2.5'),
(20980, 728, 5, '0'),
(20981, 728, 6, '0'),
(20982, 730, 1, '0'),
(20983, 730, 2, '3.75'),
(20984, 730, 3, '0'),
(20985, 730, 4, '0'),
(20986, 730, 5, '0'),
(20987, 730, 6, '0'),
(20988, 732, 1, '0'),
(20989, 732, 2, '0'),
(20990, 732, 3, '0'),
(20991, 732, 4, '0'),
(20992, 732, 5, '0'),
(20993, 732, 6, '0'),
(20994, 734, 1, '2.5'),
(20995, 734, 2, '3.5'),
(20996, 734, 3, '3'),
(20997, 734, 4, '2.5'),
(20998, 734, 5, '0'),
(20999, 734, 6, '0'),
(21000, 736, 1, '3.5'),
(21001, 736, 2, '2.5'),
(21002, 736, 3, '2'),
(21003, 736, 4, '2'),
(21004, 736, 5, '0'),
(21005, 736, 6, '0'),
(21006, 738, 1, '2.5'),
(21007, 738, 2, '2'),
(21008, 738, 3, '0'),
(21009, 738, 4, '2'),
(21010, 738, 5, '0'),
(21011, 738, 6, '0'),
(21012, 740, 1, '3'),
(21013, 740, 2, '3.75'),
(21014, 740, 3, '3.5'),
(21015, 740, 4, '3'),
(21016, 740, 5, '0'),
(21017, 740, 6, '0'),
(21018, 742, 1, '0'),
(21019, 742, 2, '0'),
(21020, 742, 3, '0'),
(21021, 742, 4, '0'),
(21022, 742, 5, '0'),
(21023, 742, 6, '0'),
(21024, 744, 1, '1'),
(21025, 744, 2, '0'),
(21026, 744, 3, '0'),
(21027, 744, 4, '0'),
(21028, 744, 5, '0'),
(21029, 744, 6, '0'),
(21030, 746, 1, '3'),
(21031, 746, 2, '0'),
(21032, 746, 3, '2'),
(21033, 746, 4, '0'),
(21034, 746, 5, '0'),
(21035, 746, 6, '0'),
(21036, 748, 1, '2.5'),
(21037, 748, 2, '3.75'),
(21038, 748, 3, '3'),
(21039, 748, 4, '0'),
(21040, 748, 5, '0'),
(21041, 748, 6, '0'),
(21042, 750, 1, '2.5'),
(21043, 750, 2, '3.5'),
(21044, 750, 3, '0'),
(21045, 750, 4, '0'),
(21046, 750, 5, '0'),
(21047, 750, 6, '0'),
(21048, 752, 1, '0'),
(21049, 752, 2, '1'),
(21050, 752, 3, '0'),
(21051, 752, 4, '3'),
(21052, 752, 5, '0'),
(21053, 752, 6, '0');

-- --------------------------------------------------------

--
-- Struktur dari tabel `spa_testing`
--

CREATE TABLE `spa_testing` (
  `id_spa_testing` int(11) NOT NULL,
  `id_testing` int(11) NOT NULL,
  `id_status_spa` int(11) NOT NULL,
  `nilai_spa` char(10) NOT NULL
) ENGINE=InnoDB DEFAULT CHARSET=utf8mb4;

--
-- Dumping data untuk tabel `spa_testing`
--

INSERT INTO `spa_testing` (`id_spa_testing`, `id_testing`, `id_status_spa`, `nilai_spa`) VALUES
(2269, 1, 1, '2'),
(2270, 1, 2, '2.45'),
(2271, 1, 3, '3.31'),
(2272, 1, 4, '2.86'),
(2273, 1, 5, '2'),
(2274, 1, 6, '2');

-- --------------------------------------------------------

--
-- Struktur dari tabel `status_ipk`
--

CREATE TABLE `status_ipk` (
  `id_status_ipk` int(11) NOT NULL,
  `status_ipk` int(11) NOT NULL
) ENGINE=InnoDB DEFAULT CHARSET=utf8mb4;

--
-- Dumping data untuk tabel `status_ipk`
--

INSERT INTO `status_ipk` (`id_status_ipk`, `status_ipk`) VALUES
(1, 1),
(2, 2),
(3, 3),
(4, 4);

-- --------------------------------------------------------

--
-- Struktur dari tabel `status_spa`
--

CREATE TABLE `status_spa` (
  `id_status_spa` int(11) NOT NULL,
  `status_spa` int(11) NOT NULL
) ENGINE=InnoDB DEFAULT CHARSET=utf8mb4;

--
-- Dumping data untuk tabel `status_spa`
--

INSERT INTO `status_spa` (`id_status_spa`, `status_spa`) VALUES
(1, 1),
(2, 2),
(3, 3),
(4, 4),
(5, 5),
(6, 6);

-- --------------------------------------------------------

--
-- Struktur dari tabel `users`
--

CREATE TABLE `users` (
  `id_user` int(11) NOT NULL,
  `id_role` int(11) DEFAULT 2,
  `username` varchar(100) DEFAULT NULL,
  `email` varchar(75) DEFAULT NULL,
  `password` varchar(75) DEFAULT NULL,
  `created_at` datetime DEFAULT current_timestamp(),
  `updated_at` datetime DEFAULT current_timestamp()
) ENGINE=InnoDB DEFAULT CHARSET=utf8mb4;

--
-- Dumping data untuk tabel `users`
--

INSERT INTO `users` (`id_user`, `id_role`, `username`, `email`, `password`, `created_at`, `updated_at`) VALUES
(1, 1, 'Tata Usaha', 'tu@gmail.com', '$2y$10$//KMATh3ibPoI3nHFp7x/u7vnAbo2WyUgmI4x0CVVrH8ajFhMvbjG', '2023-06-15 22:45:19', '2023-06-15 22:45:19'),
(2, 2, 'Ketua Program Studi', 'kepro@gmail.com', '$2y$10$RCsxeKFpZIVKyGD7KQPiWOHBWBWvOneZN/iSJDELGBTOt2/CQv/s2', '2023-07-17 16:34:15', '2023-07-17 16:34:15'),
(4, 1, 'admin', 'admin@gmail.com', '$2y$10$iHir8BOIOKTI/522coIU4ewLwhxgTKQwunTW.E0iXFCklXNFLz4Hy', '2023-12-04 06:53:38', '2023-12-04 06:53:38');

-- --------------------------------------------------------

--
-- Struktur dari tabel `users_role`
--

CREATE TABLE `users_role` (
  `id_role` int(11) NOT NULL,
  `role` varchar(35) DEFAULT NULL
) ENGINE=InnoDB DEFAULT CHARSET=utf8mb4;

--
-- Dumping data untuk tabel `users_role`
--

INSERT INTO `users_role` (`id_role`, `role`) VALUES
(1, 'Tata Usaha'),
(2, 'Ketua Program Studi');

--
-- Indexes for dumped tables
--

--
-- Indeks untuk tabel `atribut`
--
ALTER TABLE `atribut`
  ADD PRIMARY KEY (`id_atribut`);

--
-- Indeks untuk tabel `atribut_latih`
--
ALTER TABLE `atribut_latih`
  ADD PRIMARY KEY (`id_atribut_latih`),
  ADD KEY `id_latih` (`id_latih`),
  ADD KEY `id_atribut_sub` (`id_atribut_sub`),
  ADD KEY `id_atribut` (`id_atribut`);

--
-- Indeks untuk tabel `atribut_sub`
--
ALTER TABLE `atribut_sub`
  ADD PRIMARY KEY (`id_atribut_sub`),
  ADD KEY `id_atribut` (`id_atribut`);

--
-- Indeks untuk tabel `atribut_testing`
--
ALTER TABLE `atribut_testing`
  ADD PRIMARY KEY (`id_atribut_testing`),
  ADD KEY `id_latih` (`id_testing`),
  ADD KEY `id_atribut_sub` (`id_atribut_sub`);

--
-- Indeks untuk tabel `beranda`
--
ALTER TABLE `beranda`
  ADD PRIMARY KEY (`id`);

--
-- Indeks untuk tabel `data_latih`
--
ALTER TABLE `data_latih`
  ADD PRIMARY KEY (`id_latih`);

--
-- Indeks untuk tabel `data_testing`
--
ALTER TABLE `data_testing`
  ADD PRIMARY KEY (`id_testing`);

--
-- Indeks untuk tabel `ipk_latih`
--
ALTER TABLE `ipk_latih`
  ADD PRIMARY KEY (`id_ipk_latih`),
  ADD KEY `id_status_ipk` (`id_status_ipk`),
  ADD KEY `ipk_testing_ibfk_1` (`id_latih`);

--
-- Indeks untuk tabel `ipk_testing`
--
ALTER TABLE `ipk_testing`
  ADD PRIMARY KEY (`id_ipk_testing`),
  ADD KEY `id_latih` (`id_testing`),
  ADD KEY `id_status_ipk` (`id_status_ipk`);

--
-- Indeks untuk tabel `overview`
--
ALTER TABLE `overview`
  ADD PRIMARY KEY (`id`);

--
-- Indeks untuk tabel `spa_latih`
--
ALTER TABLE `spa_latih`
  ADD PRIMARY KEY (`id_spa_latih`),
  ADD KEY `id_status_spa` (`id_status_spa`),
  ADD KEY `spa_testing_ibfk_1` (`id_latih`);

--
-- Indeks untuk tabel `spa_testing`
--
ALTER TABLE `spa_testing`
  ADD PRIMARY KEY (`id_spa_testing`),
  ADD KEY `id_latih` (`id_testing`),
  ADD KEY `id_status_spa` (`id_status_spa`);

--
-- Indeks untuk tabel `status_ipk`
--
ALTER TABLE `status_ipk`
  ADD PRIMARY KEY (`id_status_ipk`);

--
-- Indeks untuk tabel `status_spa`
--
ALTER TABLE `status_spa`
  ADD PRIMARY KEY (`id_status_spa`);

--
-- Indeks untuk tabel `users`
--
ALTER TABLE `users`
  ADD PRIMARY KEY (`id_user`),
  ADD KEY `id_role` (`id_role`);

--
-- Indeks untuk tabel `users_role`
--
ALTER TABLE `users_role`
  ADD PRIMARY KEY (`id_role`);

--
-- AUTO_INCREMENT untuk tabel yang dibuang
--

--
-- AUTO_INCREMENT untuk tabel `atribut`
--
ALTER TABLE `atribut`
  MODIFY `id_atribut` int(11) NOT NULL AUTO_INCREMENT, AUTO_INCREMENT=8;

--
-- AUTO_INCREMENT untuk tabel `atribut_latih`
--
ALTER TABLE `atribut_latih`
  MODIFY `id_atribut_latih` int(11) NOT NULL AUTO_INCREMENT, AUTO_INCREMENT=12220;

--
-- AUTO_INCREMENT untuk tabel `atribut_sub`
--
ALTER TABLE `atribut_sub`
  MODIFY `id_atribut_sub` int(11) NOT NULL AUTO_INCREMENT, AUTO_INCREMENT=18;

--
-- AUTO_INCREMENT untuk tabel `atribut_testing`
--
ALTER TABLE `atribut_testing`
  MODIFY `id_atribut_testing` int(11) NOT NULL AUTO_INCREMENT, AUTO_INCREMENT=9;

--
-- AUTO_INCREMENT untuk tabel `beranda`
--
ALTER TABLE `beranda`
  MODIFY `id` int(11) NOT NULL AUTO_INCREMENT, AUTO_INCREMENT=6;

--
-- AUTO_INCREMENT untuk tabel `data_latih`
--
ALTER TABLE `data_latih`
  MODIFY `id_latih` int(11) NOT NULL AUTO_INCREMENT, AUTO_INCREMENT=2001;

--
-- AUTO_INCREMENT untuk tabel `data_testing`
--
ALTER TABLE `data_testing`
  MODIFY `id_testing` int(11) NOT NULL AUTO_INCREMENT, AUTO_INCREMENT=378;

--
-- AUTO_INCREMENT untuk tabel `ipk_latih`
--
ALTER TABLE `ipk_latih`
  MODIFY `id_ipk_latih` int(11) NOT NULL AUTO_INCREMENT, AUTO_INCREMENT=14152;

--
-- AUTO_INCREMENT untuk tabel `ipk_testing`
--
ALTER TABLE `ipk_testing`
  MODIFY `id_ipk_testing` int(11) NOT NULL AUTO_INCREMENT, AUTO_INCREMENT=1517;

--
-- AUTO_INCREMENT untuk tabel `overview`
--
ALTER TABLE `overview`
  MODIFY `id` int(11) NOT NULL AUTO_INCREMENT, AUTO_INCREMENT=2;

--
-- AUTO_INCREMENT untuk tabel `spa_latih`
--
ALTER TABLE `spa_latih`
  MODIFY `id_spa_latih` int(11) NOT NULL AUTO_INCREMENT, AUTO_INCREMENT=21054;

--
-- AUTO_INCREMENT untuk tabel `spa_testing`
--
ALTER TABLE `spa_testing`
  MODIFY `id_spa_testing` int(11) NOT NULL AUTO_INCREMENT, AUTO_INCREMENT=2275;

--
-- AUTO_INCREMENT untuk tabel `status_ipk`
--
ALTER TABLE `status_ipk`
  MODIFY `id_status_ipk` int(11) NOT NULL AUTO_INCREMENT, AUTO_INCREMENT=5;

--
-- AUTO_INCREMENT untuk tabel `status_spa`
--
ALTER TABLE `status_spa`
  MODIFY `id_status_spa` int(11) NOT NULL AUTO_INCREMENT, AUTO_INCREMENT=7;

--
-- AUTO_INCREMENT untuk tabel `users`
--
ALTER TABLE `users`
  MODIFY `id_user` int(11) NOT NULL AUTO_INCREMENT, AUTO_INCREMENT=5;

--
-- AUTO_INCREMENT untuk tabel `users_role`
--
ALTER TABLE `users_role`
  MODIFY `id_role` int(11) NOT NULL AUTO_INCREMENT, AUTO_INCREMENT=3;

--
-- Ketidakleluasaan untuk tabel pelimpahan (Dumped Tables)
--

--
-- Ketidakleluasaan untuk tabel `atribut_latih`
--
ALTER TABLE `atribut_latih`
  ADD CONSTRAINT `atribut_latih_ibfk_1` FOREIGN KEY (`id_latih`) REFERENCES `data_latih` (`id_latih`) ON DELETE CASCADE ON UPDATE CASCADE,
  ADD CONSTRAINT `atribut_latih_ibfk_2` FOREIGN KEY (`id_atribut_sub`) REFERENCES `atribut_sub` (`id_atribut_sub`) ON DELETE CASCADE ON UPDATE CASCADE,
  ADD CONSTRAINT `atribut_latih_ibfk_3` FOREIGN KEY (`id_atribut`) REFERENCES `atribut` (`id_atribut`) ON DELETE CASCADE ON UPDATE CASCADE;

--
-- Ketidakleluasaan untuk tabel `atribut_sub`
--
ALTER TABLE `atribut_sub`
  ADD CONSTRAINT `atribut_sub_ibfk_1` FOREIGN KEY (`id_atribut`) REFERENCES `atribut` (`id_atribut`) ON DELETE CASCADE ON UPDATE CASCADE;

--
-- Ketidakleluasaan untuk tabel `atribut_testing`
--
ALTER TABLE `atribut_testing`
  ADD CONSTRAINT `atribut_testing_ibfk_1` FOREIGN KEY (`id_testing`) REFERENCES `data_testing` (`id_testing`) ON DELETE CASCADE ON UPDATE CASCADE,
  ADD CONSTRAINT `atribut_testing_ibfk_2` FOREIGN KEY (`id_atribut_sub`) REFERENCES `atribut_sub` (`id_atribut_sub`) ON DELETE CASCADE ON UPDATE CASCADE;

--
-- Ketidakleluasaan untuk tabel `ipk_latih`
--
ALTER TABLE `ipk_latih`
  ADD CONSTRAINT `ipk_latih_ibfk_1` FOREIGN KEY (`id_latih`) REFERENCES `data_latih` (`id_latih`) ON DELETE CASCADE ON UPDATE CASCADE,
  ADD CONSTRAINT `ipk_latih_ibfk_2` FOREIGN KEY (`id_status_ipk`) REFERENCES `status_ipk` (`id_status_ipk`) ON DELETE NO ACTION ON UPDATE NO ACTION;

--
-- Ketidakleluasaan untuk tabel `ipk_testing`
--
ALTER TABLE `ipk_testing`
  ADD CONSTRAINT `ipk_testing_ibfk_1` FOREIGN KEY (`id_testing`) REFERENCES `data_testing` (`id_testing`) ON DELETE CASCADE ON UPDATE CASCADE,
  ADD CONSTRAINT `ipk_testing_ibfk_2` FOREIGN KEY (`id_status_ipk`) REFERENCES `status_ipk` (`id_status_ipk`) ON DELETE NO ACTION ON UPDATE NO ACTION;

--
-- Ketidakleluasaan untuk tabel `spa_latih`
--
ALTER TABLE `spa_latih`
  ADD CONSTRAINT `spa_latih_ibfk_1` FOREIGN KEY (`id_latih`) REFERENCES `data_latih` (`id_latih`) ON DELETE CASCADE ON UPDATE CASCADE,
  ADD CONSTRAINT `spa_latih_ibfk_2` FOREIGN KEY (`id_status_spa`) REFERENCES `status_spa` (`id_status_spa`) ON DELETE NO ACTION ON UPDATE NO ACTION;

--
-- Ketidakleluasaan untuk tabel `spa_testing`
--
ALTER TABLE `spa_testing`
  ADD CONSTRAINT `spa_testing_ibfk_1` FOREIGN KEY (`id_testing`) REFERENCES `data_testing` (`id_testing`) ON DELETE CASCADE ON UPDATE CASCADE,
  ADD CONSTRAINT `spa_testing_ibfk_2` FOREIGN KEY (`id_status_spa`) REFERENCES `status_spa` (`id_status_spa`) ON DELETE NO ACTION ON UPDATE NO ACTION;

--
-- Ketidakleluasaan untuk tabel `users`
--
ALTER TABLE `users`
  ADD CONSTRAINT `users_ibfk_1` FOREIGN KEY (`id_role`) REFERENCES `users_role` (`id_role`) ON DELETE NO ACTION ON UPDATE NO ACTION;
COMMIT;

/*!40101 SET CHARACTER_SET_CLIENT=@OLD_CHARACTER_SET_CLIENT */;
/*!40101 SET CHARACTER_SET_RESULTS=@OLD_CHARACTER_SET_RESULTS */;
/*!40101 SET COLLATION_CONNECTION=@OLD_COLLATION_CONNECTION */;
