-- phpMyAdmin SQL Dump
-- version 5.2.0
-- https://www.phpmyadmin.net/
--
-- Host: 127.0.0.1
-- Waktu pembuatan: 22 Okt 2023 pada 16.06
-- Versi server: 10.4.25-MariaDB
-- Versi PHP: 7.4.30

SET SQL_MODE = "NO_AUTO_VALUE_ON_ZERO";
START TRANSACTION;
SET time_zone = "+00:00";


/*!40101 SET @OLD_CHARACTER_SET_CLIENT=@@CHARACTER_SET_CLIENT */;
/*!40101 SET @OLD_CHARACTER_SET_RESULTS=@@CHARACTER_SET_RESULTS */;
/*!40101 SET @OLD_COLLATION_CONNECTION=@@COLLATION_CONNECTION */;
/*!40101 SET NAMES utf8mb4 */;

--
-- Database: `data_mining_c45`
--

-- --------------------------------------------------------

--
-- Struktur dari tabel `atribut`
--

CREATE TABLE `atribut` (
  `id_atribut` int(11) NOT NULL,
  `atribut` varchar(50) NOT NULL
) ENGINE=InnoDB DEFAULT CHARSET=utf8mb4;

--
-- Dumping data untuk tabel `atribut`
--

INSERT INTO `atribut` (`id_atribut`, `atribut`) VALUES
(1, 'Jenis_Kelamin'),
(2, 'Predikat_IPK'),
(3, 'Predikat_SPA'),
(4, 'Prediksi');

-- --------------------------------------------------------

--
-- Struktur dari tabel `atribut_latih`
--

CREATE TABLE `atribut_latih` (
  `id_atribut_latih` int(11) NOT NULL,
  `id_latih` int(11) NOT NULL,
  `id_atribut` int(11) NOT NULL,
  `id_atribut_sub` int(11) NOT NULL
) ENGINE=InnoDB DEFAULT CHARSET=utf8mb4;

--
-- Dumping data untuk tabel `atribut_latih`
--

INSERT INTO `atribut_latih` (`id_atribut_latih`, `id_latih`, `id_atribut`, `id_atribut_sub`) VALUES
(6716, 2, 1, 1),
(6717, 2, 2, 4),
(6718, 2, 3, 8),
(6719, 2, 4, 13),
(6720, 4, 1, 1),
(6721, 4, 2, 4),
(6722, 4, 3, 8),
(6723, 4, 4, 13),
(6724, 6, 1, 1),
(6725, 6, 2, 4),
(6726, 6, 3, 8),
(6727, 6, 4, 13),
(6728, 8, 1, 1),
(6729, 8, 2, 6),
(6730, 8, 3, 10),
(6731, 8, 4, 12),
(6732, 10, 1, 2),
(6733, 10, 2, 6),
(6734, 10, 3, 10),
(6735, 10, 4, 12),
(6736, 12, 1, 1),
(6737, 12, 2, 6),
(6738, 12, 3, 10),
(6739, 12, 4, 12),
(6740, 14, 1, 1),
(6741, 14, 2, 7),
(6742, 14, 3, 11),
(6743, 14, 4, 12),
(6744, 16, 1, 1),
(6745, 16, 2, 6),
(6746, 16, 3, 10),
(6747, 16, 4, 12),
(6748, 18, 1, 2),
(6749, 18, 2, 6),
(6750, 18, 3, 10),
(6751, 18, 4, 12),
(6752, 20, 1, 2),
(6753, 20, 2, 4),
(6754, 20, 3, 8),
(6755, 20, 4, 13),
(6756, 22, 1, 1),
(6757, 22, 2, 4),
(6758, 22, 3, 8),
(6759, 22, 4, 13),
(6760, 24, 1, 1),
(6761, 24, 2, 7),
(6762, 24, 3, 11),
(6763, 24, 4, 12),
(6764, 26, 1, 1),
(6765, 26, 2, 4),
(6766, 26, 3, 8),
(6767, 26, 4, 13),
(6768, 28, 1, 1),
(6769, 28, 2, 4),
(6770, 28, 3, 8),
(6771, 28, 4, 13),
(6772, 30, 1, 1),
(6773, 30, 2, 5),
(6774, 30, 3, 9),
(6775, 30, 4, 12),
(6776, 32, 1, 1),
(6777, 32, 2, 6),
(6778, 32, 3, 10),
(6779, 32, 4, 12),
(6780, 34, 1, 1),
(6781, 34, 2, 4),
(6782, 34, 3, 8),
(6783, 34, 4, 13),
(6784, 36, 1, 1),
(6785, 36, 2, 4),
(6786, 36, 3, 8),
(6787, 36, 4, 13),
(6788, 38, 1, 1),
(6789, 38, 2, 4),
(6790, 38, 3, 8),
(6791, 38, 4, 13),
(6792, 40, 1, 1),
(6793, 40, 2, 4),
(6794, 40, 3, 8),
(6795, 40, 4, 13),
(6796, 42, 1, 1),
(6797, 42, 2, 4),
(6798, 42, 3, 8),
(6799, 42, 4, 13),
(6800, 44, 1, 1),
(6801, 44, 2, 4),
(6802, 44, 3, 8),
(6803, 44, 4, 13),
(6804, 46, 1, 1),
(6805, 46, 2, 6),
(6806, 46, 3, 10),
(6807, 46, 4, 12),
(6808, 48, 1, 1),
(6809, 48, 2, 4),
(6810, 48, 3, 8),
(6811, 48, 4, 13),
(6812, 50, 1, 2),
(6813, 50, 2, 5),
(6814, 50, 3, 9),
(6815, 50, 4, 12),
(6816, 52, 1, 1),
(6817, 52, 2, 6),
(6818, 52, 3, 10),
(6819, 52, 4, 12),
(6820, 54, 1, 1),
(6821, 54, 2, 6),
(6822, 54, 3, 10),
(6823, 54, 4, 12),
(6824, 56, 1, 1),
(6825, 56, 2, 4),
(6826, 56, 3, 8),
(6827, 56, 4, 13),
(6828, 58, 1, 1),
(6829, 58, 2, 6),
(6830, 58, 3, 10),
(6831, 58, 4, 12),
(6832, 60, 1, 1),
(6833, 60, 2, 5),
(6834, 60, 3, 9),
(6835, 60, 4, 12),
(6836, 62, 1, 1),
(6837, 62, 2, 5),
(6838, 62, 3, 9),
(6839, 62, 4, 12),
(6840, 64, 1, 1),
(6841, 64, 2, 6),
(6842, 64, 3, 10),
(6843, 64, 4, 12),
(6844, 66, 1, 1),
(6845, 66, 2, 4),
(6846, 66, 3, 8),
(6847, 66, 4, 13),
(6848, 68, 1, 1),
(6849, 68, 2, 5),
(6850, 68, 3, 9),
(6851, 68, 4, 12),
(6852, 70, 1, 1),
(6853, 70, 2, 5),
(6854, 70, 3, 9),
(6855, 70, 4, 12),
(6856, 72, 1, 2),
(6857, 72, 2, 6),
(6858, 72, 3, 10),
(6859, 72, 4, 12),
(6860, 74, 1, 1),
(6861, 74, 2, 5),
(6862, 74, 3, 9),
(6863, 74, 4, 12),
(6864, 76, 1, 1),
(6865, 76, 2, 6),
(6866, 76, 3, 10),
(6867, 76, 4, 12),
(6868, 78, 1, 1),
(6869, 78, 2, 6),
(6870, 78, 3, 10),
(6871, 78, 4, 12),
(6872, 80, 1, 1),
(6873, 80, 2, 6),
(6874, 80, 3, 10),
(6875, 80, 4, 12),
(6876, 82, 1, 1),
(6877, 82, 2, 5),
(6878, 82, 3, 9),
(6879, 82, 4, 12),
(6880, 84, 1, 1),
(6881, 84, 2, 5),
(6882, 84, 3, 9),
(6883, 84, 4, 12),
(6884, 86, 1, 2),
(6885, 86, 2, 5),
(6886, 86, 3, 9),
(6887, 86, 4, 12),
(6888, 88, 1, 1),
(6889, 88, 2, 5),
(6890, 88, 3, 9),
(6891, 88, 4, 12),
(6892, 90, 1, 1),
(6893, 90, 2, 5),
(6894, 90, 3, 9),
(6895, 90, 4, 12),
(6896, 92, 1, 1),
(6897, 92, 2, 5),
(6898, 92, 3, 9),
(6899, 92, 4, 12),
(6900, 94, 1, 1),
(6901, 94, 2, 4),
(6902, 94, 3, 8),
(6903, 94, 4, 13),
(6904, 96, 1, 1),
(6905, 96, 2, 5),
(6906, 96, 3, 9),
(6907, 96, 4, 12),
(6908, 98, 1, 2),
(6909, 98, 2, 5),
(6910, 98, 3, 9),
(6911, 98, 4, 12),
(6912, 100, 1, 1),
(6913, 100, 2, 5),
(6914, 100, 3, 9),
(6915, 100, 4, 12),
(6916, 102, 1, 1),
(6917, 102, 2, 4),
(6918, 102, 3, 8),
(6919, 102, 4, 13),
(6920, 104, 1, 1),
(6921, 104, 2, 4),
(6922, 104, 3, 8),
(6923, 104, 4, 13),
(6924, 106, 1, 1),
(6925, 106, 2, 7),
(6926, 106, 3, 11),
(6927, 106, 4, 12),
(6928, 108, 1, 2),
(6929, 108, 2, 6),
(6930, 108, 3, 10),
(6931, 108, 4, 12),
(6932, 110, 1, 1),
(6933, 110, 2, 4),
(6934, 110, 3, 8),
(6935, 110, 4, 13),
(6936, 112, 1, 2),
(6937, 112, 2, 7),
(6938, 112, 3, 11),
(6939, 112, 4, 12),
(6940, 114, 1, 2),
(6941, 114, 2, 7),
(6942, 114, 3, 11),
(6943, 114, 4, 12),
(6944, 116, 1, 1),
(6945, 116, 2, 6),
(6946, 116, 3, 10),
(6947, 116, 4, 12),
(6948, 118, 1, 1),
(6949, 118, 2, 6),
(6950, 118, 3, 10),
(6951, 118, 4, 12),
(6952, 120, 1, 1),
(6953, 120, 2, 7),
(6954, 120, 3, 11),
(6955, 120, 4, 12),
(6956, 122, 1, 1),
(6957, 122, 2, 7),
(6958, 122, 3, 11),
(6959, 122, 4, 12),
(6960, 124, 1, 2),
(6961, 124, 2, 5),
(6962, 124, 3, 9),
(6963, 124, 4, 12),
(6964, 126, 1, 2),
(6965, 126, 2, 5),
(6966, 126, 3, 9),
(6967, 126, 4, 12),
(6968, 128, 1, 1),
(6969, 128, 2, 5),
(6970, 128, 3, 9),
(6971, 128, 4, 12),
(6972, 130, 1, 2),
(6973, 130, 2, 6),
(6974, 130, 3, 10),
(6975, 130, 4, 12),
(6976, 132, 1, 1),
(6977, 132, 2, 6),
(6978, 132, 3, 10),
(6979, 132, 4, 12),
(6980, 134, 1, 1),
(6981, 134, 2, 7),
(6982, 134, 3, 11),
(6983, 134, 4, 12),
(6984, 136, 1, 1),
(6985, 136, 2, 6),
(6986, 136, 3, 10),
(6987, 136, 4, 12),
(6988, 138, 1, 1),
(6989, 138, 2, 6),
(6990, 138, 3, 10),
(6991, 138, 4, 12),
(6992, 140, 1, 2),
(6993, 140, 2, 7),
(6994, 140, 3, 11),
(6995, 140, 4, 12),
(6996, 142, 1, 1),
(6997, 142, 2, 6),
(6998, 142, 3, 10),
(6999, 142, 4, 12),
(7000, 144, 1, 1),
(7001, 144, 2, 6),
(7002, 144, 3, 10),
(7003, 144, 4, 12),
(7004, 146, 1, 1),
(7005, 146, 2, 6),
(7006, 146, 3, 10),
(7007, 146, 4, 12),
(7008, 148, 1, 1),
(7009, 148, 2, 5),
(7010, 148, 3, 9),
(7011, 148, 4, 12),
(7012, 150, 1, 2),
(7013, 150, 2, 6),
(7014, 150, 3, 10),
(7015, 150, 4, 12),
(7016, 152, 1, 1),
(7017, 152, 2, 4),
(7018, 152, 3, 8),
(7019, 152, 4, 13),
(7020, 154, 1, 1),
(7021, 154, 2, 6),
(7022, 154, 3, 10),
(7023, 154, 4, 12),
(7024, 156, 1, 1),
(7025, 156, 2, 6),
(7026, 156, 3, 10),
(7027, 156, 4, 12),
(7028, 158, 1, 1),
(7029, 158, 2, 5),
(7030, 158, 3, 9),
(7031, 158, 4, 12),
(7032, 160, 1, 1),
(7033, 160, 2, 7),
(7034, 160, 3, 11),
(7035, 160, 4, 12),
(7036, 162, 1, 1),
(7037, 162, 2, 7),
(7038, 162, 3, 11),
(7039, 162, 4, 12),
(7040, 164, 1, 2),
(7041, 164, 2, 6),
(7042, 164, 3, 10),
(7043, 164, 4, 12),
(7044, 166, 1, 1),
(7045, 166, 2, 6),
(7046, 166, 3, 10),
(7047, 166, 4, 12),
(7048, 168, 1, 1),
(7049, 168, 2, 6),
(7050, 168, 3, 10),
(7051, 168, 4, 12),
(7052, 170, 1, 1),
(7053, 170, 2, 6),
(7054, 170, 3, 10),
(7055, 170, 4, 12),
(7056, 172, 1, 1),
(7057, 172, 2, 5),
(7058, 172, 3, 9),
(7059, 172, 4, 12),
(7060, 174, 1, 1),
(7061, 174, 2, 7),
(7062, 174, 3, 11),
(7063, 174, 4, 12),
(7064, 176, 1, 1),
(7065, 176, 2, 5),
(7066, 176, 3, 9),
(7067, 176, 4, 12),
(7068, 178, 1, 1),
(7069, 178, 2, 5),
(7070, 178, 3, 9),
(7071, 178, 4, 12),
(7072, 180, 1, 1),
(7073, 180, 2, 5),
(7074, 180, 3, 9),
(7075, 180, 4, 12),
(7076, 182, 1, 1),
(7077, 182, 2, 6),
(7078, 182, 3, 10),
(7079, 182, 4, 12),
(7080, 184, 1, 1),
(7081, 184, 2, 4),
(7082, 184, 3, 8),
(7083, 184, 4, 13),
(7084, 186, 1, 2),
(7085, 186, 2, 6),
(7086, 186, 3, 10),
(7087, 186, 4, 12),
(7088, 188, 1, 1),
(7089, 188, 2, 5),
(7090, 188, 3, 9),
(7091, 188, 4, 12),
(7092, 190, 1, 1),
(7093, 190, 2, 5),
(7094, 190, 3, 9),
(7095, 190, 4, 12),
(7096, 192, 1, 1),
(7097, 192, 2, 7),
(7098, 192, 3, 11),
(7099, 192, 4, 12),
(7100, 194, 1, 1),
(7101, 194, 2, 6),
(7102, 194, 3, 10),
(7103, 194, 4, 12),
(7104, 196, 1, 1),
(7105, 196, 2, 6),
(7106, 196, 3, 10),
(7107, 196, 4, 12),
(7108, 198, 1, 2),
(7109, 198, 2, 6),
(7110, 198, 3, 10),
(7111, 198, 4, 12),
(7112, 200, 1, 2),
(7113, 200, 2, 6),
(7114, 200, 3, 10),
(7115, 200, 4, 12),
(7116, 202, 1, 1),
(7117, 202, 2, 4),
(7118, 202, 3, 8),
(7119, 202, 4, 13),
(7120, 204, 1, 1),
(7121, 204, 2, 4),
(7122, 204, 3, 8),
(7123, 204, 4, 13),
(7124, 206, 1, 1),
(7125, 206, 2, 7),
(7126, 206, 3, 11),
(7127, 206, 4, 12),
(7128, 208, 1, 1),
(7129, 208, 2, 6),
(7130, 208, 3, 10),
(7131, 208, 4, 12),
(7132, 210, 1, 1),
(7133, 210, 2, 6),
(7134, 210, 3, 10),
(7135, 210, 4, 12),
(7136, 212, 1, 1),
(7137, 212, 2, 6),
(7138, 212, 3, 10),
(7139, 212, 4, 12),
(7140, 214, 1, 2),
(7141, 214, 2, 6),
(7142, 214, 3, 10),
(7143, 214, 4, 12),
(7144, 216, 1, 1),
(7145, 216, 2, 5),
(7146, 216, 3, 9),
(7147, 216, 4, 12),
(7148, 218, 1, 1),
(7149, 218, 2, 5),
(7150, 218, 3, 9),
(7151, 218, 4, 12),
(7152, 220, 1, 1),
(7153, 220, 2, 5),
(7154, 220, 3, 9),
(7155, 220, 4, 12),
(7156, 222, 1, 1),
(7157, 222, 2, 6),
(7158, 222, 3, 10),
(7159, 222, 4, 12),
(7160, 224, 1, 1),
(7161, 224, 2, 5),
(7162, 224, 3, 9),
(7163, 224, 4, 12),
(7164, 226, 1, 1),
(7165, 226, 2, 6),
(7166, 226, 3, 10),
(7167, 226, 4, 12),
(7168, 228, 1, 1),
(7169, 228, 2, 4),
(7170, 228, 3, 8),
(7171, 228, 4, 13),
(7172, 230, 1, 1),
(7173, 230, 2, 5),
(7174, 230, 3, 9),
(7175, 230, 4, 12),
(7176, 232, 1, 2),
(7177, 232, 2, 6),
(7178, 232, 3, 10),
(7179, 232, 4, 12),
(7180, 234, 1, 1),
(7181, 234, 2, 7),
(7182, 234, 3, 11),
(7183, 234, 4, 12),
(7184, 236, 1, 1),
(7185, 236, 2, 7),
(7186, 236, 3, 11),
(7187, 236, 4, 12),
(7188, 238, 1, 1),
(7189, 238, 2, 6),
(7190, 238, 3, 10),
(7191, 238, 4, 12),
(7192, 240, 1, 1),
(7193, 240, 2, 6),
(7194, 240, 3, 10),
(7195, 240, 4, 12),
(7196, 242, 1, 1),
(7197, 242, 2, 4),
(7198, 242, 3, 8),
(7199, 242, 4, 13),
(7200, 244, 1, 2),
(7201, 244, 2, 7),
(7202, 244, 3, 11),
(7203, 244, 4, 12),
(7204, 246, 1, 1),
(7205, 246, 2, 6),
(7206, 246, 3, 10),
(7207, 246, 4, 12),
(7208, 248, 1, 1),
(7209, 248, 2, 5),
(7210, 248, 3, 9),
(7211, 248, 4, 12),
(7212, 250, 1, 1),
(7213, 250, 2, 5),
(7214, 250, 3, 9),
(7215, 250, 4, 12),
(7216, 252, 1, 2),
(7217, 252, 2, 5),
(7218, 252, 3, 9),
(7219, 252, 4, 12),
(7220, 254, 1, 1),
(7221, 254, 2, 7),
(7222, 254, 3, 11),
(7223, 254, 4, 12),
(7224, 256, 1, 1),
(7225, 256, 2, 4),
(7226, 256, 3, 8),
(7227, 256, 4, 13),
(7228, 258, 1, 1),
(7229, 258, 2, 4),
(7230, 258, 3, 8),
(7231, 258, 4, 13),
(7232, 260, 1, 1),
(7233, 260, 2, 6),
(7234, 260, 3, 10),
(7235, 260, 4, 12),
(7236, 262, 1, 1),
(7237, 262, 2, 4),
(7238, 262, 3, 8),
(7239, 262, 4, 13),
(7240, 264, 1, 1),
(7241, 264, 2, 5),
(7242, 264, 3, 9),
(7243, 264, 4, 12),
(7244, 266, 1, 2),
(7245, 266, 2, 5),
(7246, 266, 3, 9),
(7247, 266, 4, 12),
(7248, 268, 1, 1),
(7249, 268, 2, 5),
(7250, 268, 3, 9),
(7251, 268, 4, 12),
(7252, 270, 1, 2),
(7253, 270, 2, 6),
(7254, 270, 3, 10),
(7255, 270, 4, 12),
(7256, 272, 1, 1),
(7257, 272, 2, 6),
(7258, 272, 3, 10),
(7259, 272, 4, 12),
(7260, 274, 1, 1),
(7261, 274, 2, 4),
(7262, 274, 3, 8),
(7263, 274, 4, 13),
(7264, 276, 1, 2),
(7265, 276, 2, 7),
(7266, 276, 3, 11),
(7267, 276, 4, 12),
(7268, 278, 1, 1),
(7269, 278, 2, 4),
(7270, 278, 3, 8),
(7271, 278, 4, 13),
(7272, 280, 1, 1),
(7273, 280, 2, 6),
(7274, 280, 3, 10),
(7275, 280, 4, 12),
(7276, 282, 1, 1),
(7277, 282, 2, 7),
(7278, 282, 3, 11),
(7279, 282, 4, 12),
(7280, 284, 1, 1),
(7281, 284, 2, 4),
(7282, 284, 3, 8),
(7283, 284, 4, 13),
(7284, 286, 1, 1),
(7285, 286, 2, 7),
(7286, 286, 3, 11),
(7287, 286, 4, 12),
(7288, 288, 1, 1),
(7289, 288, 2, 6),
(7290, 288, 3, 10),
(7291, 288, 4, 12),
(7292, 290, 1, 1),
(7293, 290, 2, 6),
(7294, 290, 3, 10),
(7295, 290, 4, 12),
(7296, 292, 1, 1),
(7297, 292, 2, 4),
(7298, 292, 3, 8),
(7299, 292, 4, 13),
(7300, 294, 1, 1),
(7301, 294, 2, 5),
(7302, 294, 3, 9),
(7303, 294, 4, 12),
(7304, 296, 1, 2),
(7305, 296, 2, 6),
(7306, 296, 3, 10),
(7307, 296, 4, 12),
(7308, 298, 1, 1),
(7309, 298, 2, 6),
(7310, 298, 3, 10),
(7311, 298, 4, 12),
(7312, 300, 1, 1),
(7313, 300, 2, 5),
(7314, 300, 3, 9),
(7315, 300, 4, 12),
(7316, 302, 1, 1),
(7317, 302, 2, 6),
(7318, 302, 3, 10),
(7319, 302, 4, 12),
(7320, 304, 1, 1),
(7321, 304, 2, 6),
(7322, 304, 3, 10),
(7323, 304, 4, 12),
(7324, 306, 1, 1),
(7325, 306, 2, 4),
(7326, 306, 3, 8),
(7327, 306, 4, 13),
(7328, 308, 1, 1),
(7329, 308, 2, 5),
(7330, 308, 3, 9),
(7331, 308, 4, 12),
(7332, 310, 1, 2),
(7333, 310, 2, 6),
(7334, 310, 3, 10),
(7335, 310, 4, 12),
(7336, 312, 1, 2),
(7337, 312, 2, 7),
(7338, 312, 3, 11),
(7339, 312, 4, 12),
(7340, 314, 1, 1),
(7341, 314, 2, 4),
(7342, 314, 3, 8),
(7343, 314, 4, 13),
(7344, 316, 1, 1),
(7345, 316, 2, 4),
(7346, 316, 3, 8),
(7347, 316, 4, 13),
(7348, 318, 1, 1),
(7349, 318, 2, 6),
(7350, 318, 3, 10),
(7351, 318, 4, 12),
(7352, 320, 1, 2),
(7353, 320, 2, 6),
(7354, 320, 3, 10),
(7355, 320, 4, 12),
(7356, 322, 1, 1),
(7357, 322, 2, 4),
(7358, 322, 3, 8),
(7359, 322, 4, 13),
(7360, 324, 1, 2),
(7361, 324, 2, 4),
(7362, 324, 3, 8),
(7363, 324, 4, 13),
(7364, 326, 1, 1),
(7365, 326, 2, 6),
(7366, 326, 3, 10),
(7367, 326, 4, 12),
(7368, 328, 1, 1),
(7369, 328, 2, 6),
(7370, 328, 3, 10),
(7371, 328, 4, 12),
(7372, 330, 1, 1),
(7373, 330, 2, 4),
(7374, 330, 3, 8),
(7375, 330, 4, 13),
(7376, 332, 1, 1),
(7377, 332, 2, 4),
(7378, 332, 3, 8),
(7379, 332, 4, 13),
(7380, 334, 1, 1),
(7381, 334, 2, 4),
(7382, 334, 3, 8),
(7383, 334, 4, 13),
(7384, 336, 1, 1),
(7385, 336, 2, 5),
(7386, 336, 3, 9),
(7387, 336, 4, 12),
(7388, 338, 1, 2),
(7389, 338, 2, 4),
(7390, 338, 3, 8),
(7391, 338, 4, 13),
(7392, 340, 1, 1),
(7393, 340, 2, 6),
(7394, 340, 3, 10),
(7395, 340, 4, 12),
(7396, 342, 1, 2),
(7397, 342, 2, 7),
(7398, 342, 3, 11),
(7399, 342, 4, 12),
(7400, 344, 1, 1),
(7401, 344, 2, 7),
(7402, 344, 3, 11),
(7403, 344, 4, 12),
(7404, 346, 1, 1),
(7405, 346, 2, 6),
(7406, 346, 3, 10),
(7407, 346, 4, 12),
(7408, 348, 1, 1),
(7409, 348, 2, 6),
(7410, 348, 3, 10),
(7411, 348, 4, 12),
(7412, 350, 1, 1),
(7413, 350, 2, 6),
(7414, 350, 3, 10),
(7415, 350, 4, 12),
(7416, 352, 1, 1),
(7417, 352, 2, 4),
(7418, 352, 3, 8),
(7419, 352, 4, 13),
(7420, 354, 1, 1),
(7421, 354, 2, 5),
(7422, 354, 3, 9),
(7423, 354, 4, 12),
(7424, 356, 1, 2),
(7425, 356, 2, 4),
(7426, 356, 3, 8),
(7427, 356, 4, 13),
(7428, 358, 1, 1),
(7429, 358, 2, 4),
(7430, 358, 3, 8),
(7431, 358, 4, 13),
(7432, 360, 1, 1),
(7433, 360, 2, 5),
(7434, 360, 3, 9),
(7435, 360, 4, 12),
(7436, 362, 1, 1),
(7437, 362, 2, 7),
(7438, 362, 3, 11),
(7439, 362, 4, 12),
(7440, 364, 1, 1),
(7441, 364, 2, 6),
(7442, 364, 3, 10),
(7443, 364, 4, 12),
(7444, 366, 1, 1),
(7445, 366, 2, 4),
(7446, 366, 3, 8),
(7447, 366, 4, 13),
(7448, 368, 1, 2),
(7449, 368, 2, 6),
(7450, 368, 3, 10),
(7451, 368, 4, 12),
(7452, 370, 1, 1),
(7453, 370, 2, 5),
(7454, 370, 3, 9),
(7455, 370, 4, 12),
(7456, 372, 1, 2),
(7457, 372, 2, 7),
(7458, 372, 3, 11),
(7459, 372, 4, 12),
(7460, 374, 1, 1),
(7461, 374, 2, 6),
(7462, 374, 3, 10),
(7463, 374, 4, 12),
(7464, 376, 1, 1),
(7465, 376, 2, 5),
(7466, 376, 3, 9),
(7467, 376, 4, 12),
(7468, 378, 1, 1),
(7469, 378, 2, 7),
(7470, 378, 3, 11),
(7471, 378, 4, 12),
(7472, 380, 1, 1),
(7473, 380, 2, 6),
(7474, 380, 3, 10),
(7475, 380, 4, 12),
(7476, 382, 1, 1),
(7477, 382, 2, 4),
(7478, 382, 3, 8),
(7479, 382, 4, 13),
(7480, 384, 1, 1),
(7481, 384, 2, 7),
(7482, 384, 3, 11),
(7483, 384, 4, 12),
(7484, 386, 1, 1),
(7485, 386, 2, 5),
(7486, 386, 3, 9),
(7487, 386, 4, 12),
(7488, 388, 1, 1),
(7489, 388, 2, 6),
(7490, 388, 3, 10),
(7491, 388, 4, 12),
(7492, 390, 1, 1),
(7493, 390, 2, 6),
(7494, 390, 3, 10),
(7495, 390, 4, 12),
(7496, 392, 1, 1),
(7497, 392, 2, 5),
(7498, 392, 3, 9),
(7499, 392, 4, 12),
(7500, 394, 1, 1),
(7501, 394, 2, 4),
(7502, 394, 3, 8),
(7503, 394, 4, 13),
(7504, 396, 1, 1),
(7505, 396, 2, 6),
(7506, 396, 3, 10),
(7507, 396, 4, 12),
(7508, 398, 1, 1),
(7509, 398, 2, 4),
(7510, 398, 3, 8),
(7511, 398, 4, 13),
(7512, 400, 1, 1),
(7513, 400, 2, 6),
(7514, 400, 3, 10),
(7515, 400, 4, 12),
(7516, 402, 1, 1),
(7517, 402, 2, 6),
(7518, 402, 3, 10),
(7519, 402, 4, 12),
(7520, 404, 1, 2),
(7521, 404, 2, 7),
(7522, 404, 3, 11),
(7523, 404, 4, 12),
(7524, 406, 1, 1),
(7525, 406, 2, 5),
(7526, 406, 3, 9),
(7527, 406, 4, 12),
(7528, 408, 1, 1),
(7529, 408, 2, 4),
(7530, 408, 3, 8),
(7531, 408, 4, 13),
(7532, 410, 1, 2),
(7533, 410, 2, 4),
(7534, 410, 3, 8),
(7535, 410, 4, 13),
(7536, 412, 1, 1),
(7537, 412, 2, 6),
(7538, 412, 3, 10),
(7539, 412, 4, 12),
(7540, 414, 1, 1),
(7541, 414, 2, 5),
(7542, 414, 3, 9),
(7543, 414, 4, 12),
(7544, 416, 1, 1),
(7545, 416, 2, 7),
(7546, 416, 3, 11),
(7547, 416, 4, 12),
(7548, 418, 1, 1),
(7549, 418, 2, 5),
(7550, 418, 3, 9),
(7551, 418, 4, 12),
(7552, 420, 1, 1),
(7553, 420, 2, 4),
(7554, 420, 3, 8),
(7555, 420, 4, 13),
(7556, 422, 1, 1),
(7557, 422, 2, 7),
(7558, 422, 3, 11),
(7559, 422, 4, 12),
(7560, 424, 1, 1),
(7561, 424, 2, 7),
(7562, 424, 3, 11),
(7563, 424, 4, 12),
(7564, 426, 1, 1),
(7565, 426, 2, 4),
(7566, 426, 3, 8),
(7567, 426, 4, 13),
(7568, 428, 1, 1),
(7569, 428, 2, 4),
(7570, 428, 3, 8),
(7571, 428, 4, 13),
(7572, 430, 1, 1),
(7573, 430, 2, 5),
(7574, 430, 3, 9),
(7575, 430, 4, 12),
(7576, 432, 1, 1),
(7577, 432, 2, 7),
(7578, 432, 3, 11),
(7579, 432, 4, 12),
(7580, 434, 1, 2),
(7581, 434, 2, 7),
(7582, 434, 3, 11),
(7583, 434, 4, 12),
(7584, 436, 1, 1),
(7585, 436, 2, 4),
(7586, 436, 3, 8),
(7587, 436, 4, 13),
(7588, 438, 1, 1),
(7589, 438, 2, 7),
(7590, 438, 3, 11),
(7591, 438, 4, 12),
(7592, 440, 1, 1),
(7593, 440, 2, 4),
(7594, 440, 3, 8),
(7595, 440, 4, 13),
(7596, 442, 1, 1),
(7597, 442, 2, 7),
(7598, 442, 3, 11),
(7599, 442, 4, 12),
(7600, 444, 1, 1),
(7601, 444, 2, 5),
(7602, 444, 3, 9),
(7603, 444, 4, 12),
(7604, 446, 1, 1),
(7605, 446, 2, 6),
(7606, 446, 3, 10),
(7607, 446, 4, 12),
(7608, 448, 1, 1),
(7609, 448, 2, 5),
(7610, 448, 3, 9),
(7611, 448, 4, 12),
(7612, 450, 1, 1),
(7613, 450, 2, 5),
(7614, 450, 3, 9),
(7615, 450, 4, 12),
(7616, 452, 1, 1),
(7617, 452, 2, 4),
(7618, 452, 3, 8),
(7619, 452, 4, 13),
(7620, 454, 1, 1),
(7621, 454, 2, 7),
(7622, 454, 3, 11),
(7623, 454, 4, 12),
(7624, 456, 1, 1),
(7625, 456, 2, 4),
(7626, 456, 3, 8),
(7627, 456, 4, 13),
(7628, 458, 1, 1),
(7629, 458, 2, 4),
(7630, 458, 3, 8),
(7631, 458, 4, 13),
(7632, 460, 1, 1),
(7633, 460, 2, 6),
(7634, 460, 3, 10),
(7635, 460, 4, 12),
(7636, 462, 1, 1),
(7637, 462, 2, 4),
(7638, 462, 3, 8),
(7639, 462, 4, 13),
(7640, 464, 1, 1),
(7641, 464, 2, 4),
(7642, 464, 3, 8),
(7643, 464, 4, 13),
(7644, 466, 1, 1),
(7645, 466, 2, 4),
(7646, 466, 3, 8),
(7647, 466, 4, 13),
(7648, 468, 1, 1),
(7649, 468, 2, 6),
(7650, 468, 3, 10),
(7651, 468, 4, 12),
(7652, 470, 1, 1),
(7653, 470, 2, 6),
(7654, 470, 3, 10),
(7655, 470, 4, 12),
(7656, 472, 1, 1),
(7657, 472, 2, 5),
(7658, 472, 3, 9),
(7659, 472, 4, 12),
(7660, 474, 1, 1),
(7661, 474, 2, 4),
(7662, 474, 3, 8),
(7663, 474, 4, 13),
(7664, 476, 1, 1),
(7665, 476, 2, 4),
(7666, 476, 3, 8),
(7667, 476, 4, 13),
(7668, 478, 1, 1),
(7669, 478, 2, 5),
(7670, 478, 3, 9),
(7671, 478, 4, 12),
(7672, 480, 1, 1),
(7673, 480, 2, 5),
(7674, 480, 3, 9),
(7675, 480, 4, 12),
(7676, 482, 1, 1),
(7677, 482, 2, 5),
(7678, 482, 3, 9),
(7679, 482, 4, 12),
(7680, 484, 1, 1),
(7681, 484, 2, 5),
(7682, 484, 3, 9),
(7683, 484, 4, 12),
(7684, 486, 1, 1),
(7685, 486, 2, 6),
(7686, 486, 3, 10),
(7687, 486, 4, 12),
(7688, 488, 1, 1),
(7689, 488, 2, 4),
(7690, 488, 3, 8),
(7691, 488, 4, 13),
(7692, 490, 1, 1),
(7693, 490, 2, 5),
(7694, 490, 3, 9),
(7695, 490, 4, 12),
(7696, 492, 1, 1),
(7697, 492, 2, 4),
(7698, 492, 3, 8),
(7699, 492, 4, 13),
(7700, 494, 1, 1),
(7701, 494, 2, 4),
(7702, 494, 3, 8),
(7703, 494, 4, 13),
(7704, 496, 1, 1),
(7705, 496, 2, 6),
(7706, 496, 3, 10),
(7707, 496, 4, 12),
(7708, 498, 1, 1),
(7709, 498, 2, 4),
(7710, 498, 3, 8),
(7711, 498, 4, 13),
(7712, 500, 1, 2),
(7713, 500, 2, 4),
(7714, 500, 3, 8),
(7715, 500, 4, 13),
(7716, 502, 1, 1),
(7717, 502, 2, 4),
(7718, 502, 3, 8),
(7719, 502, 4, 13),
(7720, 504, 1, 1),
(7721, 504, 2, 4),
(7722, 504, 3, 8),
(7723, 504, 4, 13),
(7724, 506, 1, 1),
(7725, 506, 2, 4),
(7726, 506, 3, 8),
(7727, 506, 4, 13),
(7728, 508, 1, 1),
(7729, 508, 2, 4),
(7730, 508, 3, 8),
(7731, 508, 4, 13),
(7732, 510, 1, 1),
(7733, 510, 2, 4),
(7734, 510, 3, 8),
(7735, 510, 4, 13),
(7736, 512, 1, 1),
(7737, 512, 2, 4),
(7738, 512, 3, 8),
(7739, 512, 4, 13),
(7740, 514, 1, 1),
(7741, 514, 2, 5),
(7742, 514, 3, 9),
(7743, 514, 4, 12),
(7744, 516, 1, 1),
(7745, 516, 2, 7),
(7746, 516, 3, 11),
(7747, 516, 4, 12),
(7748, 518, 1, 1),
(7749, 518, 2, 4),
(7750, 518, 3, 8),
(7751, 518, 4, 13),
(7752, 520, 1, 1),
(7753, 520, 2, 5),
(7754, 520, 3, 9),
(7755, 520, 4, 12),
(7756, 522, 1, 2),
(7757, 522, 2, 5),
(7758, 522, 3, 9),
(7759, 522, 4, 12),
(7760, 524, 1, 1),
(7761, 524, 2, 4),
(7762, 524, 3, 8),
(7763, 524, 4, 13),
(7764, 526, 1, 1),
(7765, 526, 2, 4),
(7766, 526, 3, 8),
(7767, 526, 4, 13),
(7768, 528, 1, 2),
(7769, 528, 2, 4),
(7770, 528, 3, 8),
(7771, 528, 4, 13),
(7772, 530, 1, 1),
(7773, 530, 2, 6),
(7774, 530, 3, 10),
(7775, 530, 4, 12),
(7776, 532, 1, 1),
(7777, 532, 2, 4),
(7778, 532, 3, 8),
(7779, 532, 4, 13),
(7780, 534, 1, 1),
(7781, 534, 2, 6),
(7782, 534, 3, 10),
(7783, 534, 4, 12),
(7784, 536, 1, 1),
(7785, 536, 2, 6),
(7786, 536, 3, 10),
(7787, 536, 4, 12),
(7788, 538, 1, 1),
(7789, 538, 2, 5),
(7790, 538, 3, 9),
(7791, 538, 4, 12),
(7792, 540, 1, 1),
(7793, 540, 2, 5),
(7794, 540, 3, 9),
(7795, 540, 4, 12),
(7796, 542, 1, 1),
(7797, 542, 2, 4),
(7798, 542, 3, 8),
(7799, 542, 4, 13),
(7800, 544, 1, 1),
(7801, 544, 2, 7),
(7802, 544, 3, 11),
(7803, 544, 4, 12),
(7804, 546, 1, 1),
(7805, 546, 2, 6),
(7806, 546, 3, 10),
(7807, 546, 4, 12),
(7808, 548, 1, 2),
(7809, 548, 2, 5),
(7810, 548, 3, 9),
(7811, 548, 4, 12),
(7812, 550, 1, 1),
(7813, 550, 2, 4),
(7814, 550, 3, 8),
(7815, 550, 4, 13),
(7816, 552, 1, 1),
(7817, 552, 2, 4),
(7818, 552, 3, 8),
(7819, 552, 4, 13),
(7820, 554, 1, 1),
(7821, 554, 2, 4),
(7822, 554, 3, 8),
(7823, 554, 4, 13),
(7824, 556, 1, 1),
(7825, 556, 2, 4),
(7826, 556, 3, 8),
(7827, 556, 4, 13),
(7828, 558, 1, 1),
(7829, 558, 2, 4),
(7830, 558, 3, 8),
(7831, 558, 4, 13),
(7832, 560, 1, 1),
(7833, 560, 2, 7),
(7834, 560, 3, 11),
(7835, 560, 4, 12),
(7836, 562, 1, 1),
(7837, 562, 2, 4),
(7838, 562, 3, 8),
(7839, 562, 4, 13),
(7840, 564, 1, 2),
(7841, 564, 2, 7),
(7842, 564, 3, 11),
(7843, 564, 4, 12),
(7844, 566, 1, 1),
(7845, 566, 2, 5),
(7846, 566, 3, 9),
(7847, 566, 4, 12),
(7848, 568, 1, 2),
(7849, 568, 2, 5),
(7850, 568, 3, 9),
(7851, 568, 4, 12),
(7852, 570, 1, 1),
(7853, 570, 2, 7),
(7854, 570, 3, 11),
(7855, 570, 4, 12),
(7856, 572, 1, 1),
(7857, 572, 2, 4),
(7858, 572, 3, 8),
(7859, 572, 4, 13),
(7860, 574, 1, 1),
(7861, 574, 2, 4),
(7862, 574, 3, 8),
(7863, 574, 4, 13),
(7864, 576, 1, 1),
(7865, 576, 2, 4),
(7866, 576, 3, 8),
(7867, 576, 4, 13),
(7868, 578, 1, 2),
(7869, 578, 2, 5),
(7870, 578, 3, 9),
(7871, 578, 4, 12),
(7872, 580, 1, 1),
(7873, 580, 2, 4),
(7874, 580, 3, 8),
(7875, 580, 4, 13),
(7876, 582, 1, 1),
(7877, 582, 2, 4),
(7878, 582, 3, 8),
(7879, 582, 4, 13),
(7880, 584, 1, 1),
(7881, 584, 2, 4),
(7882, 584, 3, 8),
(7883, 584, 4, 13),
(7884, 586, 1, 1),
(7885, 586, 2, 4),
(7886, 586, 3, 8),
(7887, 586, 4, 13),
(7888, 588, 1, 1),
(7889, 588, 2, 4),
(7890, 588, 3, 8),
(7891, 588, 4, 13),
(7892, 590, 1, 1),
(7893, 590, 2, 6),
(7894, 590, 3, 10),
(7895, 590, 4, 12),
(7896, 592, 1, 1),
(7897, 592, 2, 5),
(7898, 592, 3, 9),
(7899, 592, 4, 12),
(7900, 594, 1, 1),
(7901, 594, 2, 5),
(7902, 594, 3, 9),
(7903, 594, 4, 12),
(7904, 596, 1, 1),
(7905, 596, 2, 4),
(7906, 596, 3, 8),
(7907, 596, 4, 13),
(7908, 598, 1, 1),
(7909, 598, 2, 6),
(7910, 598, 3, 10),
(7911, 598, 4, 12),
(7912, 600, 1, 1),
(7913, 600, 2, 4),
(7914, 600, 3, 8),
(7915, 600, 4, 13),
(7916, 602, 1, 1),
(7917, 602, 2, 4),
(7918, 602, 3, 8),
(7919, 602, 4, 13),
(7920, 604, 1, 1),
(7921, 604, 2, 4),
(7922, 604, 3, 8),
(7923, 604, 4, 13),
(7924, 606, 1, 1),
(7925, 606, 2, 4),
(7926, 606, 3, 8),
(7927, 606, 4, 13),
(7928, 608, 1, 1),
(7929, 608, 2, 4),
(7930, 608, 3, 8),
(7931, 608, 4, 13),
(7932, 610, 1, 1),
(7933, 610, 2, 6),
(7934, 610, 3, 10),
(7935, 610, 4, 12),
(7936, 612, 1, 1),
(7937, 612, 2, 6),
(7938, 612, 3, 10),
(7939, 612, 4, 12),
(7940, 614, 1, 1),
(7941, 614, 2, 6),
(7942, 614, 3, 10),
(7943, 614, 4, 12),
(7944, 616, 1, 1),
(7945, 616, 2, 4),
(7946, 616, 3, 8),
(7947, 616, 4, 13),
(7948, 618, 1, 1),
(7949, 618, 2, 5),
(7950, 618, 3, 9),
(7951, 618, 4, 12),
(7952, 620, 1, 1),
(7953, 620, 2, 4),
(7954, 620, 3, 8),
(7955, 620, 4, 13),
(7956, 622, 1, 1),
(7957, 622, 2, 5),
(7958, 622, 3, 9),
(7959, 622, 4, 12),
(7960, 624, 1, 1),
(7961, 624, 2, 4),
(7962, 624, 3, 8),
(7963, 624, 4, 13),
(7964, 626, 1, 1),
(7965, 626, 2, 6),
(7966, 626, 3, 10),
(7967, 626, 4, 12),
(7968, 628, 1, 1),
(7969, 628, 2, 4),
(7970, 628, 3, 8),
(7971, 628, 4, 13),
(7972, 630, 1, 1),
(7973, 630, 2, 6),
(7974, 630, 3, 10),
(7975, 630, 4, 12),
(7976, 632, 1, 2),
(7977, 632, 2, 4),
(7978, 632, 3, 8),
(7979, 632, 4, 13),
(7980, 634, 1, 1),
(7981, 634, 2, 4),
(7982, 634, 3, 8),
(7983, 634, 4, 13),
(7984, 636, 1, 1),
(7985, 636, 2, 4),
(7986, 636, 3, 8),
(7987, 636, 4, 13),
(7988, 638, 1, 1),
(7989, 638, 2, 4),
(7990, 638, 3, 8),
(7991, 638, 4, 13),
(7992, 640, 1, 1),
(7993, 640, 2, 4),
(7994, 640, 3, 8),
(7995, 640, 4, 13),
(7996, 642, 1, 2),
(7997, 642, 2, 4),
(7998, 642, 3, 8),
(7999, 642, 4, 13),
(8000, 644, 1, 1),
(8001, 644, 2, 4),
(8002, 644, 3, 8),
(8003, 644, 4, 13),
(8004, 646, 1, 1),
(8005, 646, 2, 5),
(8006, 646, 3, 9),
(8007, 646, 4, 12),
(8008, 648, 1, 1),
(8009, 648, 2, 4),
(8010, 648, 3, 8),
(8011, 648, 4, 13),
(8012, 650, 1, 1),
(8013, 650, 2, 4),
(8014, 650, 3, 8),
(8015, 650, 4, 13),
(8016, 652, 1, 1),
(8017, 652, 2, 4),
(8018, 652, 3, 8),
(8019, 652, 4, 13),
(8020, 654, 1, 1),
(8021, 654, 2, 5),
(8022, 654, 3, 9),
(8023, 654, 4, 12),
(8024, 656, 1, 1),
(8025, 656, 2, 4),
(8026, 656, 3, 8),
(8027, 656, 4, 13),
(8028, 658, 1, 1),
(8029, 658, 2, 4),
(8030, 658, 3, 8),
(8031, 658, 4, 13),
(8032, 660, 1, 2),
(8033, 660, 2, 4),
(8034, 660, 3, 8),
(8035, 660, 4, 13),
(8036, 662, 1, 1),
(8037, 662, 2, 4),
(8038, 662, 3, 8),
(8039, 662, 4, 13),
(8040, 664, 1, 1),
(8041, 664, 2, 4),
(8042, 664, 3, 8),
(8043, 664, 4, 13),
(8044, 666, 1, 1),
(8045, 666, 2, 4),
(8046, 666, 3, 8),
(8047, 666, 4, 13),
(8048, 668, 1, 1),
(8049, 668, 2, 4),
(8050, 668, 3, 8),
(8051, 668, 4, 13),
(8052, 670, 1, 1),
(8053, 670, 2, 4),
(8054, 670, 3, 8),
(8055, 670, 4, 13),
(8056, 672, 1, 1),
(8057, 672, 2, 4),
(8058, 672, 3, 8),
(8059, 672, 4, 13),
(8060, 674, 1, 2),
(8061, 674, 2, 5),
(8062, 674, 3, 9),
(8063, 674, 4, 12),
(8064, 676, 1, 1),
(8065, 676, 2, 5),
(8066, 676, 3, 9),
(8067, 676, 4, 12),
(8068, 678, 1, 1),
(8069, 678, 2, 5),
(8070, 678, 3, 9),
(8071, 678, 4, 12),
(8072, 680, 1, 2),
(8073, 680, 2, 4),
(8074, 680, 3, 8),
(8075, 680, 4, 13),
(8076, 682, 1, 1),
(8077, 682, 2, 5),
(8078, 682, 3, 9),
(8079, 682, 4, 12),
(8080, 684, 1, 1),
(8081, 684, 2, 4),
(8082, 684, 3, 8),
(8083, 684, 4, 13),
(8084, 686, 1, 2),
(8085, 686, 2, 4),
(8086, 686, 3, 8),
(8087, 686, 4, 13),
(8088, 688, 1, 1),
(8089, 688, 2, 4),
(8090, 688, 3, 8),
(8091, 688, 4, 13),
(8092, 690, 1, 1),
(8093, 690, 2, 5),
(8094, 690, 3, 9),
(8095, 690, 4, 12),
(8096, 692, 1, 1),
(8097, 692, 2, 5),
(8098, 692, 3, 9),
(8099, 692, 4, 12),
(8100, 694, 1, 1),
(8101, 694, 2, 4),
(8102, 694, 3, 8),
(8103, 694, 4, 13),
(8104, 696, 1, 2),
(8105, 696, 2, 6),
(8106, 696, 3, 10),
(8107, 696, 4, 12),
(8108, 698, 1, 1),
(8109, 698, 2, 4),
(8110, 698, 3, 8),
(8111, 698, 4, 13),
(8112, 700, 1, 1),
(8113, 700, 2, 4),
(8114, 700, 3, 8),
(8115, 700, 4, 13),
(8116, 702, 1, 1),
(8117, 702, 2, 4),
(8118, 702, 3, 8),
(8119, 702, 4, 13),
(8120, 704, 1, 1),
(8121, 704, 2, 4),
(8122, 704, 3, 8),
(8123, 704, 4, 13),
(8124, 706, 1, 1),
(8125, 706, 2, 4),
(8126, 706, 3, 8),
(8127, 706, 4, 13),
(8128, 708, 1, 1),
(8129, 708, 2, 4),
(8130, 708, 3, 8),
(8131, 708, 4, 13),
(8132, 710, 1, 1),
(8133, 710, 2, 4),
(8134, 710, 3, 8),
(8135, 710, 4, 13),
(8136, 712, 1, 1),
(8137, 712, 2, 4),
(8138, 712, 3, 8),
(8139, 712, 4, 13),
(8140, 714, 1, 1),
(8141, 714, 2, 4),
(8142, 714, 3, 8),
(8143, 714, 4, 13),
(8144, 716, 1, 1),
(8145, 716, 2, 4),
(8146, 716, 3, 8),
(8147, 716, 4, 13),
(8148, 718, 1, 1),
(8149, 718, 2, 4),
(8150, 718, 3, 8),
(8151, 718, 4, 13),
(8152, 720, 1, 1),
(8153, 720, 2, 4),
(8154, 720, 3, 8),
(8155, 720, 4, 13),
(8156, 722, 1, 1),
(8157, 722, 2, 4),
(8158, 722, 3, 8),
(8159, 722, 4, 13),
(8160, 724, 1, 2),
(8161, 724, 2, 4),
(8162, 724, 3, 8),
(8163, 724, 4, 13),
(8164, 726, 1, 1),
(8165, 726, 2, 4),
(8166, 726, 3, 8),
(8167, 726, 4, 13),
(8168, 728, 1, 2),
(8169, 728, 2, 5),
(8170, 728, 3, 9),
(8171, 728, 4, 12),
(8172, 730, 1, 2),
(8173, 730, 2, 4),
(8174, 730, 3, 8),
(8175, 730, 4, 13),
(8176, 732, 1, 1),
(8177, 732, 2, 4),
(8178, 732, 3, 8),
(8179, 732, 4, 13),
(8180, 734, 1, 1),
(8181, 734, 2, 5),
(8182, 734, 3, 9),
(8183, 734, 4, 12),
(8184, 736, 1, 2),
(8185, 736, 2, 5),
(8186, 736, 3, 9),
(8187, 736, 4, 12),
(8188, 738, 1, 1),
(8189, 738, 2, 4),
(8190, 738, 3, 8),
(8191, 738, 4, 13),
(8192, 740, 1, 1),
(8193, 740, 2, 6),
(8194, 740, 3, 10),
(8195, 740, 4, 12),
(8196, 742, 1, 1),
(8197, 742, 2, 4),
(8198, 742, 3, 8),
(8199, 742, 4, 13),
(8200, 744, 1, 1),
(8201, 744, 2, 4),
(8202, 744, 3, 8),
(8203, 744, 4, 13),
(8204, 746, 1, 1),
(8205, 746, 2, 4),
(8206, 746, 3, 8),
(8207, 746, 4, 13),
(8208, 748, 1, 1),
(8209, 748, 2, 5),
(8210, 748, 3, 9),
(8211, 748, 4, 12),
(8212, 750, 1, 1),
(8213, 750, 2, 4),
(8214, 750, 3, 8),
(8215, 750, 4, 13),
(8216, 752, 1, 1),
(8217, 752, 2, 4),
(8218, 752, 3, 8),
(8219, 752, 4, 13);

-- --------------------------------------------------------

--
-- Struktur dari tabel `atribut_sub`
--

CREATE TABLE `atribut_sub` (
  `id_atribut_sub` int(11) NOT NULL,
  `id_atribut` int(11) NOT NULL,
  `atribut_sub` varchar(75) NOT NULL
) ENGINE=InnoDB DEFAULT CHARSET=utf8mb4;

--
-- Dumping data untuk tabel `atribut_sub`
--

INSERT INTO `atribut_sub` (`id_atribut_sub`, `id_atribut`, `atribut_sub`) VALUES
(1, 1, 'Laki-Laki'),
(2, 1, 'Perempuan'),
(4, 2, 'Cukup'),
(5, 2, 'Memuaskan'),
(6, 2, 'Sangat Memuaskan'),
(7, 2, 'Dengan Pujian'),
(8, 3, 'D'),
(9, 3, 'C'),
(10, 3, 'B'),
(11, 3, 'A'),
(12, 4, 'Lulus Tepat'),
(13, 4, 'Tidak Tepat');

-- --------------------------------------------------------

--
-- Struktur dari tabel `atribut_testing`
--

CREATE TABLE `atribut_testing` (
  `id_atribut_testing` int(11) NOT NULL,
  `id_testing` int(11) NOT NULL,
  `id_atribut_sub` int(11) NOT NULL
) ENGINE=InnoDB DEFAULT CHARSET=utf8mb4;

--
-- Dumping data untuk tabel `atribut_testing`
--

INSERT INTO `atribut_testing` (`id_atribut_testing`, `id_testing`, `id_atribut_sub`) VALUES
(19, 2, 1),
(20, 2, 5),
(21, 2, 11),
(23, 3, 1),
(24, 3, 5),
(25, 3, 10),
(27, 4, 1),
(28, 4, 6),
(29, 4, 9),
(31, 5, 2),
(32, 5, 6),
(33, 5, 10),
(35, 1, 1),
(36, 1, 5),
(37, 1, 8),
(39, 6, 1),
(40, 6, 6),
(41, 6, 9),
(42, 7, 1),
(43, 7, 6),
(44, 7, 10),
(45, 8, 1),
(46, 8, 6),
(47, 8, 10),
(48, 9, 2),
(49, 9, 6),
(50, 9, 10),
(51, 10, 2),
(52, 10, 5),
(53, 10, 8),
(54, 11, 1),
(55, 11, 5),
(56, 11, 8),
(57, 12, 1),
(58, 12, 6),
(59, 12, 10),
(60, 13, 1),
(61, 13, 5),
(62, 13, 8),
(63, 14, 1),
(64, 14, 5),
(65, 14, 8),
(66, 15, 1),
(67, 15, 5),
(68, 15, 9),
(69, 16, 1),
(70, 16, 5),
(71, 16, 10),
(72, 17, 1),
(73, 17, 5),
(74, 17, 8),
(75, 18, 1),
(76, 18, 5),
(77, 18, 8),
(78, 19, 1),
(79, 19, 4),
(80, 19, 8),
(81, 20, 1),
(82, 20, 5),
(83, 20, 8),
(84, 21, 1),
(85, 21, 5),
(86, 21, 8),
(87, 22, 1),
(88, 22, 5),
(89, 22, 8),
(90, 23, 1),
(91, 23, 6),
(92, 23, 9),
(93, 24, 1),
(94, 24, 5),
(95, 24, 8),
(96, 25, 2),
(97, 25, 6),
(98, 25, 9),
(99, 26, 1),
(100, 26, 6),
(101, 26, 10),
(102, 27, 1),
(103, 27, 6),
(104, 27, 10),
(105, 28, 1),
(106, 28, 5),
(107, 28, 8),
(108, 29, 1),
(109, 29, 6),
(110, 29, 9),
(111, 30, 1),
(112, 30, 6),
(113, 30, 9),
(114, 31, 1),
(115, 31, 6),
(116, 31, 9),
(117, 32, 1),
(118, 32, 6),
(119, 32, 9),
(120, 33, 1),
(121, 33, 5),
(122, 33, 8),
(123, 34, 1),
(124, 34, 5),
(125, 34, 9),
(126, 35, 1),
(127, 35, 6),
(128, 35, 9),
(129, 36, 2),
(130, 36, 6),
(131, 36, 10),
(132, 37, 1),
(133, 37, 5),
(134, 37, 9),
(135, 38, 1),
(136, 38, 6),
(137, 38, 10),
(138, 39, 1),
(139, 39, 6),
(140, 39, 10),
(141, 40, 1),
(142, 40, 6),
(143, 40, 10),
(144, 41, 1),
(145, 41, 6),
(146, 41, 9),
(147, 42, 1),
(148, 42, 5),
(149, 42, 10),
(150, 43, 2),
(151, 43, 5),
(152, 43, 9),
(153, 44, 1),
(154, 44, 5),
(155, 44, 10),
(156, 45, 1),
(157, 45, 5),
(158, 45, 9),
(159, 46, 1),
(160, 46, 6),
(161, 46, 9),
(162, 47, 1),
(163, 47, 5),
(164, 47, 8),
(165, 48, 1),
(166, 48, 5),
(167, 48, 9),
(168, 49, 2),
(169, 49, 6),
(170, 49, 9),
(171, 50, 1),
(172, 50, 5),
(173, 50, 10),
(174, 51, 1),
(175, 51, 5),
(176, 51, 8),
(177, 52, 1),
(178, 52, 5),
(179, 52, 8),
(180, 53, 1),
(181, 53, 6),
(182, 53, 10),
(183, 54, 2),
(184, 54, 6),
(185, 54, 10),
(186, 55, 1),
(187, 55, 4),
(188, 55, 8),
(189, 56, 2),
(190, 56, 7),
(191, 56, 10),
(192, 57, 2),
(193, 57, 7),
(194, 57, 10),
(195, 58, 1),
(196, 58, 6),
(197, 58, 10),
(198, 59, 1),
(199, 59, 6),
(200, 59, 10),
(201, 60, 1),
(202, 60, 7),
(203, 60, 10),
(204, 61, 1),
(205, 61, 6),
(206, 61, 10),
(207, 62, 2),
(208, 62, 6),
(209, 62, 9),
(210, 63, 2),
(211, 63, 6),
(212, 63, 9),
(213, 64, 1),
(214, 64, 5),
(215, 64, 9),
(216, 65, 2),
(217, 65, 6),
(218, 65, 10),
(219, 66, 1),
(220, 66, 6),
(221, 66, 10),
(222, 67, 1),
(223, 67, 6),
(224, 67, 11),
(225, 68, 1),
(226, 68, 5),
(227, 68, 10),
(228, 69, 1),
(229, 69, 5),
(230, 69, 10),
(231, 70, 2),
(232, 70, 6),
(233, 70, 10),
(234, 71, 1),
(235, 71, 5),
(236, 71, 10),
(237, 72, 1),
(238, 72, 6),
(239, 72, 10),
(240, 73, 1),
(241, 73, 6),
(242, 73, 10),
(243, 74, 1),
(244, 74, 5),
(245, 74, 10),
(246, 75, 2),
(247, 75, 6),
(248, 75, 10),
(249, 76, 1),
(250, 76, 5),
(251, 76, 9),
(252, 77, 1),
(253, 77, 6),
(254, 77, 10),
(255, 78, 1),
(256, 78, 5),
(257, 78, 10),
(258, 79, 1),
(259, 79, 5),
(260, 79, 9),
(261, 80, 1),
(262, 80, 6),
(263, 80, 10),
(264, 81, 1),
(265, 81, 6),
(266, 81, 10),
(267, 82, 2),
(268, 82, 6),
(269, 82, 10),
(270, 83, 1),
(271, 83, 6),
(272, 83, 10),
(273, 84, 1),
(274, 84, 6),
(275, 84, 10),
(276, 85, 1),
(277, 85, 6),
(278, 85, 10),
(279, 86, 1),
(280, 86, 5),
(281, 86, 9),
(282, 87, 1),
(283, 87, 6),
(284, 87, 10),
(285, 88, 1),
(286, 88, 5),
(287, 88, 10),
(288, 89, 1),
(289, 89, 5),
(290, 89, 9),
(291, 90, 1),
(292, 90, 5),
(293, 90, 9),
(294, 91, 1),
(295, 91, 5),
(296, 91, 10),
(297, 92, 1),
(298, 92, 5),
(299, 92, 8),
(300, 93, 2),
(301, 93, 6),
(302, 93, 10),
(303, 94, 1),
(304, 94, 5),
(305, 94, 10),
(306, 95, 1),
(307, 95, 5),
(308, 95, 10),
(309, 96, 1),
(310, 96, 6),
(311, 96, 10),
(312, 97, 1),
(313, 97, 6),
(314, 97, 10),
(315, 98, 1),
(316, 98, 6),
(317, 98, 10),
(318, 99, 2),
(319, 99, 6),
(320, 99, 9),
(321, 100, 2),
(322, 100, 6),
(323, 100, 10),
(324, 101, 1),
(325, 101, 5),
(326, 101, 8),
(327, 102, 1),
(328, 102, 5),
(329, 102, 9),
(330, 103, 1),
(331, 103, 6),
(332, 103, 10),
(333, 104, 1),
(334, 104, 6),
(335, 104, 10),
(336, 105, 1),
(337, 105, 6),
(338, 105, 9),
(339, 106, 1),
(340, 106, 6),
(341, 106, 10),
(342, 107, 2),
(343, 107, 6),
(344, 107, 10),
(345, 108, 1),
(346, 108, 5),
(347, 108, 9),
(348, 109, 1),
(349, 109, 6),
(350, 109, 9),
(351, 110, 1),
(352, 110, 5),
(353, 110, 9),
(354, 111, 1),
(355, 111, 6),
(356, 111, 10),
(357, 112, 1),
(358, 112, 5),
(359, 112, 9),
(360, 113, 1),
(361, 113, 6),
(362, 113, 10),
(363, 114, 1),
(364, 114, 6),
(365, 114, 8),
(366, 115, 1),
(367, 115, 5),
(368, 115, 9),
(369, 116, 2),
(370, 116, 6),
(371, 116, 10),
(372, 117, 1),
(373, 117, 6),
(374, 117, 10),
(375, 118, 1),
(376, 118, 6),
(377, 118, 10),
(378, 119, 1),
(379, 119, 6),
(380, 119, 10),
(381, 120, 1),
(382, 120, 6),
(383, 120, 10),
(384, 121, 1),
(385, 121, 5),
(386, 121, 8),
(387, 122, 2),
(388, 122, 6),
(389, 122, 10),
(390, 123, 1),
(391, 123, 5),
(392, 123, 10),
(393, 124, 1),
(394, 124, 5),
(395, 124, 10),
(396, 125, 1),
(397, 125, 5),
(398, 125, 9),
(399, 126, 2),
(400, 126, 6),
(401, 126, 9),
(402, 127, 1),
(403, 127, 6),
(404, 127, 10),
(405, 128, 1),
(406, 128, 4),
(407, 128, 8),
(408, 129, 1),
(409, 129, 4),
(410, 129, 8),
(411, 130, 1),
(412, 130, 6),
(413, 130, 10),
(414, 131, 1),
(415, 131, 4),
(416, 131, 8),
(417, 132, 1),
(418, 132, 5),
(419, 132, 10),
(420, 133, 2),
(421, 133, 6),
(422, 133, 9),
(423, 134, 1),
(424, 134, 5),
(425, 134, 9),
(426, 135, 2),
(427, 135, 6),
(428, 135, 10),
(429, 136, 1),
(430, 136, 6),
(431, 136, 10),
(432, 137, 1),
(433, 137, 5),
(434, 137, 8),
(435, 138, 2),
(436, 138, 6),
(437, 138, 10),
(438, 139, 1),
(439, 139, 6),
(440, 139, 8),
(441, 140, 1),
(442, 140, 6),
(443, 140, 10),
(444, 141, 1),
(445, 141, 6),
(446, 141, 10),
(447, 142, 1),
(448, 142, 5),
(449, 142, 8),
(450, 143, 1),
(451, 143, 6),
(452, 143, 10),
(453, 144, 1),
(454, 144, 6),
(455, 144, 10),
(456, 145, 1),
(457, 145, 6),
(458, 145, 10),
(459, 146, 1),
(460, 146, 5),
(461, 146, 8),
(462, 147, 1),
(463, 147, 6),
(464, 147, 9),
(465, 148, 2),
(466, 148, 6),
(467, 148, 10),
(468, 149, 1),
(469, 149, 6),
(470, 149, 10),
(471, 150, 1),
(472, 150, 5),
(473, 150, 10),
(474, 151, 1),
(475, 151, 6),
(476, 151, 10),
(477, 152, 1),
(478, 152, 6),
(479, 152, 10),
(480, 153, 1),
(481, 153, 5),
(482, 153, 8),
(483, 154, 1),
(484, 154, 5),
(485, 154, 10),
(486, 155, 2),
(487, 155, 6),
(488, 155, 10),
(489, 156, 2),
(490, 156, 6),
(491, 156, 10),
(492, 157, 1),
(493, 157, 5),
(494, 157, 9),
(495, 158, 1),
(496, 158, 5),
(497, 158, 8),
(498, 159, 1),
(499, 159, 6),
(500, 159, 10),
(501, 160, 2),
(502, 160, 6),
(503, 160, 10),
(504, 161, 1),
(505, 161, 6),
(506, 161, 8),
(507, 162, 2),
(508, 162, 5),
(509, 162, 8),
(510, 163, 1),
(511, 163, 6),
(512, 163, 10),
(513, 164, 1),
(514, 164, 6),
(515, 164, 10),
(516, 165, 1),
(517, 165, 5),
(518, 165, 8),
(519, 166, 1),
(520, 166, 5),
(521, 166, 8),
(522, 167, 1),
(523, 167, 5),
(524, 167, 8),
(525, 168, 1),
(526, 168, 6),
(527, 168, 9),
(528, 169, 2),
(529, 169, 5),
(530, 169, 8),
(531, 170, 1),
(532, 170, 6),
(533, 170, 10),
(534, 171, 2),
(535, 171, 6),
(536, 171, 10),
(537, 172, 1),
(538, 172, 6),
(539, 172, 10),
(540, 173, 1),
(541, 173, 5),
(542, 173, 10),
(543, 174, 1),
(544, 174, 6),
(545, 174, 9),
(546, 175, 1),
(547, 175, 6),
(548, 175, 10),
(549, 176, 1),
(550, 176, 5),
(551, 176, 8),
(552, 177, 1),
(553, 177, 5),
(554, 177, 9),
(555, 178, 2),
(556, 178, 5),
(557, 178, 9),
(558, 179, 1),
(559, 179, 4),
(560, 179, 8),
(561, 180, 1),
(562, 180, 6),
(563, 180, 9),
(564, 181, 1),
(565, 181, 6),
(566, 181, 10),
(567, 182, 1),
(568, 182, 6),
(569, 182, 10),
(570, 183, 1),
(571, 183, 6),
(572, 183, 8),
(573, 184, 2),
(574, 184, 6),
(575, 184, 10),
(576, 185, 1),
(577, 185, 5),
(578, 185, 9),
(579, 186, 2),
(580, 186, 6),
(581, 186, 10),
(582, 187, 1),
(583, 187, 5),
(584, 187, 10),
(585, 188, 1),
(586, 188, 5),
(587, 188, 9),
(588, 189, 1),
(589, 189, 6),
(590, 189, 10),
(591, 190, 1),
(592, 190, 6),
(593, 190, 10),
(594, 191, 1),
(595, 191, 5),
(596, 191, 8),
(597, 192, 1),
(598, 192, 6),
(599, 192, 10),
(600, 193, 1),
(601, 193, 6),
(602, 193, 9),
(603, 194, 1),
(604, 194, 6),
(605, 194, 10),
(606, 195, 1),
(607, 195, 6),
(608, 195, 10),
(609, 196, 1),
(610, 196, 6),
(611, 196, 9),
(612, 197, 1),
(613, 197, 5),
(614, 197, 8),
(615, 198, 1),
(616, 198, 6),
(617, 198, 10),
(618, 199, 1),
(619, 199, 5),
(620, 199, 8),
(621, 200, 1),
(622, 200, 6),
(623, 200, 10),
(624, 201, 1),
(625, 201, 6),
(626, 201, 10),
(627, 202, 2),
(628, 202, 6),
(629, 202, 10),
(630, 203, 1),
(631, 203, 5),
(632, 203, 9),
(633, 204, 1),
(634, 204, 5),
(635, 204, 8),
(636, 205, 2),
(637, 205, 5),
(638, 205, 9),
(639, 206, 1),
(640, 206, 6),
(641, 206, 10),
(642, 207, 1),
(643, 207, 5),
(644, 207, 10),
(645, 208, 1),
(646, 208, 6),
(647, 208, 10),
(648, 209, 1),
(649, 209, 5),
(650, 209, 9),
(651, 210, 1),
(652, 210, 5),
(653, 210, 8),
(654, 211, 1),
(655, 211, 6),
(656, 211, 10),
(657, 212, 1),
(658, 212, 6),
(659, 212, 10),
(660, 213, 1),
(661, 213, 6),
(662, 213, 8),
(663, 214, 1),
(664, 214, 6),
(665, 214, 8),
(666, 215, 1),
(667, 215, 5),
(668, 215, 9),
(669, 216, 1),
(670, 216, 6),
(671, 216, 10),
(672, 217, 2),
(673, 217, 6),
(674, 217, 10),
(675, 218, 1),
(676, 218, 4),
(677, 218, 8),
(678, 219, 1),
(679, 219, 6),
(680, 219, 10),
(681, 220, 1),
(682, 220, 6),
(683, 220, 9),
(684, 221, 1),
(685, 221, 6),
(686, 221, 10),
(687, 222, 1),
(688, 222, 6),
(689, 222, 9),
(690, 223, 1),
(691, 223, 6),
(692, 223, 10),
(693, 224, 1),
(694, 224, 6),
(695, 224, 9),
(696, 225, 1),
(697, 225, 6),
(698, 225, 9),
(699, 226, 1),
(700, 226, 5),
(701, 226, 8),
(702, 227, 1),
(703, 227, 6),
(704, 227, 10),
(705, 228, 1),
(706, 228, 5),
(707, 228, 8),
(708, 229, 1),
(709, 229, 6),
(710, 229, 8),
(711, 230, 1),
(712, 230, 6),
(713, 230, 10),
(714, 231, 1),
(715, 231, 5),
(716, 231, 9),
(717, 232, 1),
(718, 232, 5),
(719, 232, 8),
(720, 233, 1),
(721, 233, 5),
(722, 233, 8),
(723, 234, 1),
(724, 234, 6),
(725, 234, 9),
(726, 235, 1),
(727, 235, 6),
(728, 235, 10),
(729, 236, 1),
(730, 236, 6),
(731, 236, 9),
(732, 237, 1),
(733, 237, 6),
(734, 237, 9),
(735, 238, 1),
(736, 238, 6),
(737, 238, 8),
(738, 239, 1),
(739, 239, 6),
(740, 239, 9),
(741, 240, 1),
(742, 240, 6),
(743, 240, 9),
(744, 241, 1),
(745, 241, 6),
(746, 241, 9),
(747, 242, 1),
(748, 242, 6),
(749, 242, 9),
(750, 243, 1),
(751, 243, 6),
(752, 243, 10),
(753, 244, 1),
(754, 244, 5),
(755, 244, 8),
(756, 245, 1),
(757, 245, 6),
(758, 245, 9),
(759, 246, 1),
(760, 246, 5),
(761, 246, 9),
(762, 247, 1),
(763, 247, 5),
(764, 247, 8),
(765, 248, 1),
(766, 248, 6),
(767, 248, 10),
(768, 249, 1),
(769, 249, 5),
(770, 249, 8),
(771, 250, 2),
(772, 250, 5),
(773, 250, 9),
(774, 251, 1),
(775, 251, 6),
(776, 251, 8),
(777, 252, 1),
(778, 252, 5),
(779, 252, 8),
(780, 253, 1),
(781, 253, 4),
(782, 253, 8),
(783, 254, 1),
(784, 254, 5),
(785, 254, 8),
(786, 255, 1),
(787, 255, 5),
(788, 255, 8),
(789, 256, 1),
(790, 256, 5),
(791, 256, 8),
(792, 257, 1),
(793, 257, 6),
(794, 257, 9),
(795, 258, 1),
(796, 258, 6),
(797, 258, 10),
(798, 259, 1),
(799, 259, 4),
(800, 259, 8),
(801, 260, 1),
(802, 260, 6),
(803, 260, 9),
(804, 261, 2),
(805, 261, 6),
(806, 261, 9),
(807, 262, 1),
(808, 262, 5),
(809, 262, 9),
(810, 263, 1),
(811, 263, 5),
(812, 263, 8),
(813, 264, 2),
(814, 264, 5),
(815, 264, 9),
(816, 265, 1),
(817, 265, 6),
(818, 265, 10),
(819, 266, 1),
(820, 266, 5),
(821, 266, 8),
(822, 267, 1),
(823, 267, 5),
(824, 267, 10),
(825, 268, 1),
(826, 268, 6),
(827, 268, 9),
(828, 269, 1),
(829, 269, 5),
(830, 269, 10),
(831, 270, 1),
(832, 270, 5),
(833, 270, 9),
(834, 271, 1),
(835, 271, 4),
(836, 271, 8),
(837, 272, 1),
(838, 272, 6),
(839, 272, 10),
(840, 273, 1),
(841, 273, 6),
(842, 273, 9),
(843, 274, 2),
(844, 274, 6),
(845, 274, 9),
(846, 275, 1),
(847, 275, 6),
(848, 275, 9),
(849, 276, 1),
(850, 276, 5),
(851, 276, 8),
(852, 277, 1),
(853, 277, 4),
(854, 277, 8),
(855, 278, 1),
(856, 278, 4),
(857, 278, 8),
(858, 279, 1),
(859, 279, 5),
(860, 279, 8),
(861, 280, 1),
(862, 280, 6),
(863, 280, 10),
(864, 281, 1),
(865, 281, 5),
(866, 281, 8),
(867, 282, 2),
(868, 282, 6),
(869, 282, 11),
(870, 283, 1),
(871, 283, 5),
(872, 283, 9),
(873, 284, 2),
(874, 284, 6),
(875, 284, 9),
(876, 285, 1),
(877, 285, 6),
(878, 285, 10),
(879, 286, 1),
(880, 286, 5),
(881, 286, 8),
(882, 287, 1),
(883, 287, 4),
(884, 287, 8),
(885, 288, 1),
(886, 288, 4),
(887, 288, 8),
(888, 289, 2),
(889, 289, 5),
(890, 289, 10),
(891, 290, 1),
(892, 290, 4),
(893, 290, 8),
(894, 291, 1),
(895, 291, 5),
(896, 291, 8),
(897, 292, 1),
(898, 292, 5),
(899, 292, 8),
(900, 293, 1),
(901, 293, 5),
(902, 293, 8),
(903, 294, 1),
(904, 294, 4),
(905, 294, 8),
(906, 295, 1),
(907, 295, 6),
(908, 295, 10),
(909, 296, 1),
(910, 296, 6),
(911, 296, 9),
(912, 297, 1),
(913, 297, 6),
(914, 297, 9),
(915, 298, 1),
(916, 298, 4),
(917, 298, 8),
(918, 299, 1),
(919, 299, 6),
(920, 299, 10),
(921, 300, 1),
(922, 300, 4),
(923, 300, 8),
(924, 301, 1),
(925, 301, 5),
(926, 301, 8),
(927, 302, 1),
(928, 302, 5),
(929, 302, 8),
(930, 303, 1),
(931, 303, 5),
(932, 303, 8),
(933, 304, 1),
(934, 304, 6),
(935, 304, 8),
(936, 305, 1),
(937, 305, 5),
(938, 305, 10),
(939, 306, 1),
(940, 306, 6),
(941, 306, 10),
(942, 307, 1),
(943, 307, 6),
(944, 307, 10),
(945, 308, 1),
(946, 308, 5),
(947, 308, 8),
(948, 309, 1),
(949, 309, 6),
(950, 309, 9),
(951, 310, 1),
(952, 310, 4),
(953, 310, 8),
(954, 311, 1),
(955, 311, 6),
(956, 311, 9),
(957, 312, 1),
(958, 312, 6),
(959, 312, 8),
(960, 313, 1),
(961, 313, 6),
(962, 313, 9),
(963, 314, 1),
(964, 314, 5),
(965, 314, 8),
(966, 315, 1),
(967, 315, 6),
(968, 315, 9),
(969, 316, 2),
(970, 316, 5),
(971, 316, 8),
(972, 317, 1),
(973, 317, 5),
(974, 317, 8),
(975, 318, 1),
(976, 318, 6),
(977, 318, 8),
(978, 319, 1),
(979, 319, 5),
(980, 319, 8),
(981, 320, 1),
(982, 320, 6),
(983, 320, 8),
(984, 321, 2),
(985, 321, 6),
(986, 321, 8),
(987, 322, 1),
(988, 322, 5),
(989, 322, 8),
(990, 323, 1),
(991, 323, 6),
(992, 323, 9),
(993, 324, 1),
(994, 324, 6),
(995, 324, 8),
(996, 325, 1),
(997, 325, 5),
(998, 325, 8),
(999, 326, 1),
(1000, 326, 5),
(1001, 326, 8),
(1002, 327, 1),
(1003, 327, 6),
(1004, 327, 9),
(1005, 328, 1),
(1006, 328, 5),
(1007, 328, 9),
(1008, 329, 1),
(1009, 329, 6),
(1010, 329, 8),
(1011, 330, 2),
(1012, 330, 6),
(1013, 330, 8),
(1014, 331, 1),
(1015, 331, 5),
(1016, 331, 8),
(1017, 332, 1),
(1018, 332, 6),
(1019, 332, 8),
(1020, 333, 1),
(1021, 333, 5),
(1022, 333, 8),
(1023, 334, 1),
(1024, 334, 5),
(1025, 334, 8),
(1026, 335, 1),
(1027, 335, 5),
(1028, 335, 8),
(1029, 336, 1),
(1030, 336, 5),
(1031, 336, 8),
(1032, 337, 2),
(1033, 337, 6),
(1034, 337, 9),
(1035, 338, 1),
(1036, 338, 6),
(1037, 338, 9),
(1038, 339, 1),
(1039, 339, 6),
(1040, 339, 9),
(1041, 340, 2),
(1042, 340, 5),
(1043, 340, 8),
(1044, 341, 1),
(1045, 341, 5),
(1046, 341, 9),
(1047, 342, 1),
(1048, 342, 5),
(1049, 342, 8),
(1050, 343, 2),
(1051, 343, 6),
(1052, 343, 8),
(1053, 344, 1),
(1054, 344, 6),
(1055, 344, 8),
(1056, 345, 1),
(1057, 345, 6),
(1058, 345, 8),
(1059, 346, 1),
(1060, 346, 6),
(1061, 346, 8),
(1062, 347, 1),
(1063, 347, 5),
(1064, 347, 8),
(1065, 348, 2),
(1066, 348, 6),
(1067, 348, 9),
(1068, 349, 1),
(1069, 349, 6),
(1070, 349, 8),
(1071, 350, 1),
(1072, 350, 5),
(1073, 350, 8),
(1074, 351, 1),
(1075, 351, 6),
(1076, 351, 8),
(1077, 352, 1),
(1078, 352, 4),
(1079, 352, 8),
(1080, 353, 1),
(1081, 353, 5),
(1082, 353, 8),
(1083, 354, 1),
(1084, 354, 4),
(1085, 354, 8),
(1086, 355, 1),
(1087, 355, 4),
(1088, 355, 8),
(1089, 356, 1),
(1090, 356, 5),
(1091, 356, 8),
(1092, 357, 1),
(1093, 357, 6),
(1094, 357, 8),
(1095, 358, 1),
(1096, 358, 4),
(1097, 358, 8),
(1098, 359, 1),
(1099, 359, 6),
(1100, 359, 8),
(1101, 360, 1),
(1102, 360, 5),
(1103, 360, 8),
(1104, 361, 1),
(1105, 361, 4),
(1106, 361, 8),
(1107, 362, 2),
(1108, 362, 6),
(1109, 362, 8),
(1110, 363, 1),
(1111, 363, 6),
(1112, 363, 8),
(1113, 364, 2),
(1114, 364, 6),
(1115, 364, 9),
(1116, 365, 2),
(1117, 365, 5),
(1118, 365, 8),
(1119, 366, 1),
(1120, 366, 4),
(1121, 366, 8),
(1122, 367, 1),
(1123, 367, 6),
(1124, 367, 9),
(1125, 368, 2),
(1126, 368, 6),
(1127, 368, 9),
(1128, 369, 1),
(1129, 369, 6),
(1130, 369, 8),
(1131, 370, 1),
(1132, 370, 6),
(1133, 370, 9),
(1134, 371, 1),
(1135, 371, 4),
(1136, 371, 8),
(1137, 372, 1),
(1138, 372, 5),
(1139, 372, 8),
(1140, 373, 1),
(1141, 373, 6),
(1142, 373, 8),
(1143, 374, 1),
(1144, 374, 6),
(1145, 374, 9),
(1146, 375, 1),
(1147, 375, 5),
(1148, 375, 8),
(1149, 376, 1),
(1150, 376, 5),
(1151, 376, 8),
(1152, 377, 1),
(1153, 377, 5),
(1154, 377, 9);

-- --------------------------------------------------------

--
-- Struktur dari tabel `data_latih`
--

CREATE TABLE `data_latih` (
  `id_latih` int(11) NOT NULL,
  `nim` varchar(20) NOT NULL,
  `nama` varchar(75) NOT NULL,
  `nilai_rata_rata_ipk` char(10) NOT NULL,
  `nilai_rata_rata_spa` char(10) NOT NULL,
  `nilai_rata_rata` char(10) NOT NULL
) ENGINE=InnoDB DEFAULT CHARSET=utf8mb4;

--
-- Dumping data untuk tabel `data_latih`
--

INSERT INTO `data_latih` (`id_latih`, `nim`, `nama`, `nilai_rata_rata_ipk`, `nilai_rata_rata_spa`, `nilai_rata_rata`) VALUES
(2, '22116001', 'SIMON SENA SOKA', '1.95', '0.75', '1.23'),
(4, '22116002', 'Suryanda Mahesa Taka', '1.6775', '0.33333333', '0.871'),
(6, '22116003', 'Derrysto Rayfa1do Niab', '1.7325', '2.16666666', '1.993'),
(8, '22116004', 'EFRAT JOICE RATA', '2.6875', '2.625', '2.65'),
(10, '22116005', 'Gianti Maria Ange1a 2aridy Man', '3.005', '2.41666666', '2.652'),
(12, '22116006', 'JEFREY CHRISTOFORUS 1AINAMA', '2.7025', '2.41666666', '2.531'),
(14, '22116007', 'Maria Magda1ena G1oria Jordan 1e1amu1a', '3.2775', '2.91666666', '3.061'),
(16, '22116008', 'YOHANES WI11IAM 1AOS', '2.9725', '2.70833333', '2.814'),
(18, '22116009', 'Vanya E1isabeth Muskanan', '2.99', '2.5', '2.696'),
(20, '22116010', 'Grice1da Fabio1a Gusmao', '2.0725', '1.41666666', '1.679'),
(22, '22116011', 'Anti2as 2asca1is Gregorius Seran', '2.0125', '0', '0.805'),
(24, '22116012', 'BERTO1OMEUS DISMAS SOAR', '3.18', '2.91666666', '3.022'),
(26, '22116013', 'ZA1VADOR 2. D. KOU', '1.6875', '0', '0.675'),
(28, '22116014', 'Frederikus Oni Seran', '1.6725', '0', '0.669'),
(30, '22116015', 'Rayna1do F. Renas Mbiru', '2.39', '2', '2.156'),
(32, '22116016', 'Konradus Ko2ong Ba1a Wuwur', '2.4875', '2.66666666', '2.595'),
(34, '22116017', 'CHRISUA1DO JACOBUS 2U1O ERA2', '1.61', '0', '0.644'),
(36, '22116018', 'KRISTOFFORUS AMASENE', '2.375', '0', '0.95'),
(38, '22116020', 'Reina1do 1o2es De Sena', '1.475', '0.91666666', '1.14'),
(40, '22116021', 'O1DY T.E. AMNIFU', '2.32', '0', '0.928'),
(42, '22116022', 'Hamberd Banry Fa11o', '2.3325', '0', '0.933'),
(44, '22116023', 'JIMMY 2RABOWO SANDI 1I1Y', '2.38', '0', '0.952'),
(46, '22116024', 'ERNESTO2 1ANGO TUKAN', '2.6525', '2.41666666', '2.511'),
(48, '22116026', 'Quido Suryadi Ngao', '1.5125', '0', '0.605'),
(50, '22116027', 'CHRISTINE AQUI1INA 1AKE', '2.985', '2.16666666', '2.494'),
(52, '22116028', '2ASCA1IS BEDA ADITYA ERA2', '2.93', '2.75', '2.822'),
(54, '22116029', 'YOHANES YANSEN KO2ONG WITAK', '2.6875', '2.5', '2.575'),
(56, '22116030', 'Fransiskus Steven Du1i Manuk', '1.6725', '0', '0.669'),
(58, '22116031', 'ECBER RIVTO RICARDO VERISTO A1A', '2.93', '2.25', '2.522'),
(60, '22116032', 'JUNINHO ROY RINA1DO FA1O', '2.745', '1.83333333', '2.198'),
(62, '22116033', '1UIS FRANSISCO JUNIOR 1EKI', '2.61', '2.16666666', '2.344'),
(64, '22116034', 'RAFAE1 EVENTUS 1EKY', '2.7975', '2.33333333', '2.519'),
(66, '22116035', 'Markus Tehe Amannutur', '1.6975', '0.33333333', '0.879'),
(68, '22116038', 'RONIANTO 1O11O', '2.4125', '1.91666666', '2.115'),
(70, '22116039', 'Giancar1o Simon Satriani 1amane2a', '2.925', '1.91666666', '2.32'),
(72, '22116040', 'Stivani N Wadhi', '2.9975', '2.58333333', '2.749'),
(74, '22116047', 'Yoandra Tubu1au', '2.2475', '2.25', '2.249'),
(76, '22116049', '1UCKY ARFANDY YOHANES', '2.9525', '2.875', '2.906'),
(78, '22116051', 'Adrianus Nenoharan', '2.8925', '2.875', '2.882'),
(80, '22116052', 'JEFRI ARIYANTO KOFI', '3.2125', '2.58333333', '2.835'),
(82, '22116053', 'JANUARIO DA SI1VA FERNANDES', '2.59', '2.33333333', '2.436'),
(84, '22116056', 'E2ifania Bachita 1o2es Soares', '2.465', '2.5', '2.486'),
(86, '22116057', 'Sabino Jose Caet', '2.2975', '2', '2.119'),
(88, '22116071', 'E1utorio 1ourence Dos Reis', '2.35', '2.58333333', '2.49'),
(90, '22116075', 'Veronika Maria Sone', '2.375', '2.41666666', '2.4'),
(92, '22116078', 'NATACHYA E1MA 2UTRI A21UGI', '2.72', '2.16666666', '2.388'),
(94, '22116079', 'Markus Young 1akamoa', '2.035', '0.33333333', '1.014'),
(96, '22116086', 'Tobias De O1iveira', '2.475', '2.41666666', '2.44'),
(98, '22116087', 'MARIA FEBRINTINA 1OWA DHUGE', '2.9575', '2', '2.383'),
(100, '22116088', 'Heribertus Kobo 2akae', '2.375', '2.5', '2.45'),
(102, '22116089', 'Yakobus Alta Saleh', '2.145', '0.33333333', '1.058'),
(104, '22116090', 'YAIRUS ARYANTO NAU', '2.49', '0.66666666', '1.396'),
(106, '22116092', 'Anthony Eprichandino Sogen', '2.975', '3.20833333', '3.115'),
(108, '22116096', 'FEBIANA APLONIA SABINA SERAN', '3.0625', '2.66666666', '2.825'),
(110, '22116083', 'Gildesianus J. M. Naiboas', '1.4475', '0', '0.579'),
(112, '22117001', 'Maria Jenis Dana Mudaj', '3.64', '2.95833333', '3.231'),
(114, '22117002', 'Maria Jemiana Kewa Mudaj', '3.6675', '3.04166666', '3.292'),
(116, '22117003', 'Agustinus Deli Vio Ture', '2.7025', '2.66666666', '2.681'),
(118, '22117006', 'Valerianus Apriatmo', '2.7925', '2.95833333', '2.892'),
(120, '22117007', 'Dion B. Sarmento', '3.5375', '3.08333333', '3.265'),
(122, '22117012', 'Aprianus Paskalis Mau', '2.795', '3.20833333', '3.043'),
(124, '22117013', 'Amelia Prihastiwi Tokoh', '2.76', '1.54166666', '2.029'),
(126, '22117014', 'Jassica Herman Lakar', '2.9325', '1.625', '2.148'),
(128, '22117016', 'Adesaputra Trimaryanto Bilaut', '2.4425', '2.33333333', '2.377'),
(130, '22117017', 'Maria Octemida Ximenes Barros', '3.205', '2.79166666', '2.957'),
(132, '22117020', 'Konny Hendri Mboeik', '2.755', '2.79166666', '2.777'),
(134, '22117021', 'Valentinus Maria Nahak', '3.33', '3.5', '3.432'),
(136, '22117022', 'Hironimus Mikhael Tefa', '2.49', '2.875', '2.721'),
(138, '22117023', 'Dominikus Dolu Puka', '2.42', '3.04166666', '2.793'),
(140, '22117025', 'Zita Diniasni Bulu', '3.305', '2.95833333', '3.097'),
(142, '22117026', 'Floridus Adiyanto Manek Seran', '2.085', '2.79166666', '2.509'),
(144, '22117029', 'Andi Yohanes Nusin', '2.735', '2.70833333', '2.719'),
(146, '22117031', 'Eugebio Cardoso Quintao', '2.8825', '2.5', '2.653'),
(148, '22117032', 'Ariyanto Karmakani', '2.1875', '2.58333333', '2.425'),
(150, '22117033', 'Laxmi Declaudya Ratu Raja', '2.895', '2.66666666', '2.758'),
(152, '22117034', 'Marianus Rahmatino Dangur', '2.455', '1.66666666', '1.982'),
(154, '22117035', 'Calvintianus Adrianus Fahik', '3', '2.875', '2.925'),
(156, '22117039', 'Novenrius Kornelius Sera', '2.3525', '3', '2.741'),
(158, '22117040', 'Pedro Vasco Ribeiro', '2.0025', '2.33333333', '2.201'),
(160, '22117044', 'Albertus Meze Wula', '3.095', '3.20833333', '3.163'),
(162, '22117045', 'Albert Klau Seran', '3.1825', '2.95833333', '3.048'),
(164, '22117047', 'Romana Claudia Kenshi Balla', '3.335', '2.70833333', '2.959'),
(166, '22117048', 'Januarius Doddy Luman', '2.96', '2.58333333', '2.734'),
(168, '22117051', 'Simon Petrus', '2.6275', '2.5', '2.551'),
(170, '22117052', 'Irenius Nong Tris Watu', '2.665', '2.66666666', '2.666'),
(172, '22117053', 'Gregorio Antonio Alves', '2.3725', '2.33333333', '2.349'),
(174, '22117054', 'Yuventus Eli Salu', '3.1', '3', '3.04'),
(176, '22117055', 'Wemci S.P.H Kaynara', '1.98', '2.5', '2.292'),
(178, '22117056', 'Eduardus Wence', '2.0975', '2.33333333', '2.239'),
(180, '22117058', 'Anselmo Rodrigues Lopes', '2.05', '2.41666666', '2.27'),
(182, '22117059', 'Octoviano Antonio Francisco', '2.4925', '2.66666666', '2.597'),
(184, '22117060', 'Yabeston Ajupri Pitay', '2.365', '0.58333333', '1.296'),
(186, '22117061', 'Yudith Arunika Cempaka Wella', '2.68', '2.54166666', '2.597'),
(188, '22117062', 'Vergilius Gonsales Due', '2.4675', '2.5', '2.487'),
(190, '22117064', 'Nunu Alves', '2.2575', '2.5', '2.403'),
(192, '22117066', 'Victor Oktovianus Edon', '2.8175', '3.125', '3.002'),
(194, '22117067', 'Henri Kristian Klau', '2.8925', '2.5', '2.657'),
(196, '22117070', 'Nixen Vertsmen Eldio Senak', '2.5875', '2.70833333', '2.66'),
(198, '22117074', 'Sonia Agustin Rahmawati Loya', '2.755', '2.45833333', '2.577'),
(200, '22117075', 'Nomensia Carolina Febriyanti Tombor', '2.9225', '2.75', '2.819'),
(202, '22117076', 'Yulius Fernando Sado', '2.2475', '0.58333333', '1.249'),
(204, '22117078', 'Rex Chornelis Mbuilima', '2.35', '1.58333333', '1.89'),
(206, '22117079', 'Klemens Marius BT', '3.14', '2.91666666', '3.006'),
(208, '22117080', 'Lando Emeliano Sales Sonbay', '2.815', '2.75', '2.776'),
(210, '22117081', 'Lando Emiliano Sales Sonbay', '3.0425', '2.33333333', '2.617'),
(212, '22117084', 'Thomas R. Pati Djaleng', '2.535', '2.5', '2.514'),
(214, '22117085', 'Marisa Banunuh', '3.03', '2.91666666', '2.962'),
(216, '22117087', 'Irvandisius Melkior Hasan', '2.4125', '2.20833333', '2.29'),
(218, '22117090', 'Edward Fendi Fahik', '2.515', '2.29166666', '2.381'),
(220, '22117092', 'Sanry Melkias Ratu Edo', '2.1025', '2.25', '2.191'),
(222, '22117093', 'Ronaldo Santana Boro Tupen', '2.58', '2.5', '2.532'),
(224, '22117094', 'Elton Petrus Maukolik', '2.215', '2.41666666', '2.336'),
(226, '22117095', 'Blasedus Nahak', '2.6775', '2.83333333', '2.771'),
(228, '22117096', 'Guido Senu', '2.9025', '0.91666666', '1.711'),
(230, '22117098', 'Rivaldo Jong Nokas', '2.1375', '2.33333333', '2.255'),
(232, '22117099', 'Novriana Trivenia Mau', '2.9675', '2.54166666', '2.712'),
(234, '22117100', 'Ismael Simon Petrus Taneo', '3.4675', '2.83333333', '3.087'),
(236, '22117101', 'Syahidin Boleng Sanga', '3.0575', '3.125', '3.098'),
(238, '22117102', 'Fandy Thimotius Radja Udju', '3.235', '2.58333333', '2.844'),
(240, '22117103', 'Maria Veliana Mone Djando', '2.9075', '2.58333333', '2.713'),
(242, '22117104', 'Maternus Dovanus Wake', '1.875', '0.66666666', '1.15'),
(244, '22117106', 'Maria Veransia Rengi', '3.2425', '2.875', '3.022'),
(246, '22117111', 'Oktavianus Gili Dhou', '1.9925', '3.25', '2.747'),
(248, '22117112', 'Ochrin Stenly Erdipsen Hae Djingi', '2.015', '2.58333333', '2.356'),
(250, '22117114', 'Anicetus Robertus Mangu Lewerang', '1.965', '2.41666666', '2.236'),
(252, '22117115', 'CHRISLEEN STEFANYA VIRGINIO HERE', '2.76', '2.25', '2.454'),
(254, '22117116', 'Hilarius Robinson Abes', '2.92', '3.20833333', '3.093'),
(256, '22117117', 'Frederikus Halmon', '0.36', '0', '0.144'),
(258, '22117118', 'Redeptus Fabiola Suri', '0.775', '0', '0.31'),
(260, '22117119', 'Antonio Joao De Oliveira Tacae', '2.5275', '2.79166666', '2.686'),
(262, '22117120', 'Fransiskus Xaverius Igo Ruron', '0.4225', '0', '0.169'),
(264, '22117121', 'Bonar Fontura Setu Sale', '2.11', '2.66666666', '2.444'),
(266, '22117122', 'Ana Freitas Guterres', '2.5375', '2.16666666', '2.315'),
(268, '22117124', 'Muhammad Zainudin S.S. Watun', '2.205', '2.16666666', '2.182'),
(270, '22117125', 'Merita De Araujo Nascimento', '2.5525', '2.58333333', '2.571'),
(272, '22117126', 'Antonio Umbu Anjar Gusmao Nindir', '2.885', '2.79166666', '2.829'),
(274, '22118002', 'ARIYANTO MOOY', '1.97', '0', '0.788'),
(276, '22118004', 'Stefani Febrianti Sea Way', '2.6625', '3.25', '3.015'),
(278, '22118005', 'MARTINUS KURNIAWAN WILU', '2.5225', '0.33333333', '1.209'),
(280, '22118006', 'AURELIUS JULIANTO BARUNG', '3.06', '2.83333333', '2.924'),
(282, '22118007', 'YOHANES PEHAN KELEN', '3.365', '3.375', '3.371'),
(284, '22118008', 'Alfridus Jemianus Nahak', '2.16', '0', '0.864'),
(286, '22118009', 'RUPERTUS DORECYANO BILLSHILA', '3.3975', '3.33333333', '3.359'),
(288, '22118010', 'MIKHAEL RANDY PAREIRA', '2.8375', '2.75', '2.785'),
(290, '22118011', 'FREDERIKUS JENTIUS LOGO DUE', '2.8375', '3', '2.935'),
(292, '22118012', 'SILVESTER LALISUC', '2.0275', '0.33333333', '1.011'),
(294, '22118021', 'AGUSTINUS ALLEUK ASURY', '2.575', '2.41666666', '2.48'),
(296, '22118022', 'STEVANIA SANDARANA ELU', '3.25', '2.58333333', '2.85'),
(298, '22118024', 'FRANSISKUS SALVI RUA', '2.8975', '2.75', '2.809'),
(300, '22118025', 'JULIANUS EDMUNDUS TAEK', '2.1625', '2.5', '2.365'),
(302, '22118026', 'ELI ISAC CABRAL DA COSTA', '2.635', '2.66666666', '2.654'),
(304, '22118027', 'ELWALDUS SURYA MAHARDIKA MALO', '2.7025', '2.66666666', '2.681'),
(306, '22118028', 'JANUARIUS TPOI', '1.77', '0', '0.708'),
(308, '22118029', 'GRACALINDO DA CONCEICAO', '1.7725', '2.58333333', '2.259'),
(310, '22118031', 'THERESA OLDEBERT SHONYA PARERA', '3.2425', '2.79166666', '2.972'),
(312, '22118033', 'Marchiani Rosaria Seran', '3.4', '2.91666666', '3.11'),
(314, '22118034', 'ROBERTUS SETA', '1.985', '2', '1.994'),
(316, '22118038', 'HERTINO B.A. POLINGKONG', '2.32', '0.91666666', '1.478'),
(318, '22118039', 'ANGELUS JEMS MARIO BATISTE SAIRO', '2.8375', '2.66666666', '2.735'),
(320, '22118041', 'MARIA ANGELINA BUE', '3.2175', '2.83333333', '2.987'),
(322, '22118043', 'AMBROGIO IGINIUS KAPITAN', '2.64', '1.125', '1.731'),
(324, '22118045', 'CHINTIA RENNY YAPPY', '1.925', '1.16666666', '1.47'),
(326, '22118046', 'NASARIUS DANIEL DAMPUNG', '2.95', '2.83333333', '2.88'),
(328, '22118047', 'YUAN MATHEOS AOETPAH', '3.085', '2.875', '2.959'),
(330, '22118048', 'FERMINUS BORO OLA', '2.1325', '0', '0.853'),
(332, '22118049', 'ERNO JEKSEN ALUNG', '1.62', '0', '0.648'),
(334, '22118050', 'MARSELINUS EFENDI MAU', '1.635', '1.08333333', '1.304'),
(336, '22118051', 'ARISKY YUDIANTARA', '2.8675', '1.91666666', '2.297'),
(338, '22118052', 'MARIA YULIANTI MOGI', '2.3525', '1', '1.541'),
(340, '22118053', 'FRANSISKUS SAVERIUS KUBE TUKAN', '2.5775', '2.875', '2.756'),
(342, '22118055', 'CORNELIA NIRMALA LELLIE', '3.44', '3.375', '3.401'),
(344, '22118056', 'YUDHA WAHYU WIRAWAN', '3.305', '3.375', '3.347'),
(346, '22118057', 'THEODORUS HUGO CARVALLO', '2.495', '2.66666666', '2.598'),
(348, '22118058', 'PETRUS NOTAN', '3.2825', '2.375', '2.738'),
(350, '22118059', 'YOHANES FREDIK GERA NAMANG', '2.8', '2.79166666', '2.795'),
(352, '22118060', 'JOANICO OCTAVIO ALVES', '1.6575', '0', '0.663'),
(354, '22118061', 'F. X. Hide Rahaqlaka', '1.83', '2.33333333', '2.132'),
(356, '22118065', 'CICILIA MBUIK', '2.295', '1.58333333', '1.868'),
(358, '22118066', 'Diego Dean Logo', '1.37', '0', '0.548'),
(360, '22118067', 'FERDINANDUS MALO', '2.665', '1.79166666', '2.141'),
(362, '22118069', 'Crisantus B. Sinclaer Ude', '2.9875', '3.25', '3.145'),
(364, '22118070', 'Alexandro Ronaldo Giovani Leya', '3.1375', '2.83333333', '2.955'),
(366, '22118075', 'GERI GUSTI ANDIKA MENGGA', '2.74', '1.25', '1.846'),
(368, '22118076', 'JANUARITA TIVANI DOLLU', '2.9875', '2.79166666', '2.87'),
(370, '22118077', 'BOY LIUNOKAS', '2.395', '2.41666666', '2.408'),
(372, '22118078', 'ELLYZA NUNES DA COSTA', '3.3225', '3.375', '3.354'),
(374, '22118079', 'GREGORIUS BARBARIGO TOIS', '2.405', '3.33333333', '2.962'),
(376, '22118083', 'ARISTO SADARMA LUHUR', '1.8875', '2.41666666', '2.205'),
(378, '22118086', 'FRENDY CHARLES TEFBANA', '3.2075', '3', '3.083'),
(380, '22118087', 'FRANSISKUS HERAKLIUS KAKI DOY', '2.795', '2.75', '2.768'),
(382, '22118088', 'HIRONIMUS REBON', '2.25', '1.16666666', '1.6'),
(384, '22118089', 'ARISTIDI MAYA MONIZ', '3.11', '3.04166666', '3.069'),
(386, '22118090', 'PETRUS SANDROLIUS NALDI', '2.85', '1.66666666', '2.14'),
(388, '22118091', 'BERNADUS PAYONG JUNIOR', '2.59', '2.75', '2.686'),
(390, '22118092', 'YAKOBUS SAKA LEWUK', '2.625', '2.58333333', '2.6'),
(392, '22118093', 'PETRUS ERICSON DUA SADA', '2.625', '2.33333333', '2.45'),
(394, '22118094', 'CHARLOS EMANUEL LAWA LEDA', '2.0525', '0', '0.821'),
(396, '22118095', 'ADRIANUS KONO NAIOBE', '2.9825', '2.91666666', '2.943'),
(398, '22118096', 'OCTOVIO ANDRY ALMETH', '1.69', '0', '0.676'),
(400, '22118097', 'MIKSON REFORTMEN MAU', '2.925', '2.79166666', '2.845'),
(402, '22118098', 'HIRONIMUS BAGUL', '2.715', '2.66666666', '2.686'),
(404, '22118099', 'MELYANI KRISTIN DJANDJI', '3.11', '3.33333333', '3.244'),
(406, '22118100', 'AGUSTINUS NAHAK', '2.1025', '2.08333333', '2.091'),
(408, '22118101', 'MARIUS T. LAMAPAHA', '1.9825', '0', '0.793'),
(410, '22118102', 'YUDITHA NOFRIDA NATUN', '2.3025', '1.58333333', '1.871'),
(412, '22118111', 'ALFONSO WILLIAM RESI REO', '2.8075', '2.75', '2.773'),
(414, '22118115', 'Julio Francisco Meco', '1.905', '2.66666666', '2.362'),
(416, '22118117', 'MARKUS REINHART GHARU', '3.185', '3.125', '3.149'),
(418, '22118118', 'REYNALDO YUSUF NOKAS', '2.2975', '2.25', '2.269'),
(420, '22118119', 'EZRA ANDERIAS LAKAPU', '2.015', '0', '0.806'),
(422, '22118120', 'MICHAEL SETYAWAN AGAS', '2.9725', '3.04166666', '3.014'),
(424, '22118121', 'ARIF ARIAMAN RIWU KORE', '3.195', '2.875', '3.003'),
(426, '22119001', 'APRIANUS S. OBA DEDE', '3.395', '0', '1.358'),
(428, '22119002', 'YOHANES RIVALDO SIMOES TAMPING', '2.92', '0', '1.168'),
(430, '22119003', 'VANISIUS BASTEN KEHI', '2.255', '2.29166666', '2.277'),
(432, '22119004', 'FERDINAN KENEDY DAGUNG', '3.1225', '3.25', '3.199'),
(434, '22119005', 'YULIA ISADORA ALVITA GON', '3.3275', '2.95833333', '3.106'),
(436, '22119006', 'EMANUEL LAURENSIUS NIRON', '1.285', '0.16666666', '0.614'),
(438, '22119007', 'SIRILUS KEO', '3.215', '3.125', '3.161'),
(440, '22119008', 'MARTIN LUKAS NUAK', '2.5175', '1.58333333', '1.957'),
(442, '22119009', 'MARIANO OKTAVIANUS ANDRIANTO TOTO', '3.2725', '3.04166666', '3.134'),
(444, '22119010', 'RICARDO V. D. GUSMAO', '2.7525', '2', '2.301'),
(446, '22119011', 'HIERONIMUS GARUNG', '2.845', '2.5', '2.638'),
(448, '22119012', 'CHARLES YOHANES MAU', '2.5375', '2.41666666', '2.465'),
(450, '22119013', 'BERTOLD AMANDO BALAWALA', '2.85', '2', '2.34'),
(452, '22119014', 'DWI PUTRA ERWIN RUIX MB TASO', '1.71', '0.5', '0.984'),
(454, '22119015', 'ROBIANTO RONALDO HALE', '3.3525', '2.91666666', '3.091'),
(456, '22119016', 'YANUARIUS K. TUPENG', '1.5225', '0', '0.609'),
(458, '22119017', 'CHRISTIAN U. KERUNG PAMARA', '2.6225', '0.41666666', '1.299'),
(460, '22119018', 'JOHN ERICSEN SANANG', '2.73', '2.75', '2.742'),
(462, '22119019', 'LABANS FERNANDO MAURE', '2.1275', '1.75', '1.901'),
(464, '22119020', 'METODIUS BANA', '2.1825', '0', '0.873'),
(466, '22119021', 'CHARIUS AGUSTINUS NAHAK', '2.1825', '0', '0.873'),
(468, '22119022', 'MARIA GLORIA E. ABI', '3.1825', '2.41666666', '2.723'),
(470, '22119023', 'JOAN FRANSISCO ROBERT NENOTEK', '2.9625', '2.5', '2.685'),
(472, '22119024', 'YULIUS STEFAN MANUNE', '2.6575', '2.16666666', '2.363'),
(474, '22119025', 'ELVISON S. RIU', '2.62', '1.5', '1.948'),
(476, '22119026', 'DANIAL CHANDRA ADITYA BANAMTUAN', '2.7725', '1.16666666', '1.809'),
(478, '22119027', 'JONATHAN SAMUEL VALEN INABUY', '2.72', '1.91666666', '2.238'),
(480, '22119028', 'JULIO DOS SANTOS', '2.8525', '1.83333333', '2.241'),
(482, '22119029', 'YASINTUS BEGI PERAS', '2.6675', '1.66666666', '2.067'),
(484, '22119030', 'DIONISIUS EGI LALIAN', '2.645', '1.91666666', '2.208'),
(486, '22119031', 'SIMON PETRUS REGI HURYNT', '2.705', '2.66666666', '2.682'),
(488, '22119032', 'WILLYAM YANRYANO ADOE', '1.83', '0', '0.732'),
(490, '22119033', 'FABIANUS LEONARDUS TAEK', '3.0425', '1.66666666', '2.217'),
(492, '22119034', 'MARIANUS PENU', '2.2325', '1.66666666', '1.893'),
(494, '22119035', 'SILVERIUS ALFINO HARTON RUBEN', '1.92', '0', '0.768'),
(496, '22119036', 'ROBELA MARTINS', '2.9075', '2.83333333', '2.863'),
(498, '22119037', 'YUVENTUS D. TASI', '1.82', '0.41666666', '0.978'),
(500, '22119038', 'ANJELINA RETNO AGUSTIN', '1.89', '1.83333333', '1.856'),
(502, '22119039', 'FRANSISKUS STEVEN DULI MANUK', '2.69', '0.83333333', '1.576'),
(504, '22119040', 'VINSENSIUS NAGUR', '2.105', '0', '0.842'),
(506, '22119041', 'EFRENTINUS FA DEY', '0.485', '0', '0.194'),
(508, '22119042', 'Gildesianus J.M. Naiboas', '2.285', '0', '0.914'),
(510, '22119043', 'RONALDUS LAGA KOLOT', '2.035', '0', '0.814'),
(512, '22119044', 'SIRILUS DOLE', '1.79', '0.91666666', '1.266'),
(514, '22119045', 'NATALIA DESDIANA BELLA', '2.7275', '1.83333333', '2.191'),
(516, '22119046', 'DIDAKUS PATI KELEN', '2.885', '3.41666666', '3.204'),
(518, '22119047', 'ANDRE RULENS LENDE TAE', '1.345', '0', '0.538'),
(520, '22119048', 'YOHANES VINSENSIUS MAUBUTI', '2.5075', '2.08333333', '2.253'),
(522, '22119049', 'MARIA GUESEPHINA DEWI SERAN', '2.7175', '2.16666666', '2.387'),
(524, '22119050', 'SIR WICHLIF MAIL', '2.3775', '1.5', '1.851'),
(526, '22119051', 'QUIRINUS PEDRICO YAVAN', '2.415', '0', '0.966'),
(528, '22119052', 'GIUSEPPINA BAKITA NDONA', '1.9825', '1.75', '1.843'),
(530, '22119053', 'YOHANES JOEY MAU BUTI', '3.0375', '2.58333333', '2.765'),
(532, '22119054', 'JOSE CAITANUS MAU', '2.3425', '0.91666666', '1.487'),
(534, '22119055', 'LALU AJI TATA KRAMA', '2.3', '2.75', '2.57'),
(536, '22119056', 'KARBINIANUS TRIATNOMAJI MEI', '2.72', '2.41666666', '2.538'),
(538, '22119057', 'MUHAMAD RIFAIL', '2.47', '2.5', '2.488'),
(540, '22119058', 'AMOS JOACHYM MANEK', '2.4225', '1.75', '2.019'),
(542, '22119059', 'RIVANDY M TUALAKA', '0.94', '0', '0.376'),
(544, '22119060', 'CHRISTAL FREDERIK ESAMI HANAS ELIMANAFE', '3.475', '2.875', '3.115'),
(546, '22119061', 'ARNOLDUS JANSEN CACUNG', '2.7675', '2.33333333', '2.507'),
(548, '22119062', 'ILDA GETRESA KOFAN', '2.6625', '2.33333333', '2.465'),
(550, '22119063', 'FERDINAN ARIFSANTO L. TOKAN', '2.51', '1.58333333', '1.954'),
(552, '22119064', 'CHRISTOFANYA DARLENCE KEO', '2.12', '0', '0.848'),
(554, '22119065', 'REMIGIUS MEAK', '0.945', '0', '0.378'),
(556, '22119066', 'FREDERIKUS ONI SERAN', '1.4975', '0', '0.599'),
(558, '22119067', 'SIMON TOB', '1.7725', '0.5', '1.009'),
(560, '22119068', 'ADRIANUS GAE BONGE', '2.7375', '3.41666666', '3.145'),
(562, '22119069', 'MARIO YOHANES VIANEY MEO', '1.69', '0', '0.676'),
(564, '22119070', 'STELLA MALELAK', '3.22', '3.75', '3.538'),
(566, '22119071', 'DUARTE A. D. SOARES', '2.18', '2.16666666', '2.172'),
(568, '22119072', 'THERESIA CLARESA BUNGA HERIN', '2.8475', '1.75', '2.189'),
(570, '22119073', 'YOSEPH BOLI BLIKOLOLONG', '2.9625', '3.20833333', '3.11'),
(572, '22119074', 'DANIEL RISANTO TNEUP', '2.38', '1.25', '1.702'),
(574, '22119075', 'MARCHIANO STEF JEDAUT', '0.74', '0', '0.296'),
(576, '22119076', 'KENAN RICHARDO MANAFE', '1.065', '0', '0.426'),
(578, '22119077', 'WILDAYANA ILLA', '2.25', '2.58333333', '2.45'),
(580, '22119078', 'OKTOBERTUS OFANSIUS SEA', '1.4225', '0', '0.569'),
(582, '22119079', 'STEVANRICH KERAF TARAPANDJANG', '1.9325', '0', '0.773'),
(584, '22119080', 'FRANSISKUS XAVERIUS IGO RURON', '1.6625', '0', '0.665'),
(586, '22119081', 'ALBERTUS ALEXANDER DOWO HOKON', '1.9375', '1.33333333', '1.575'),
(588, '22119082', 'EUGENIUS RIVALDO DOLO', '0.93', '0.33333333', '0.572'),
(590, '22119083', 'Hardrianus Pasta Rambang', '2.845', '2.95833333', '2.913'),
(592, '22119084', 'SERGIUS NIKOLAUS DALLA UKO', '3.075', '1.83333333', '2.33'),
(594, '22119085', 'PETRUS R. M. JEMPARU', '2.595', '2.33333333', '2.438'),
(596, '22119086', 'FAUSTINO CERQUEIRA.', '0.6325', '0', '0.253'),
(598, '22119087', 'REINALDO LOPES DE SENA', '2.8625', '2.91666666', '2.895'),
(600, '22119088', 'LAURENSIUS ANDY ARKANJU', '1.3275', '0', '0.531'),
(602, '22119089', 'FISCHER NEMESIO TUMBAS', '2.325', '0', '0.93'),
(604, '22119090', 'YOHANES FERNANDO NULLE', '2.1025', '0', '0.841'),
(606, '22119091', 'ARDYANTO NIFU.', '1.91', '0', '0.764'),
(608, '22119092', 'IMANUEL FAOFETO', '2.7475', '0', '1.099'),
(610, '22119093', 'SURYANDA MAHESA TAKA.', '2.38', '2.95833333', '2.727'),
(612, '22119094', 'ANTONIUS VITUS MICHRA SOLO', '2.6775', '2.5', '2.571'),
(614, '22119095', 'MARKUS TEHE AMANNUTUR', '2.5625', '2.66666666', '2.625'),
(616, '22120001', 'Realeno Nanga Umbu Warata', '2.2075', '0.83333333', '1.383'),
(618, '22120002', 'Stefanus Efendi Klau', '2.835', '1.58333333', '2.084'),
(620, '22120003', 'Meki Ariyanto Baitanu', '0.95', '0', '0.38'),
(622, '22120004', 'Yohanes Jefrianus Jehopan', '2.75', '1.66666666', '2.1'),
(624, '22120005', 'Rikardus Satryadi', '2.615', '1.41666666', '1.896'),
(626, '22120006', 'Gregorius Andriyanto Woho Boli', '3.2', '2.20833333', '2.605'),
(628, '22120007', 'Junioriko Moyandi Ndolu', '2.1825', '0', '0.873'),
(630, '22120008', 'Jems Erikh Bessi', '3.165', '2.16666666', '2.566'),
(632, '22120009', 'Odilia Muti', '2.2225', '0', '0.889'),
(634, '22120010', 'Martinus Kurniawan Wilu', '2.3675', '1.41666666', '1.797'),
(636, '22120011', 'Pachomeus Edwin Due Kega', '2.99', '0.33333333', '1.396'),
(638, '22120012', 'Theodorus Leki Nai Doi Diaz', '1.935', '0', '0.774'),
(640, '22120013', 'Andrean Testian Da Gomeks', '2.5575', '0.5', '1.323'),
(642, '22120014', 'Angela Maria Ignasia P. M. Tukan', '3.1625', '1', '1.865'),
(644, '22120015', 'Bazalel Cornelis Kay', '2', '1.25', '1.55'),
(646, '22120016', 'Januarius Boi Lelangona', '3.12', '1.5', '2.148'),
(648, '22120017', 'Stenly Mexy Hariadi Yacob', '2.5825', '0', '1.033'),
(650, '22120018', 'Wilibrodus Tefnai', '2.095', '1.125', '1.513'),
(652, '22120019', 'Elia Yustisia Rofael', '1.575', '0', '0.63'),
(654, '22120020', 'Eufronius Nhak', '2.8', '1.58333333', '2.07'),
(656, '22120021', 'Yonit Neslaka', '2.44', '1.58333333', '1.926'),
(658, '22120022', 'Salomo Kamata', '2.635', '0', '1.054'),
(660, '22120023', 'Arini Aprili Pallo', '2.885', '1.25', '1.904'),
(662, '22120024', 'Fransiskus Emanuel Jemali', '1.6625', '0', '0.665'),
(664, '22120025', 'Lorenso Dvg Sakera', '2.9175', '0.5', '1.467'),
(666, '22120026', 'Melkyanus Dino Rikardus', '2.2925', '0.83333333', '1.417'),
(668, '22120027', 'Taruna Alamsyah', '2.475', '0.91666666', '1.54'),
(670, '22120028', 'Oswaldus Suryo Jakarpu', '1.9875', '0.625', '1.17'),
(672, '22120029', 'Aristo Bao', '1.93', '0', '0.772'),
(674, '22120030', 'Chatarine Elisa Pedan', '2.8775', '1.75', '2.201'),
(676, '22120031', 'Maixstefen Sophiyan Ledoh', '2.9475', '2', '2.379'),
(678, '22120032', 'Herbert Ibrahim Dethan', '3.055', '1.91666666', '2.372'),
(680, '22120033', 'Theresia Dos Santos', '1.81', '0', '0.724'),
(682, '22120034', 'Jourdi Alexandro Seran', '2.4475', '2.125', '2.254'),
(684, '22120035', 'Aleksander Binsasi', '1.905', '0', '0.762'),
(686, '22120036', 'Melania Charlydino Paga', '2.655', '0.58333333', '1.412'),
(688, '22120037', 'Andrew W. O. Messakh', '3.185', '1.16666666', '1.974'),
(690, '22120038', 'Evang Edito Klakik', '3.045', '1.41666666', '2.068'),
(692, '22120039', 'Florensius Ola Ile', '2.9125', '1.41666666', '2.015'),
(694, '22120040', 'Abraham Babys', '2.285', '0.91666666', '1.464'),
(696, '22120041', 'Marche Seli', '3.355', '2.125', '2.617'),
(698, '22120042', 'Ardryominto P. L. W. Ate Lende', '3.28', '0.75', '1.762'),
(700, '22120043', 'Zenon Alezandro Batistuta Werner', '1.58', '0', '0.632'),
(702, '22120044', 'Anselmus Farianus Jensen', '2.87', '1.41666666', '1.998'),
(704, '22120045', 'Sigibertus Riato Manek', '0.905', '0', '0.362'),
(706, '22120046', 'Frengki Boy Akulas', '2.48', '1.41666666', '1.842'),
(708, '22120047', 'Rani Mersianus Lalang', '0.785', '0', '0.314'),
(710, '22120048', 'Mikael Mendu Karo Sare', '1.4325', '0', '0.573'),
(712, '22120049', 'Rinaldy Marcelino Tungga', '2.15', '0', '0.86'),
(714, '22120051', 'Januario Xaverius Bone', '2.725', '0.66666666', '1.49'),
(716, '22120052', 'Julmiro Baltasar Sila', '1.46', '0', '0.584'),
(718, '22120053', 'Godelfridus Avelino Bere', '2.7175', '1', '1.687'),
(720, '22120054', 'Nuh Henukh Maifa', '2.47', '0.91666666', '1.538'),
(722, '22120055', 'Yohanes Putradius Naibina', '0.3', '0', '0.12'),
(724, '22120056', 'Tiara Priska Fernandez', '2.9375', '1.33333333', '1.975'),
(726, '22120057', 'Gabriel Suryanto Pires Amaral', '2.5775', '0.75', '1.481'),
(728, '22120058', 'Cindi Halena Wambore Noya', '2.8575', '1.5', '2.043'),
(730, '22120059', 'Putri Eunike Marjelintotunbonat', '1.505', '0.625', '0.977'),
(732, '22120060', 'Silverius Alfino Harton Ruben', '0.75', '0', '0.3'),
(734, '22120061', 'Andrianus Prasasto', '2.94', '1.91666666', '2.326'),
(736, '22120062', 'Maria Kresensia Tuga', '3.1525', '1.66666666', '2.261'),
(738, '22120063', 'Darius Atakari', '2.635', '1.08333333', '1.704'),
(740, '22120064', 'Erentus Latong', '3.21', '2.20833333', '2.609'),
(742, '22120065', 'Osvaldo Ocendaho Nindir Sasela', '1.4425', '0', '0.577'),
(744, '22120066', 'Arnoldus Aditya Aran Tokan', '1.6625', '0.16666666', '0.765'),
(746, '22120067', 'Ansila Maria Elisa Bria', '2.82', '0.83333333', '1.628'),
(748, '22120068', 'Heribertus Sandri Paus', '3.12', '1.54166666', '2.173'),
(750, '22120069', 'Silvester Manu', '2.3575', '1', '1.543'),
(752, '22120070', 'Paulus Heriadi Tafoki Syamsudin', '2.255', '0.66666666', '1.302');

-- --------------------------------------------------------

--
-- Struktur dari tabel `data_testing`
--

CREATE TABLE `data_testing` (
  `id_testing` int(11) NOT NULL,
  `nim` varchar(20) NOT NULL,
  `nama` varchar(75) NOT NULL,
  `nilai_rata_rata_ipk` char(10) NOT NULL,
  `nilai_rata_rata_spa` char(10) NOT NULL,
  `nilai_rata_rata` char(10) NOT NULL
) ENGINE=InnoDB DEFAULT CHARSET=utf8mb4;

--
-- Dumping data untuk tabel `data_testing`
--

INSERT INTO `data_testing` (`id_testing`, `nim`, `nama`, `nilai_rata_rata_ipk`, `nilai_rata_rata_spa`, `nilai_rata_rata`) VALUES
(1, '22116001', 'SIMON SENA SOKA', '1.95', '0.75', '1.23'),
(2, '22116002', 'Suryanda Mahesa Taka', '1.6775', '0.33333333', '0.871'),
(3, '22116003', 'Derrysto Rayfaldo Niab', '1.7325', '2.16666666', '1.993'),
(4, '22116004', 'EFRAT JOICE RATA', '2.6875', '2.625', '2.65'),
(5, '22116005', 'Gianti Maria Angela Paridy Man', '3.005', '2.41666666', '2.652'),
(6, '22116006', 'JEFREY CHRISTOFORUS LAINAMA', '2.7025', '2.41666666', '2.531'),
(7, '22116007', 'Maria Magdalena Gloria Jordan Lelamula', '3.2775', '2.91666666', '3.061'),
(8, '22116008', 'YOHANES WILLIAM LAOS', '2.9725', '2.70833333', '2.814'),
(9, '22116009', 'Vanya Elisabeth Muskanan', '2.99', '2.5', '2.696'),
(10, '22116010', 'Gricelda Fabiola Gusmao', '2.0725', '1.41666666', '1.679'),
(11, '22116011', 'Antipas Pascalis Gregorius Seran', '2.0125', '0', '0.805'),
(12, '22116012', 'BERTOLOMEUS DISMAS SOAR', '3.18', '2.91666666', '3.022'),
(13, '22116013', 'ZALVADOR P. D. KOU', '1.6875', '0', '0.675'),
(14, '22116014', 'Frederikus Oni Seran', '1.6725', '0', '0.669'),
(15, '22116015', 'Raynaldo F. Renas Mbiru', '2.39', '2', '2.156'),
(16, '22116016', 'Konradus Kopong Bala Wuwur', '2.4875', '2.66666666', '2.595'),
(17, '22116017', 'CHRISUALDO JACOBUS PULO ERAP', '1.61', '0', '0.644'),
(18, '22116018', 'KRISTOFFORUS AMASENE', '2.375', '0', '0.95'),
(19, '22116020', 'Reinaldo Lopes De Sena', '1.475', '0.91666666', '1.14'),
(20, '22116021', 'OLDY T.E. AMNIFU', '2.32', '0', '0.928'),
(21, '22116022', 'Hamberd Banry Fallo', '2.3325', '0', '0.933'),
(22, '22116023', 'JIMMY PRABOWO SANDI LILY', '2.38', '0', '0.952'),
(23, '22116024', 'ERNESTOP LANGO TUKAN', '2.6525', '2.41666666', '2.511'),
(24, '22116026', 'Quido Suryadi Ngao', '1.5125', '0', '0.605'),
(25, '22116027', 'CHRISTINE AQUILINA LAKE', '2.985', '2.16666666', '2.494'),
(26, '22116028', 'PASCALIS BEDA ADITYA ERAP', '2.93', '2.75', '2.822'),
(27, '22116029', 'YOHANES YANSEN KOPONG WITAK', '2.6875', '2.5', '2.575'),
(28, '22116030', 'Fransiskus Steven Duli Manuk', '1.6725', '0', '0.669'),
(29, '22116031', 'ECBER RIVTO RICARDO VERISTO ALA', '2.93', '2.25', '2.522'),
(30, '22116032', 'JUNINHO ROY RINALDO FALO', '2.745', '1.83333333', '2.198'),
(31, '22116033', 'LUIS FRANSISCO JUNIOR LEKI', '2.61', '2.16666666', '2.344'),
(32, '22116034', 'RAFAEL EVENTUS LEKY', '2.7975', '2.33333333', '2.519'),
(33, '22116035', 'Markus Tehe Amannutur', '1.6975', '0.33333333', '0.879'),
(34, '22116038', 'RONIANTO LOLLO', '2.4125', '1.91666666', '2.115'),
(35, '22116039', 'Giancarlo Simon Satriani Lamanepa', '2.925', '1.91666666', '2.32'),
(36, '22116040', 'Stivani N Wadhi', '2.9975', '2.58333333', '2.749'),
(37, '22116047', 'Yoandra Tubulau', '2.2475', '2.25', '2.249'),
(38, '22116049', 'LUCKY ARFANDY YOHANES', '2.9525', '2.875', '2.906'),
(39, '22116051', 'Adrianus Nenoharan', '2.8925', '2.875', '2.882'),
(40, '22116052', '22116052', '3.2125', '2.58333333', '2.835'),
(41, '22116053', 'JANUARIO DA SILVA FERNANDES', '2.59', '2.33333333', '2.436'),
(42, '22116056', 'Epifania Bachita Lopes Soares', '2.465', '2.5', '2.486'),
(43, '22116057', 'Sabino Jose Caet', '2.2975', '2', '2.119'),
(44, '22116071', 'Elutorio Lourence Dos Reis', '2.35', '2.58333333', '2.49'),
(45, '22116075', 'Veronika Maria Sone', '2.375', '2.41666666', '2.4'),
(46, '22116078', 'NATACHYA ELMA PUTRI APLUGI', '2.72', '2.16666666', '2.388'),
(47, '22116079', 'Markus Young Lakamoa', '2.035', '0.33333333', '1.014'),
(48, '22116086', 'Tobias De Oliveira', '2.475', '2.41666666', '2.44'),
(49, '22116087', 'MARIA FEBRINTINA LOWA DHUGE', '2.9575', '2', '2.383'),
(50, '22116088', 'Heribertus Kobo Pakae', '2.375', '2.5', '2.45'),
(51, '22116089', 'Yakobus Alta Saleh', '2.145', '0.33333333', '1.058'),
(52, '22116090', 'YAIRUS ARYANTO NAU', '2.49', '0.66666666', '1.396'),
(53, '22116092', 'Anthony Eprichandino Sogen', '2.975', '3.20833333', '3.115'),
(54, '22116096', 'FEBIANA APLONIA SABINA SERAN', '3.0625', '2.66666666', '2.825'),
(55, '22116083', 'Gildesianus J. M. Naiboas', '1.0025', '0', '0.401'),
(56, '22117001', 'Maria Jenis Dana Mudaj', '3.64', '2.95833333', '3.231'),
(57, '22117002', 'Maria Jemiana Kewa Mudaj', '3.6675', '3.04166666', '3.292'),
(58, '22117003', 'Agustinus Deli Vio Ture', '2.7025', '2.75', '2.731'),
(59, '22117006', 'Valerianus Apriatmo', '2.7925', '2.95833333', '2.892'),
(60, '22117007', 'Dion B. Sarmento', '3.5375', '3.08333333', '3.265'),
(61, '22117012', 'Aprianus Paskalis Mau', '2.795', '3.20833333', '3.043'),
(62, '22117013', 'Amelia Prihastiwi Tokoh', '2.76', '1.54166666', '2.029'),
(63, '22117014', 'Jassica Herman Lakar', '2.9325', '1.625', '2.148'),
(64, '22117016', 'Adesaputra Trimaryanto Bilaut', '2.4425', '2.33333333', '2.377'),
(65, '22117017', 'Maria Octemida Ximenes Barros', '3.205', '2.79166666', '2.957'),
(66, '22117020', 'Konny Hendri Mboeik', '2.755', '2.79166666', '2.777'),
(67, '22117021', 'Valentinus Maria Nahak', '3.33', '3.5', '3.432'),
(68, '22117022', 'Hironimus Mikhael Tefa', '2.49', '2.875', '2.721'),
(69, '22117023', 'Dominikus Dolu Puka', '2.42', '3.04166666', '2.793'),
(70, '22117025', 'Zita Diniasni Bulu', '3.305', '2.95833333', '3.097'),
(71, '22117026', 'Floridus Adiyanto Manek Seran', '2.085', '2.79166666', '2.509'),
(72, '22117029', 'Andi Yohanes Nusin', '2.735', '2.70833333', '2.719'),
(73, '22117031', 'Eugebio Cardoso Quintao', '2.8825', '2.5', '2.653'),
(74, '22117032', 'Ariyanto Karmakani', '2.1875', '2.58333333', '2.425'),
(75, '22117033', 'Laxmi Declaudya Ratu Raja', '2.895', '2.66666666', '2.758'),
(76, '22117034', 'Marianus Rahmatino Dangur', '2.455', '1.66666666', '1.982'),
(77, '22117035', 'Calvintianus Adrianus Fahik', '3', '2.875', '2.925'),
(78, '22117039', 'Novenrius Kornelius Sera', '2.3525', '3', '2.741'),
(79, '22117040', 'Pedro Vasco Ribeiro', '2.0025', '2.33333333', '2.201'),
(80, '22117044', 'Albertus Meze Wula', '3.095', '3.20833333', '3.163'),
(81, '22117045', 'Albert Klau Seran', '3.1825', '2.95833333', '3.048'),
(82, '22117047', 'Romana Claudia Kenshi Balla', '3.335', '2.70833333', '2.959'),
(83, '22117048', 'Januarius Doddy Luman', '2.96', '2.58333333', '2.734'),
(84, '22117051', 'Simon Petrus', '2.6275', '2.5', '2.551'),
(85, '22117052', 'Irenius Nong Tris Watu', '2.665', '2.66666666', '2.666'),
(86, '22117053', 'Gregorio Antonio Alves', '2.3725', '2.33333333', '2.349'),
(87, '22117054', 'Yuventus Eli Salu', '3.1', '3', '3.04'),
(88, '22117055', 'Wemci S.P.H Kaynara', '1.98', '2.5', '2.292'),
(89, '22117056', 'Eduardus Wence', '2.0975', '2.33333333', '2.239'),
(90, '22117058', 'Anselmo Rodrigues Lopes', '2.05', '2.41666666', '2.27'),
(91, '22117059', 'Octoviano Antonio Francisco', '2.4925', '2.66666666', '2.597'),
(92, '22117060', 'Yabeston Ajupri Pitay', '2.365', '0.58333333', '1.296'),
(93, '22117061', 'Yudith Arunika Cempaka Wella', '2.68', '2.54166666', '2.597'),
(94, '22117062', 'Vergilius Gonsales Due', '2.4675', '2.5', '2.487'),
(95, '22117064', 'Nunu Alves', '2.2575', '2.5', '2.403'),
(96, '22117066', 'Victor Oktovianus Edon', '2.8175', '3.125', '3.002'),
(97, '22117067', 'Henri Kristian Klau', '2.8925', '2.5', '2.657'),
(98, '22117070', 'Nixen Vertsmen Eldio Senak', '2.5875', '2.70833333', '2.66'),
(99, '22117074', 'Sonia Agustin Rahmawati Loya', '2.755', '2.45833333', '2.577'),
(100, '22117075', 'Nomensia Carolina Febriyanti Tombor', '2.9225', '2.75', '2.819'),
(101, '22117076', 'Yulius Fernando Sado', '2.2475', '0.58333333', '1.249'),
(102, '22117078', 'Rex Chornelis Mbuilima', '2.35', '1.58333333', '1.89'),
(103, '22117079', 'Klemens Marius BT', '3.14', '2.91666666', '3.006'),
(104, '22117080', 'Lando Emeliano Sales Sonbay', '2.815', '2.75', '2.776'),
(105, '22117081', 'Lando Emiliano Sales Sonbay', '3.0425', '2.33333333', '2.617'),
(106, '22117084', 'Thomas R. Pati Djaleng', '2.535', '2.5', '2.514'),
(107, '22117085', 'Marisa Banunuh', '3.03', '2.91666666', '2.962'),
(108, '22117087', 'Irvandisius Melkior Hasan', '2.4125', '2.20833333', '2.29'),
(109, '22117090', 'Edward Fendi Fahik', '2.515', '2.29166666', '2.381'),
(110, '22117092', 'Sanry Melkias Ratu Edo', '2.1025', '2.25', '2.191'),
(111, '22117093', 'Ronaldo Santana Boro Tupen', '2.58', '2.5', '2.532'),
(112, '22117094', 'Elton Petrus Maukolik', '2.215', '2.41666666', '2.336'),
(113, '22117095', 'Blasedus Nahak', '2.6775', '2.83333333', '2.771'),
(114, '22117096', 'Guido Senu', '2.9025', '0.91666666', '1.711'),
(115, '22117098', 'Rivaldo Jong Nokas', '2.1375', '2.33333333', '2.255'),
(116, '22117099', 'Novriana Trivenia Mau', '2.9675', '2.54166666', '2.712'),
(117, '22117100', 'Ismael Simon Petrus Taneo', '3.4675', '2.83333333', '3.087'),
(118, '22117101', 'Syahidin Boleng Sanga', '3.0575', '3.125', '3.098'),
(119, '22117102', 'Fandy Thimotius Radja Udju', '3.235', '2.58333333', '2.844'),
(120, '22117103', 'Maria Veliana Mone Djando', '2.9075', '2.58333333', '2.713'),
(121, '22117104', 'Maternus Dovanus Wake', '1.875', '0.66666666', '1.15'),
(122, '22117106', 'Maria Veransia Rengi', '3.2425', '2.875', '3.022'),
(123, '22117111', 'Oktavianus Gili Dhou', '1.9925', '3.25', '2.747'),
(124, '22117112', 'Ochrin Stenly Erdipsen Hae Djingi', '2.015', '2.58333333', '2.356'),
(125, '22117114', 'Anicetus Robertus Mangu Lewerang', '1.965', '2.41666666', '2.236'),
(126, '22117115', 'CHRISLEEN STEFANYA VIRGINIO HERE', '2.76', '2.25', '2.454'),
(127, '22117116', 'Hilarius Robinson Abes', '2.92', '3.20833333', '3.093'),
(128, '22117117', 'Frederikus Halmon', '0.36', '0', '0.144'),
(129, '22117118', 'Redeptus Fabiola Suri', '0.775', '0', '0.31'),
(130, '22117119', 'Antonio Joao De Oliveira Tacae', '2.5275', '2.79166666', '2.686'),
(131, '22117120', 'Fransiskus Xaverius Igo Ruron', '0.4225', '0', '0.169'),
(132, '22117121', 'Bonar Fontura Setu Sale', '2.11', '2.66666666', '2.444'),
(133, '22117122', 'Ana Freitas Guterres', '2.5375', '2.16666666', '2.315'),
(134, '22117124', 'Muhammad Zainudin S.S. Watun', '2.205', '2.16666666', '2.182'),
(135, '22117125', 'Merita De Araujo Nascimento', '2.5525', '2.58333333', '2.571'),
(136, '22117126', 'Antonio Umbu Anjar Gusmao Nindir', '2.885', '2.79166666', '2.829'),
(137, '22118002', 'ARIYANTO MOOY', '1.97', '0', '0.788'),
(138, '22118004', 'Stefani Febrianti Sea Way', '2.6625', '3.25', '3.015'),
(139, '22118005', 'MARTINUS KURNIAWAN WILU', '2.5225', '0.33333333', '1.209'),
(140, '22118006', 'AURELIUS JULIANTO BARUNG', '3.06', '2.83333333', '2.924'),
(141, '22118007', 'YOHANES PEHAN KELEN', '3.365', '3.375', '3.371'),
(142, '22118008', 'Alfridus Jemianus Nahak', '2.16', '0', '0.864'),
(143, '22118009', 'RUPERTUS DORECYANO BILLSHILA', '3.3975', '3.33333333', '3.359'),
(144, '22118010', 'MIKHAEL RANDY PAREIRA', '2.8375', '2.75', '2.785'),
(145, '22118011', 'FREDERIKUS JENTIUS LOGO DUE', '2.8375', '3', '2.935'),
(146, '22118012', 'SILVESTER LALISUC', '2.0275', '0.33333333', '1.011'),
(147, '22118021', 'AGUSTINUS ALLEUK ASURY', '2.575', '2.41666666', '2.48'),
(148, '22118022', 'STEVANIA SANDARANA ELU', '3.25', '2.58333333', '2.85'),
(149, '22118024', 'FRANSISKUS SALVI RUA', '2.8975', '2.75', '2.809'),
(150, '22118025', 'JULIANUS EDMUNDUS TAEK', '2.1625', '2.5', '2.365'),
(151, '22118026', 'ELI ISAC CABRAL DA COSTA', '2.635', '2.66666666', '2.654'),
(152, '22118027', 'ELWALDUS SURYA MAHARDIKA MALO', '2.7025', '2.66666666', '2.681'),
(153, '22118028', 'JANUARIUS TPOI', '1.77', '0', '0.708'),
(154, '22118029', 'GRACALINDO DA CONCEICAO', '1.7725', '2.58333333', '2.259'),
(155, '22118031', 'THERESA OLDEBERT SHONYA PARERA', '3.2425', '2.79166666', '2.972'),
(156, '22118033', 'Marchiani Rosaria Seran', '3.4', '2.91666666', '3.11'),
(157, '22118034', 'ROBERTUS SETA', '1.985', '2', '1.994'),
(158, '22118038', 'HERTINO B.A. POLINGKONG', '2.32', '0.91666666', '1.478'),
(159, '22118039', 'ANGELUS JEMS MARIO BATISTE SAIRO', '2.8375', '2.66666666', '2.735'),
(160, '22118041', 'MARIA ANGELINA BUE', '3.2175', '2.83333333', '2.987'),
(161, '22118043', 'AMBROGIO IGINIUS KAPITAN', '2.64', '1.125', '1.731'),
(162, '22118045', 'CHINTIA RENNY YAPPY', '1.925', '1.16666666', '1.47'),
(163, '22118046', 'NASARIUS DANIEL DAMPUNG', '2.95', '2.83333333', '2.88'),
(164, '22118047', 'YUAN MATHEOS AOETPAH', '3.085', '2.875', '2.959'),
(165, '22118048', 'FERMINUS BORO OLA', '2.1325', '0', '0.853'),
(166, '22118049', 'ERNO JEKSEN ALUNG', '1.62', '0', '0.648'),
(167, '22118050', 'MARSELINUS EFENDI MAU', '1.635', '1.08333333', '1.304'),
(168, '22118051', 'ARISKY YUDIANTARA', '2.8675', '1.91666666', '2.297'),
(169, '22118052', 'MARIA YULIANTI MOGI', '2.3525', '1', '1.541'),
(170, '22118053', 'FRANSISKUS SAVERIUS KUBE TUKAN', '2.5775', '2.875', '2.756'),
(171, '22118055', 'CORNELIA NIRMALA LELLIE', '3.44', '3.375', '3.401'),
(172, '22118056', 'YUDHA WAHYU WIRAWAN', '3.305', '3.375', '3.347'),
(173, '22118057', 'THEODORUS HUGO CARVALLO', '2.495', '2.66666666', '2.598'),
(174, '22118058', 'PETRUS NOTAN', '3.2825', '2.375', '2.738'),
(175, '22118059', 'YOHANES FREDIK GERA NAMANG', '2.8', '2.79166666', '2.795'),
(176, '22118060', 'JOANICO OCTAVIO ALVES', '1.6575', '0', '0.663'),
(177, '22118061', 'F. X. Hide Rahaqlaka', '1.83', '2.33333333', '2.132'),
(178, '22118065', 'CICILIA MBUIK', '2.295', '1.58333333', '1.868'),
(179, '22118066', 'Diego Dean Logo', '1.37', '0', '0.548'),
(180, '22118067', 'FERDINANDUS MALO', '2.665', '1.79166666', '2.141'),
(181, '22118069', 'Crisantus B. Sinclaer Ude', '2.9875', '3.25', '3.145'),
(182, '22118070', 'Alexandro Ronaldo Giovani Leya', '3.1375', '2.83333333', '2.955'),
(183, '22118075', 'GERI GUSTI ANDIKA MENGGA', '2.74', '1.25', '1.846'),
(184, '22118076', 'JANUARITA TIVANI DOLLU', '2.9875', '2.79166666', '2.87'),
(185, '22118077', 'BOY LIUNOKAS', '2.395', '2.41666666', '2.408'),
(186, '22118078', 'ELLYZA NUNES DA COSTA', '3.3225', '3.375', '3.354'),
(187, '22118079', 'GREGORIUS BARBARIGO TOIS', '2.405', '3.33333333', '2.962'),
(188, '22118083', 'ARISTO SADARMA LUHUR', '1.8875', '2.41666666', '2.205'),
(189, '22118086', 'FRENDY CHARLES TEFBANA', '3.2075', '3', '3.083'),
(190, '22118087', 'FRANSISKUS HERAKLIUS KAKI DOY', '2.795', '2.75', '2.768'),
(191, '22118088', 'HIRONIMUS REBON', '2.25', '1.16666666', '1.6'),
(192, '22118089', 'ARISTIDI MAYA MONIZ', '3.11', '3.04166666', '3.069'),
(193, '22118090', 'PETRUS SANDROLIUS NALDI', '2.85', '1.66666666', '2.14'),
(194, '22118091', 'BERNADUS PAYONG JUNIOR', '2.59', '2.75', '2.686'),
(195, '22118092', 'YAKOBUS SAKA LEWUK', '2.625', '2.58333333', '2.6'),
(196, '22118093', 'PETRUS ERICSON DUA SADA', '2.625', '2.33333333', '2.45'),
(197, '22118094', 'CHARLOS EMANUEL LAWA LEDA', '2.0525', '0', '0.821'),
(198, '22118095', 'ADRIANUS KONO NAIOBE', '2.9825', '2.91666666', '2.943'),
(199, '22118096', 'OCTOVIO ANDRY ALMETH', '1.69', '0', '0.676'),
(200, '22118097', 'MIKSON REFORTMEN MAU', '2.925', '2.79166666', '2.845'),
(201, '22118098', 'HIRONIMUS BAGUL', '2.715', '2.66666666', '2.686'),
(202, '22118099', 'MELYANI KRISTIN DJANDJI', '3.11', '3.33333333', '3.244'),
(203, '22118100', 'AGUSTINUS NAHAK', '2.1025', '2.08333333', '2.091'),
(204, '22118101', 'MARIUS T. LAMAPAHA', '1.9825', '0', '0.793'),
(205, '22118102', 'YUDITHA NOFRIDA NATUN', '2.3025', '1.58333333', '1.871'),
(206, '22118111', 'ALFONSO WILLIAM RESI REO', '2.8075', '2.75', '2.773'),
(207, '22118115', 'Julio Francisco Meco', '1.905', '2.66666666', '2.362'),
(208, '22118117', 'MARKUS REINHART GHARU', '3.185', '3.125', '3.149'),
(209, '22118118', 'REYNALDO YUSUF NOKAS', '2.2975', '2.25', '2.269'),
(210, '22118119', 'EZRA ANDERIAS LAKAPU', '2.015', '0', '0.806'),
(211, '22118120', 'MICHAEL SETYAWAN AGAS', '2.9725', '3.04166666', '3.014'),
(212, '22118121', 'ARIF ARIAMAN RIWU KORE', '3.195', '2.875', '3.003'),
(213, '22119001', 'APRIANUS S. OBA DEDE', '3.395', '0', '1.358'),
(214, '22119002', 'YOHANES RIVALDO SIMOES TAMPING', '2.92', '0', '1.168'),
(215, '22119003', 'VANISIUS BASTEN KEHI', '2.255', '2.29166666', '2.277'),
(216, '22119004', 'FERDINAN KENEDY DAGUNG', '3.1225', '3.25', '3.199'),
(217, '22119005', 'YULIA ISADORA ALVITA GON', '3.3275', '2.95833333', '3.106'),
(218, '22119006', 'EMANUEL LAURENSIUS NIRON', '1.285', '0.16666666', '0.614'),
(219, '22119007', 'SIRILUS KEO', '3.215', '3.125', '3.161'),
(220, '22119008', 'MARTIN LUKAS NUAK', '2.5175', '1.58333333', '1.957'),
(221, '22119009', 'MARIANO OKTAVIANUS ANDRIANTO TOTO', '3.2725', '3.04166666', '3.134'),
(222, '22119010', 'RICARDO V. D. GUSMAO', '2.7525', '2', '2.301'),
(223, '22119011', 'HIERONIMUS GARUNG', '2.845', '2.5', '2.638'),
(224, '22119012', 'CHARLES YOHANES MAU', '2.5375', '2.41666666', '2.465'),
(225, '22119013', 'BERTOLD AMANDO BALAWALA', '2.85', '2', '2.34'),
(226, '22119014', 'DWI PUTRA ERWIN RUIX MB TASO', '1.71', '0.5', '0.984'),
(227, '22119015', 'ROBIANTO RONALDO HALE', '3.3525', '2.91666666', '3.091'),
(228, '22119016', 'YANUARIUS K. TUPENG', '1.5225', '0', '0.609'),
(229, '22119017', 'CHRISTIAN U. KERUNG PAMARA', '2.6225', '0.41666666', '1.299'),
(230, '22119018', 'JOHN ERICSEN SANANG', '2.73', '2.75', '2.742'),
(231, '22119019', 'LABANS FERNANDO MAURE', '2.1275', '1.75', '1.901'),
(232, '22119020', 'METODIUS BANA', '2.1825', '0', '0.873'),
(233, '22119021', 'CHARIUS AGUSTINUS NAHAK', '2.1825', '0', '0.873'),
(234, '22119022', 'MARIA GLORIA E. ABI', '3.1825', '2.41666666', '2.723'),
(235, '22119023', 'JOAN FRANSISCO ROBERT NENOTEK', '2.9625', '2.5', '2.685'),
(236, '22119024', 'YULIUS STEFAN MANUNE', '2.6575', '2.16666666', '2.363'),
(237, '22119025', 'ELVISON S. RIU', '2.62', '1.5', '1.948'),
(238, '22119026', 'DANIAL CHANDRA ADITYA BANAMTUAN', '2.7725', '1.16666666', '1.809'),
(239, '22119027', 'JONATHAN SAMUEL VALEN INABUY', '2.72', '1.91666666', '2.238'),
(240, '22119028', 'JULIO DOS SANTOS', '2.8525', '1.83333333', '2.241'),
(241, '22119029', 'YASINTUS BEGI PERAS', '2.6675', '1.66666666', '2.067'),
(242, '22119030', 'DIONISIUS EGI LALIAN', '2.645', '1.91666666', '2.208'),
(243, '22119031', 'SIMON PETRUS REGI HURYNT', '2.705', '2.66666666', '2.682'),
(244, '22119032', 'WILLYAM YANRYANO ADOE', '1.83', '0', '0.732'),
(245, '22119033', 'FABIANUS LEONARDUS TAEK', '3.0425', '1.66666666', '2.217'),
(246, '22119034', 'MARIANUS PENU', '2.2325', '1.66666666', '1.893'),
(247, '22119035', 'SILVERIUS ALFINO HARTON RUBEN', '1.92', '0', '0.768'),
(248, '22119036', 'ROBELA MARTINS', '2.9075', '2.83333333', '2.863'),
(249, '22119037', 'YUVENTUS D. TASI', '1.82', '0.41666666', '0.978'),
(250, '22119038', 'ANJELINA RETNO AGUSTIN', '1.89', '1.83333333', '1.856'),
(251, '22119039', 'FRANSISKUS STEVEN DULI MANUK', '2.69', '0.83333333', '1.576'),
(252, '22119040', 'VINSENSIUS NAGUR', '2.105', '0', '0.842'),
(253, '22119041', 'EFRENTINUS FA DEY', '0.485', '0', '0.194'),
(254, '22119042', 'Gildesianus J.M. Naiboas', '2.285', '0', '0.914'),
(255, '22119043', 'RONALDUS LAGA KOLOT', '2.035', '0', '0.814'),
(256, '22119044', 'SIRILUS DOLE', '1.79', '0.91666666', '1.266'),
(257, '22119045', 'NATALIA DESDIANA BELLA', '2.7275', '1.83333333', '2.191'),
(258, '22119046', 'DIDAKUS PATI KELEN', '2.885', '3.41666666', '3.204'),
(259, '22119047', 'ANDRE RULENS LENDE TAE', '1.345', '0', '0.538'),
(260, '22119048', 'YOHANES VINSENSIUS MAUBUTI', '2.5075', '2.08333333', '2.253'),
(261, '22119049', 'MARIA GUESEPHINA DEWI SERAN', '2.7175', '2.16666666', '2.387'),
(262, '22119050', 'SIR WICHLIF MAIL', '2.3775', '1.5', '1.851'),
(263, '22119051', 'QUIRINUS PEDRICO YAVAN', '2.415', '0', '0.966'),
(264, '22119052', 'GIUSEPPINA BAKITA NDONA', '1.9825', '1.75', '1.843'),
(265, '22119053', 'YOHANES JOEY MAU BUTI', '3.0375', '2.58333333', '2.765'),
(266, '22119054', 'JOSE CAITANUS MAU', '2.3425', '0.91666666', '1.487'),
(267, '22119055', 'LALU AJI TATA KRAMA', '2.3', '2.75', '2.57'),
(268, '22119056', 'KARBINIANUS TRIATNOMAJI MEI', '2.72', '2.41666666', '2.538'),
(269, '22119057', 'MUHAMAD RIFAIL', '2.47', '2.5', '2.488'),
(270, '22119058', 'AMOS JOACHYM MANEK', '2.4225', '1.75', '2.019'),
(271, '22119059', 'RIVANDY M TUALAKA', '0.94', '0', '0.376'),
(272, '22119060', 'CHRISTAL FREDERIK ESAMI HANAS ELIMANAFE', '3.475', '2.875', '3.115'),
(273, '22119061', 'ARNOLDUS JANSEN CACUNG', '2.7675', '2.33333333', '2.507'),
(274, '22119062', 'ILDA GETRESA KOFAN', '2.6625', '2.33333333', '2.465'),
(275, '22119063', 'FERDINAN ARIFSANTO L. TOKAN', '2.51', '1.58333333', '1.954'),
(276, '22119064', 'CHRISTOFANYA DARLENCE KEO', '2.12', '0', '0.848'),
(277, '22119065', 'REMIGIUS MEAK', '0.945', '0', '0.378'),
(278, '22119066', 'FREDERIKUS ONI SERAN', '1.4975', '0', '0.599'),
(279, '22119067', 'SIMON TOB', '1.7725', '0.5', '1.009'),
(280, '22119068', 'ADRIANUS GAE BONGE', '2.7375', '3.41666666', '3.145'),
(281, '22119069', 'MARIO YOHANES VIANEY MEO', '1.69', '0', '0.676'),
(282, '22119070', 'STELLA MALELAK', '3.22', '3.75', '3.538'),
(283, '22119071', 'DUARTE A. D. SOARES', '2.18', '2.16666666', '2.172'),
(284, '22119072', 'THERESIA CLARESA BUNGA HERIN', '2.8475', '1.75', '2.189'),
(285, '22119073', 'YOSEPH BOLI BLIKOLOLONG', '2.9625', '3.20833333', '3.11'),
(286, '22119074', 'DANIEL RISANTO TNEUP', '2.38', '1.25', '1.702'),
(287, '22119075', 'MARCHIANO STEF JEDAUT', '0.74', '0', '0.296'),
(288, '22119076', 'KENAN RICHARDO MANAFE', '1.065', '0', '0.426'),
(289, '22119077', 'WILDAYANA ILLA', '2.25', '2.58333333', '2.45'),
(290, '22119078', 'OKTOBERTUS OFANSIUS SEA', '1.4225', '0', '0.569'),
(291, '22119079', 'STEVANRICH KERAF TARAPANDJANG', '1.9325', '0', '0.773'),
(292, '22119080', 'FRANSISKUS XAVERIUS IGO RURON', '1.6625', '0', '0.665'),
(293, '22119081', 'ALBERTUS ALEXANDER DOWO HOKON', '1.9375', '1.33333333', '1.575'),
(294, '22119082', 'EUGENIUS RIVALDO DOLO', '0.93', '0.33333333', '0.572'),
(295, '22119083', 'Hardrianus Pasta Rambang', '2.845', '2.95833333', '2.913'),
(296, '22119084', 'SERGIUS NIKOLAUS DALLA UKO', '3.075', '1.83333333', '2.33'),
(297, '22119085', 'PETRUS R. M. JEMPARU', '2.595', '2.33333333', '2.438'),
(298, '22119086', 'FAUSTINO CERQUEIRA.', '0.6325', '0', '0.253'),
(299, '22119087', 'REINALDO LOPES DE SENA', '2.8625', '2.91666666', '2.895'),
(300, '22119088', 'LAURENSIUS ANDY ARKANJU', '1.3275', '0', '0.531'),
(301, '22119089', 'FISCHER NEMESIO TUMBAS', '2.325', '0', '0.93'),
(302, '22119090', 'YOHANES FERNANDO NULLE', '2.1025', '0', '0.841'),
(303, '22119091', 'ARDYANTO NIFU.', '1.91', '0', '0.764'),
(304, '22119092', 'IMANUEL FAOFETO', '2.7475', '0', '1.099'),
(305, '22119093', 'SURYANDA MAHESA TAKA.', '2.38', '2.95833333', '2.727'),
(306, '22119094', 'ANTONIUS VITUS MICHRA SOLO', '2.6775', '2.5', '2.571'),
(307, '22119095', 'MARKUS TEHE AMANNUTUR', '2.5625', '2.66666666', '2.625'),
(308, '22120001', 'Realeno Nanga Umbu Warata', '2.2075', '0.83333333', '1.383'),
(309, '22120002', 'Stefanus Efendi Klau', '2.835', '1.58333333', '2.084'),
(310, '22120003', 'Meki Ariyanto Baitanu', '0.95', '0', '0.38'),
(311, '22120004', 'Yohanes Jefrianus Jehopan', '2.75', '1.66666666', '2.1'),
(312, '22120005', 'Rikardus Satryadi', '2.615', '1.41666666', '1.896'),
(313, '22120006', 'Gregorius Andriyanto Woho Boli', '3.2', '2.20833333', '2.605'),
(314, '22120007', 'Junioriko Moyandi Ndolu', '2.1825', '0', '0.873'),
(315, '22120008', 'Jems Erikh Bessi', '3.165', '2.16666666', '2.566'),
(316, '22120009', 'Odilia Muti', '2.2225', '0', '0.889'),
(317, '22120010', 'Martinus Kurniawan Wilu', '2.3675', '1.41666666', '1.797'),
(318, '22120011', 'Pachomeus Edwin Due Kega', '2.99', '0.33333333', '1.396'),
(319, '22120012', 'Theodorus Leki Nai Doi Diaz', '1.935', '0', '0.774'),
(320, '22120013', 'Andrean Testian Da Gomeks', '2.5575', '0.5', '1.323'),
(321, '22120014', 'Angela Maria Ignasia P. M. Tukan', '3.1625', '1', '1.865'),
(322, '22120015', 'Bazalel Cornelis Kay', '2', '1.25', '1.55'),
(323, '22120016', 'Januarius Boi Lelangona', '3.12', '1.5', '2.148'),
(324, '22120017', 'Stenly Mexy Hariadi Yacob', '2.5825', '0', '1.033'),
(325, '22120018', 'Wilibrodus Tefnai', '2.095', '1.125', '1.513'),
(326, '22120019', 'Elia Yustisia Rofael', '1.575', '0', '0.63'),
(327, '22120020', 'Eufronius Nhak', '2.8', '1.58333333', '2.07'),
(328, '22120021', 'Yonit Neslaka', '2.44', '1.58333333', '1.926'),
(329, '22120022', 'Salomo Kamata', '2.635', '0', '1.054'),
(330, '22120023', 'Arini Aprili Pallo', '2.885', '1.25', '1.904'),
(331, '22120024', 'Fransiskus Emanuel Jemali', '1.6625', '0', '0.665'),
(332, '22120025', 'Lorenso Dvg Sakera', '2.9175', '0.5', '1.467'),
(333, '22120026', 'Melkyanus Dino Rikardus', '2.2925', '0.83333333', '1.417'),
(334, '22120027', 'Taruna Alamsyah', '2.475', '0.91666666', '1.54'),
(335, '22120028', 'Oswaldus Suryo Jakarpu', '1.9875', '0.625', '1.17'),
(336, '22120029', 'Aristo Bao', '1.93', '0', '0.772'),
(337, '22120030', 'Chatarine Elisa Pedan', '2.8775', '1.75', '2.201'),
(338, '22120031', 'Maixstefen Sophiyan Ledoh', '2.9475', '2', '2.379'),
(339, '22120032', 'Herbert Ibrahim Dethan', '3.055', '1.91666666', '2.372'),
(340, '22120033', 'Theresia Dos Santos', '1.81', '0', '0.724'),
(341, '22120034', 'Jourdi Alexandro Seran', '2.4475', '2.125', '2.254'),
(342, '22120035', 'Aleksander Binsasi', '1.905', '0', '0.762'),
(343, '22120036', 'Melania Charlydino Paga', '2.655', '0.58333333', '1.412'),
(344, '22120037', 'Andrew W. O. Messakh', '3.185', '1.16666666', '1.974'),
(345, '22120038', 'Evang Edito Klakik', '3.045', '1.41666666', '2.068'),
(346, '22120039', 'Florensius Ola Ile', '2.9125', '1.41666666', '2.015'),
(347, '22120040', 'Abraham Babys', '2.285', '0.91666666', '1.464'),
(348, '22120041', 'Marche Seli', '3.355', '2.125', '2.617'),
(349, '22120042', 'Ardryominto P. L. W. Ate Lende', '3.28', '0.75', '1.762'),
(350, '22120043', 'Zenon Alezandro Batistuta Werner', '1.58', '0', '0.632'),
(351, '22120044', 'Anselmus Farianus Jensen', '2.87', '1.41666666', '1.998'),
(352, '22120045', 'Sigibertus Riato Manek', '0.905', '0', '0.362'),
(353, '22120046', 'Frengki Boy Akulas', '2.48', '1.41666666', '1.842'),
(354, '22120047', 'Rani Mersianus Lalang', '0.785', '0', '0.314'),
(355, '22120048', 'Mikael Mendu Karo Sare', '1.4325', '0', '0.573'),
(356, '22120049', 'Rinaldy Marcelino Tungga', '2.15', '0', '0.86'),
(357, '22120051', 'Januario Xaverius Bone', '2.725', '0.66666666', '1.49'),
(358, '22120052', 'Julmiro Baltasar Sila', '1.46', '0', '0.584'),
(359, '22120053', 'Godelfridus Avelino Bere', '2.7175', '1', '1.687'),
(360, '22120054', 'Nuh Henukh Maifa', '2.47', '0.91666666', '1.538'),
(361, '22120055', 'Yohanes Putradius Naibina', '0.3', '0', '0.12'),
(362, '22120056', 'Tiara Priska Fernandez', '2.9375', '1.33333333', '1.975'),
(363, '22120057', 'Gabriel Suryanto Pires Amaral', '2.5775', '0.75', '1.481'),
(364, '22120058', 'Cindi Halena Wambore Noya', '2.8575', '1.5', '2.043'),
(365, '22120059', 'Putri Eunike Marjelintotunbonat', '1.505', '0.625', '0.977'),
(366, '22120060', 'Silverius Alfino Harton Ruben', '0.75', '0', '0.3'),
(367, '22120061', 'Andrianus Prasasto', '2.94', '1.91666666', '2.326'),
(368, '22120062', 'Maria Kresensia Tuga', '3.1525', '1.66666666', '2.261'),
(369, '22120063', 'Darius Atakari', '2.635', '1.08333333', '1.704'),
(370, '22120064', 'Erentus Latong', '3.21', '2.20833333', '2.609'),
(371, '22120065', 'Osvaldo Ocendaho Nindir Sasela', '1.4425', '0', '0.577'),
(372, '22120066', 'Arnoldus Aditya Aran Tokan', '1.6625', '0.16666666', '0.765'),
(373, '22120067', 'Ansila Maria Elisa Bria', '2.82', '0.83333333', '1.628'),
(374, '22120068', 'Heribertus Sandri Paus', '3.12', '1.54166666', '2.173'),
(375, '22120069', 'Silvester Manu', '2.3575', '1', '1.543'),
(376, '22120070', 'Paulus Heriadi Tafoki Syamsudin', '2.255', '0.66666666', '1.302'),
(377, '231', 'Xyz', '2.4975', '2.25', '2.349');

-- --------------------------------------------------------

--
-- Struktur dari tabel `ipk_latih`
--

CREATE TABLE `ipk_latih` (
  `id_ipk_latih` int(11) NOT NULL,
  `id_latih` int(11) NOT NULL,
  `id_status_ipk` int(11) NOT NULL,
  `nilai_ipk` char(10) NOT NULL
) ENGINE=InnoDB DEFAULT CHARSET=utf8mb4;

--
-- Dumping data untuk tabel `ipk_latih`
--

INSERT INTO `ipk_latih` (`id_ipk_latih`, `id_latih`, `id_status_ipk`, `nilai_ipk`) VALUES
(8641, 2, 1, '2.44'),
(8642, 2, 2, '1.94'),
(8643, 2, 3, '1.93'),
(8644, 2, 4, '1.49'),
(8645, 4, 1, '2.47'),
(8646, 4, 2, '1.31'),
(8647, 4, 3, '1.65'),
(8648, 4, 4, '1.28'),
(8649, 6, 1, '1.84'),
(8650, 6, 2, '1.47'),
(8651, 6, 3, '1.71'),
(8652, 6, 4, '1.91'),
(8653, 8, 1, '2.67'),
(8654, 8, 2, '2.71'),
(8655, 8, 3, '2.69'),
(8656, 8, 4, '2.68'),
(8657, 10, 1, '3.08'),
(8658, 10, 2, '2.98'),
(8659, 10, 3, '2.99'),
(8660, 10, 4, '2.97'),
(8661, 12, 1, '2.5'),
(8662, 12, 2, '2.75'),
(8663, 12, 3, '2.8'),
(8664, 12, 4, '2.76'),
(8665, 14, 1, '3.31'),
(8666, 14, 2, '3.3'),
(8667, 14, 3, '3.29'),
(8668, 14, 4, '3.21'),
(8669, 16, 1, '3'),
(8670, 16, 2, '3.06'),
(8671, 16, 3, '2.96'),
(8672, 16, 4, '2.87'),
(8673, 18, 1, '3.06'),
(8674, 18, 2, '3.01'),
(8675, 18, 3, '2.94'),
(8676, 18, 4, '2.95'),
(8677, 20, 1, '2.65'),
(8678, 20, 2, '0'),
(8679, 20, 3, '2.82'),
(8680, 20, 4, '2.82'),
(8681, 22, 1, '2.83'),
(8682, 22, 2, '1.57'),
(8683, 22, 3, '1.75'),
(8684, 22, 4, '1.9'),
(8685, 24, 1, '3.19'),
(8686, 24, 2, '3.24'),
(8687, 24, 3, '3.18'),
(8688, 24, 4, '3.11'),
(8689, 26, 1, '1.55'),
(8690, 26, 2, '1.55'),
(8691, 26, 3, '1.75'),
(8692, 26, 4, '1.9'),
(8693, 28, 1, '1.17'),
(8694, 28, 2, '1.75'),
(8695, 28, 3, '1.93'),
(8696, 28, 4, '1.84'),
(8697, 30, 1, '2.5'),
(8698, 30, 2, '2.41'),
(8699, 30, 3, '2.4'),
(8700, 30, 4, '2.25'),
(8701, 32, 1, '2.64'),
(8702, 32, 2, '2.35'),
(8703, 32, 3, '2.53'),
(8704, 32, 4, '2.43'),
(8705, 34, 1, '1.95'),
(8706, 34, 2, '1.39'),
(8707, 34, 3, '1.5'),
(8708, 34, 4, '1.6'),
(8709, 36, 1, '2.45'),
(8710, 36, 2, '2.35'),
(8711, 36, 3, '2.4'),
(8712, 36, 4, '2.3'),
(8713, 38, 1, '1.55'),
(8714, 38, 2, '1.28'),
(8715, 38, 3, '1.55'),
(8716, 38, 4, '1.52'),
(8717, 40, 1, '2.31'),
(8718, 40, 2, '2.74'),
(8719, 40, 3, '2.35'),
(8720, 40, 4, '1.88'),
(8721, 42, 1, '2.67'),
(8722, 42, 2, '2.28'),
(8723, 42, 3, '2.21'),
(8724, 42, 4, '2.17'),
(8725, 44, 1, '2.67'),
(8726, 44, 2, '2.1'),
(8727, 44, 3, '2.34'),
(8728, 44, 4, '2.41'),
(8729, 46, 1, '2.39'),
(8730, 46, 2, '2.6'),
(8731, 46, 3, '2.78'),
(8732, 46, 4, '2.84'),
(8733, 48, 1, '2'),
(8734, 48, 2, '1.83'),
(8735, 48, 3, '1.24'),
(8736, 48, 4, '0.98'),
(8737, 50, 1, '3.11'),
(8738, 50, 2, '3.15'),
(8739, 50, 3, '3.05'),
(8740, 50, 4, '2.63'),
(8741, 52, 1, '2.67'),
(8742, 52, 2, '2.96'),
(8743, 52, 3, '3.03'),
(8744, 52, 4, '3.06'),
(8745, 54, 1, '2.5'),
(8746, 54, 2, '2.65'),
(8747, 54, 3, '2.76'),
(8748, 54, 4, '2.84'),
(8749, 56, 1, '1.22'),
(8750, 56, 2, '3.08'),
(8751, 56, 3, '1.34'),
(8752, 56, 4, '1.05'),
(8753, 58, 1, '2.78'),
(8754, 58, 2, '3.08'),
(8755, 58, 3, '2.97'),
(8756, 58, 4, '2.89'),
(8757, 60, 1, '2.67'),
(8758, 60, 2, '2.62'),
(8759, 60, 3, '2.86'),
(8760, 60, 4, '2.83'),
(8761, 62, 1, '2.25'),
(8762, 62, 2, '2.76'),
(8763, 62, 3, '2.78'),
(8764, 62, 4, '2.65'),
(8765, 64, 1, '2.65'),
(8766, 64, 2, '2.8'),
(8767, 64, 3, '2.87'),
(8768, 64, 4, '2.87'),
(8769, 66, 1, '1.95'),
(8770, 66, 2, '1.56'),
(8771, 66, 3, '1.64'),
(8772, 66, 4, '1.64'),
(8773, 68, 1, '2.06'),
(8774, 68, 2, '2.49'),
(8775, 68, 3, '2.57'),
(8776, 68, 4, '2.53'),
(8777, 70, 1, '3.05'),
(8778, 70, 2, '3.06'),
(8779, 70, 3, '2.87'),
(8780, 70, 4, '2.72'),
(8781, 72, 1, '2.94'),
(8782, 72, 2, '2.91'),
(8783, 72, 3, '3.11'),
(8784, 72, 4, '3.03'),
(8785, 74, 1, '2.3'),
(8786, 74, 2, '2.12'),
(8787, 74, 3, '2.26'),
(8788, 74, 4, '2.31'),
(8789, 76, 1, '2.63'),
(8790, 76, 2, '3.08'),
(8791, 76, 3, '3.09'),
(8792, 76, 4, '3.01'),
(8793, 78, 1, '2.69'),
(8794, 78, 2, '2.91'),
(8795, 78, 3, '3.01'),
(8796, 78, 4, '2.96'),
(8797, 80, 1, '3.11'),
(8798, 80, 2, '3.24'),
(8799, 80, 3, '3.28'),
(8800, 80, 4, '3.22'),
(8801, 82, 1, '2.36'),
(8802, 82, 2, '2.7'),
(8803, 82, 3, '2.64'),
(8804, 82, 4, '2.66'),
(8805, 84, 1, '2'),
(8806, 84, 2, '2.46'),
(8807, 84, 3, '2.72'),
(8808, 84, 4, '2.68'),
(8809, 86, 1, '2.56'),
(8810, 86, 2, '2.29'),
(8811, 86, 3, '2.2'),
(8812, 86, 4, '2.14'),
(8813, 88, 1, '2.06'),
(8814, 88, 2, '2.44'),
(8815, 88, 3, '2.51'),
(8816, 88, 4, '2.39'),
(8817, 90, 1, '2.17'),
(8818, 90, 2, '2.38'),
(8819, 90, 3, '2.46'),
(8820, 90, 4, '2.49'),
(8821, 92, 1, '2.5'),
(8822, 92, 2, '2.7'),
(8823, 92, 3, '2.84'),
(8824, 92, 4, '2.84'),
(8825, 94, 1, '2.4'),
(8826, 94, 2, '2.31'),
(8827, 94, 3, '1.84'),
(8828, 94, 4, '1.59'),
(8829, 96, 1, '2.08'),
(8830, 96, 2, '2.53'),
(8831, 96, 3, '2.64'),
(8832, 96, 4, '2.65'),
(8833, 98, 1, '2.97'),
(8834, 98, 2, '2.96'),
(8835, 98, 3, '2.95'),
(8836, 98, 4, '2.95'),
(8837, 100, 1, '2'),
(8838, 100, 2, '2.75'),
(8839, 100, 3, '2.39'),
(8840, 100, 4, '2.36'),
(8841, 102, 1, '2.3'),
(8842, 102, 2, '2.12'),
(8843, 102, 3, '2.08'),
(8844, 102, 4, '2.08'),
(8845, 104, 1, '2.67'),
(8846, 104, 2, '2.5'),
(8847, 104, 3, '2.44'),
(8848, 104, 4, '2.35'),
(8849, 106, 1, '2.89'),
(8850, 106, 2, '3.01'),
(8851, 106, 3, '2.97'),
(8852, 106, 4, '3.03'),
(8853, 108, 1, '2.89'),
(8854, 108, 2, '3.06'),
(8855, 108, 3, '3.13'),
(8856, 108, 4, '3.17'),
(8857, 110, 1, '1.78'),
(8858, 110, 2, '1.65'),
(8859, 110, 3, '1.18'),
(8860, 110, 4, '1.18'),
(8861, 112, 1, '3.61'),
(8862, 112, 2, '3.66'),
(8863, 112, 3, '3.66'),
(8864, 112, 4, '3.63'),
(8865, 114, 1, '3.66'),
(8866, 114, 2, '3.68'),
(8867, 114, 3, '3.66'),
(8868, 114, 4, '3.67'),
(8869, 116, 1, '2.59'),
(8870, 116, 2, '2.57'),
(8871, 116, 3, '2.77'),
(8872, 116, 4, '2.88'),
(8873, 118, 1, '2.64'),
(8874, 118, 2, '2.85'),
(8875, 118, 3, '2.82'),
(8876, 118, 4, '2.86'),
(8877, 120, 1, '3.73'),
(8878, 120, 2, '3.53'),
(8879, 120, 3, '3.44'),
(8880, 120, 4, '3.45'),
(8881, 122, 1, '2.9'),
(8882, 122, 2, '2.69'),
(8883, 122, 3, '2.73'),
(8884, 122, 4, '2.86'),
(8885, 124, 1, '3.2'),
(8886, 124, 2, '3.05'),
(8887, 124, 3, '2.62'),
(8888, 124, 4, '2.17'),
(8889, 126, 1, '3.36'),
(8890, 126, 2, '2.97'),
(8891, 126, 3, '2.86'),
(8892, 126, 4, '2.54'),
(8893, 128, 1, '2.75'),
(8894, 128, 2, '2.3'),
(8895, 128, 3, '2.34'),
(8896, 128, 4, '2.38'),
(8897, 130, 1, '3.11'),
(8898, 130, 2, '3.25'),
(8899, 130, 3, '3.24'),
(8900, 130, 4, '3.22'),
(8901, 132, 1, '2.66'),
(8902, 132, 2, '2.75'),
(8903, 132, 3, '2.81'),
(8904, 132, 4, '2.8'),
(8905, 134, 1, '3.23'),
(8906, 134, 2, '3.33'),
(8907, 134, 3, '3.37'),
(8908, 134, 4, '3.39'),
(8909, 136, 1, '2.68'),
(8910, 136, 2, '2.73'),
(8911, 136, 3, '2.43'),
(8912, 136, 4, '2.12'),
(8913, 138, 1, '2.43'),
(8914, 138, 2, '2.61'),
(8915, 138, 3, '2.44'),
(8916, 138, 4, '2.2'),
(8917, 140, 1, '3.2'),
(8918, 140, 2, '3.31'),
(8919, 140, 3, '3.34'),
(8920, 140, 4, '3.37'),
(8921, 142, 1, '1.91'),
(8922, 142, 2, '1.93'),
(8923, 142, 3, '2.18'),
(8924, 142, 4, '2.32'),
(8925, 144, 1, '2.86'),
(8926, 144, 2, '2.74'),
(8927, 144, 3, '2.73'),
(8928, 144, 4, '2.61'),
(8929, 146, 1, '2.95'),
(8930, 146, 2, '2.8'),
(8931, 146, 3, '2.89'),
(8932, 146, 4, '2.89'),
(8933, 148, 1, '2.45'),
(8934, 148, 2, '2.25'),
(8935, 148, 3, '1.97'),
(8936, 148, 4, '2.08'),
(8937, 150, 1, '2.93'),
(8938, 150, 2, '2.85'),
(8939, 150, 3, '2.9'),
(8940, 150, 4, '2.9'),
(8941, 152, 1, '2.84'),
(8942, 152, 2, '2.7'),
(8943, 152, 3, '2.12'),
(8944, 152, 4, '2.16'),
(8945, 154, 1, '2.98'),
(8946, 154, 2, '3.01'),
(8947, 154, 3, '3.06'),
(8948, 154, 4, '2.95'),
(8949, 156, 1, '2.18'),
(8950, 156, 2, '2.35'),
(8951, 156, 3, '2.43'),
(8952, 156, 4, '2.45'),
(8953, 158, 1, '2'),
(8954, 158, 2, '2'),
(8955, 158, 3, '1.97'),
(8956, 158, 4, '2.04'),
(8957, 160, 1, '3.14'),
(8958, 160, 2, '3'),
(8959, 160, 3, '3.11'),
(8960, 160, 4, '3.13'),
(8961, 162, 1, '3.23'),
(8962, 162, 2, '3.14'),
(8963, 162, 3, '3.19'),
(8964, 162, 4, '3.17'),
(8965, 164, 1, '3.32'),
(8966, 164, 2, '3.27'),
(8967, 164, 3, '3.37'),
(8968, 164, 4, '3.38'),
(8969, 166, 1, '3.05'),
(8970, 166, 2, '2.9'),
(8971, 166, 3, '2.93'),
(8972, 166, 4, '2.96'),
(8973, 168, 1, '2.95'),
(8974, 168, 2, '2.48'),
(8975, 168, 3, '2.55'),
(8976, 168, 4, '2.53'),
(8977, 170, 1, '2.73'),
(8978, 170, 2, '2.73'),
(8979, 170, 3, '2.55'),
(8980, 170, 4, '2.65'),
(8981, 172, 1, '2.5'),
(8982, 172, 2, '2.17'),
(8983, 172, 3, '2.37'),
(8984, 172, 4, '2.45'),
(8985, 174, 1, '3.18'),
(8986, 174, 2, '3'),
(8987, 174, 3, '3.05'),
(8988, 174, 4, '3.17'),
(8989, 176, 1, '2.35'),
(8990, 176, 2, '1.65'),
(8991, 176, 3, '1.87'),
(8992, 176, 4, '2.05'),
(8993, 178, 1, '2.23'),
(8994, 178, 2, '2.21'),
(8995, 178, 3, '2.08'),
(8996, 178, 4, '1.87'),
(8997, 180, 1, '1.91'),
(8998, 180, 2, '1.94'),
(8999, 180, 3, '2.12'),
(9000, 180, 4, '2.23'),
(9001, 182, 1, '2.7'),
(9002, 182, 2, '2.42'),
(9003, 182, 3, '2.51'),
(9004, 182, 4, '2.34'),
(9005, 184, 1, '2.48'),
(9006, 184, 2, '2.39'),
(9007, 184, 3, '2.39'),
(9008, 184, 4, '2.2'),
(9009, 186, 1, '2.73'),
(9010, 186, 2, '2.46'),
(9011, 186, 3, '2.67'),
(9012, 186, 4, '2.86'),
(9013, 188, 1, '2.9'),
(9014, 188, 2, '2.24'),
(9015, 188, 3, '2.45'),
(9016, 188, 4, '2.28'),
(9017, 190, 1, '2.09'),
(9018, 190, 2, '2.2'),
(9019, 190, 3, '2.33'),
(9020, 190, 4, '2.41'),
(9021, 192, 1, '3'),
(9022, 192, 2, '2.56'),
(9023, 192, 3, '2.77'),
(9024, 192, 4, '2.94'),
(9025, 194, 1, '3.3'),
(9026, 194, 2, '2.74'),
(9027, 194, 3, '2.79'),
(9028, 194, 4, '2.74'),
(9029, 196, 1, '2.84'),
(9030, 196, 2, '2.45'),
(9031, 196, 3, '2.52'),
(9032, 196, 4, '2.54'),
(9033, 198, 1, '2.75'),
(9034, 198, 2, '2.63'),
(9035, 198, 3, '2.77'),
(9036, 198, 4, '2.87'),
(9037, 200, 1, '3.03'),
(9038, 200, 2, '2.79'),
(9039, 200, 3, '2.84'),
(9040, 200, 4, '3.03'),
(9041, 202, 1, '2.61'),
(9042, 202, 2, '2.18'),
(9043, 202, 3, '2.28'),
(9044, 202, 4, '1.92'),
(9045, 204, 1, '2.55'),
(9046, 204, 2, '2.31'),
(9047, 204, 3, '2.37'),
(9048, 204, 4, '2.17'),
(9049, 206, 1, '3.23'),
(9050, 206, 2, '3.1'),
(9051, 206, 3, '3.16'),
(9052, 206, 4, '3.07'),
(9053, 208, 1, '3.05'),
(9054, 208, 2, '2.59'),
(9055, 208, 3, '2.76'),
(9056, 208, 4, '2.86'),
(9057, 210, 1, '3.14'),
(9058, 210, 2, '3.09'),
(9059, 210, 3, '3.09'),
(9060, 210, 4, '2.85'),
(9061, 212, 1, '2.95'),
(9062, 212, 2, '2.55'),
(9063, 212, 3, '2.25'),
(9064, 212, 4, '2.39'),
(9065, 214, 1, '3.07'),
(9066, 214, 2, '2.98'),
(9067, 214, 3, '3.06'),
(9068, 214, 4, '3.01'),
(9069, 216, 1, '2.52'),
(9070, 216, 2, '2.39'),
(9071, 216, 3, '2.27'),
(9072, 216, 4, '2.47'),
(9073, 218, 1, '2.64'),
(9074, 218, 2, '2.43'),
(9075, 218, 3, '2.48'),
(9076, 218, 4, '2.51'),
(9077, 220, 1, '2.5'),
(9078, 220, 2, '2'),
(9079, 220, 3, '1.78'),
(9080, 220, 4, '2.13'),
(9081, 222, 1, '3'),
(9082, 222, 2, '2.73'),
(9083, 222, 3, '1.78'),
(9084, 222, 4, '2.81'),
(9085, 224, 1, '2.41'),
(9086, 224, 2, '2.15'),
(9087, 224, 3, '2'),
(9088, 224, 4, '2.3'),
(9089, 226, 1, '2.98'),
(9090, 226, 2, '2.48'),
(9091, 226, 3, '2.53'),
(9092, 226, 4, '2.72'),
(9093, 228, 1, '3.05'),
(9094, 228, 2, '3.1'),
(9095, 228, 3, '3.02'),
(9096, 228, 4, '2.44'),
(9097, 230, 1, '2.36'),
(9098, 230, 2, '2'),
(9099, 230, 3, '2.06'),
(9100, 230, 4, '2.13'),
(9101, 232, 1, '3.2'),
(9102, 232, 2, '2.89'),
(9103, 232, 3, '2.8'),
(9104, 232, 4, '2.98'),
(9105, 234, 1, '3.5'),
(9106, 234, 2, '3.44'),
(9107, 234, 3, '3.44'),
(9108, 234, 4, '3.49'),
(9109, 236, 1, '2.86'),
(9110, 236, 2, '3.08'),
(9111, 236, 3, '3.11'),
(9112, 236, 4, '3.18'),
(9113, 238, 1, '3.2'),
(9114, 238, 2, '3.2'),
(9115, 238, 3, '3.23'),
(9116, 238, 4, '3.31'),
(9117, 240, 1, '3'),
(9118, 240, 2, '2.82'),
(9119, 240, 3, '2.81'),
(9120, 240, 4, '3'),
(9121, 242, 1, '2.14'),
(9122, 242, 2, '1.7'),
(9123, 242, 3, '1.86'),
(9124, 242, 4, '1.8'),
(9125, 244, 1, '3.25'),
(9126, 244, 2, '3.24'),
(9127, 244, 3, '3.22'),
(9128, 244, 4, '3.26'),
(9129, 246, 1, '2.84'),
(9130, 246, 2, '1.49'),
(9131, 246, 3, '1.6'),
(9132, 246, 4, '2.04'),
(9133, 248, 1, '2.18'),
(9134, 248, 2, '2.05'),
(9135, 248, 3, '1.81'),
(9136, 248, 4, '2.02'),
(9137, 250, 1, '2.05'),
(9138, 250, 2, '1.75'),
(9139, 250, 3, '1.94'),
(9140, 250, 4, '2.12'),
(9141, 252, 1, '3.02'),
(9142, 252, 2, '2.66'),
(9143, 252, 3, '2.68'),
(9144, 252, 4, '2.68'),
(9145, 254, 1, '2.77'),
(9146, 254, 2, '2.82'),
(9147, 254, 3, '2.97'),
(9148, 254, 4, '3.12'),
(9149, 256, 1, '0.41'),
(9150, 256, 2, '0.26'),
(9151, 256, 3, '0.39'),
(9152, 256, 4, '0.38'),
(9153, 258, 1, '0.9'),
(9154, 258, 2, '0.79'),
(9155, 258, 3, '0.61'),
(9156, 258, 4, '0.8'),
(9157, 260, 1, '2.66'),
(9158, 260, 2, '2.51'),
(9159, 260, 3, '2.39'),
(9160, 260, 4, '2.55'),
(9161, 262, 1, '0.36'),
(9162, 262, 2, '0.24'),
(9163, 262, 3, '0.59'),
(9164, 262, 4, '0.5'),
(9165, 264, 1, '2.18'),
(9166, 264, 2, '2.04'),
(9167, 264, 3, '1.99'),
(9168, 264, 4, '2.23'),
(9169, 266, 1, '2.39'),
(9170, 266, 2, '2.51'),
(9171, 266, 3, '2.56'),
(9172, 266, 4, '2.69'),
(9173, 268, 1, '2.64'),
(9174, 268, 2, '2.02'),
(9175, 268, 3, '2.14'),
(9176, 268, 4, '2.02'),
(9177, 270, 1, '2.83'),
(9178, 270, 2, '2.37'),
(9179, 270, 3, '2.39'),
(9180, 270, 4, '2.62'),
(9181, 272, 1, '2.95'),
(9182, 272, 2, '2.87'),
(9183, 272, 3, '2.85'),
(9184, 272, 4, '2.87'),
(9185, 274, 1, '2.68'),
(9186, 274, 2, '1.88'),
(9187, 274, 3, '1.88'),
(9188, 274, 4, '1.44'),
(9189, 276, 1, '3.05'),
(9190, 276, 2, '3'),
(9191, 276, 3, '2.2'),
(9192, 276, 4, '2.4'),
(9193, 278, 1, '2.84'),
(9194, 278, 2, '2.79'),
(9195, 278, 3, '2.06'),
(9196, 278, 4, '2.4'),
(9197, 280, 1, '3.07'),
(9198, 280, 2, '3.01'),
(9199, 280, 3, '3.09'),
(9200, 280, 4, '3.07'),
(9201, 282, 1, '3.25'),
(9202, 282, 2, '3.33'),
(9203, 282, 3, '3.45'),
(9204, 282, 4, '3.43'),
(9205, 284, 1, '3.3'),
(9206, 284, 2, '1.69'),
(9207, 284, 3, '1.75'),
(9208, 284, 4, '1.9'),
(9209, 286, 1, '3.39'),
(9210, 286, 2, '3.44'),
(9211, 286, 3, '3.46'),
(9212, 286, 4, '3.3'),
(9213, 288, 1, '2.89'),
(9214, 288, 2, '2.79'),
(9215, 288, 3, '2.94'),
(9216, 288, 4, '2.73'),
(9217, 290, 1, '2.82'),
(9218, 290, 2, '2.85'),
(9219, 290, 3, '2.87'),
(9220, 290, 4, '2.81'),
(9221, 292, 1, '2.18'),
(9222, 292, 2, '2.33'),
(9223, 292, 3, '1.7'),
(9224, 292, 4, '1.9'),
(9225, 294, 1, '2.98'),
(9226, 294, 2, '2.51'),
(9227, 294, 3, '2.43'),
(9228, 294, 4, '2.38'),
(9229, 296, 1, '3.16'),
(9230, 296, 2, '3.32'),
(9231, 296, 3, '3.29'),
(9232, 296, 4, '3.23'),
(9233, 298, 1, '3.18'),
(9234, 298, 2, '2.88'),
(9235, 298, 3, '2.74'),
(9236, 298, 4, '2.79'),
(9237, 300, 1, '3.16'),
(9238, 300, 2, '2.77'),
(9239, 300, 3, '0'),
(9240, 300, 4, '2.72'),
(9241, 302, 1, '2.73'),
(9242, 302, 2, '2.6'),
(9243, 302, 3, '2.58'),
(9244, 302, 4, '2.63'),
(9245, 304, 1, '2.84'),
(9246, 304, 2, '2.63'),
(9247, 304, 3, '2.71'),
(9248, 304, 4, '2.63'),
(9249, 306, 1, '1.55'),
(9250, 306, 2, '1.9'),
(9251, 306, 3, '1'),
(9252, 306, 4, '2.63'),
(9253, 308, 1, '2.27'),
(9254, 308, 2, '1.9'),
(9255, 308, 3, '1.92'),
(9256, 308, 4, '1'),
(9257, 310, 1, '3.3'),
(9258, 310, 2, '3.1'),
(9259, 310, 3, '3.3'),
(9260, 310, 4, '3.27'),
(9261, 312, 1, '3.36'),
(9262, 312, 2, '3.34'),
(9263, 312, 3, '3.44'),
(9264, 312, 4, '3.46'),
(9265, 314, 1, '2.64'),
(9266, 314, 2, '2.73'),
(9267, 314, 3, '2.57'),
(9268, 314, 4, '0'),
(9269, 316, 1, '2.64'),
(9270, 316, 2, '2.49'),
(9271, 316, 3, '2.24'),
(9272, 316, 4, '1.91'),
(9273, 318, 1, '3'),
(9274, 318, 2, '2.96'),
(9275, 318, 3, '2.76'),
(9276, 318, 4, '2.63'),
(9277, 320, 1, '3.36'),
(9278, 320, 2, '3.4'),
(9279, 320, 3, '2.76'),
(9280, 320, 4, '3.35'),
(9281, 322, 1, '2.8'),
(9282, 322, 2, '2.77'),
(9283, 322, 3, '2.84'),
(9284, 322, 4, '2.15'),
(9285, 324, 1, '2.8'),
(9286, 324, 2, '2.39'),
(9287, 324, 3, '0'),
(9288, 324, 4, '2.51'),
(9289, 326, 1, '2.93'),
(9290, 326, 2, '2.95'),
(9291, 326, 3, '2.98'),
(9292, 326, 4, '2.94'),
(9293, 328, 1, '3.07'),
(9294, 328, 2, '3.17'),
(9295, 328, 3, '3.1'),
(9296, 328, 4, '3'),
(9297, 330, 1, '2.41'),
(9298, 330, 2, '1.39'),
(9299, 330, 3, '1.8'),
(9300, 330, 4, '2.93'),
(9301, 332, 1, '2.16'),
(9302, 332, 2, '1.71'),
(9303, 332, 3, '1.36'),
(9304, 332, 4, '1.25'),
(9305, 334, 1, '2.05'),
(9306, 334, 2, '1.34'),
(9307, 334, 3, '1.52'),
(9308, 334, 4, '1.63'),
(9309, 336, 1, '3.02'),
(9310, 336, 2, '2.88'),
(9311, 336, 3, '2.79'),
(9312, 336, 4, '2.78'),
(9313, 338, 1, '2.48'),
(9314, 338, 2, '2.49'),
(9315, 338, 3, '2.26'),
(9316, 338, 4, '2.18'),
(9317, 340, 1, '2.77'),
(9318, 340, 2, '2.52'),
(9319, 340, 3, '2.58'),
(9320, 340, 4, '2.44'),
(9321, 342, 1, '3.36'),
(9322, 342, 2, '3.43'),
(9323, 342, 3, '3.5'),
(9324, 342, 4, '3.47'),
(9325, 344, 1, '3.3'),
(9326, 344, 2, '3.33'),
(9327, 344, 3, '3.29'),
(9328, 344, 4, '3.3'),
(9329, 346, 1, '2.73'),
(9330, 346, 2, '2.44'),
(9331, 346, 3, '2.41'),
(9332, 346, 4, '2.4'),
(9333, 348, 1, '3.45'),
(9334, 348, 2, '3.35'),
(9335, 348, 3, '3.23'),
(9336, 348, 4, '3.1'),
(9337, 350, 1, '2.77'),
(9338, 350, 2, '2.77'),
(9339, 350, 3, '2.81'),
(9340, 350, 4, '2.85'),
(9341, 352, 1, '1.55'),
(9342, 352, 2, '1.69'),
(9343, 352, 3, '1.76'),
(9344, 352, 4, '1.63'),
(9345, 354, 1, '1.73'),
(9346, 354, 2, '1.91'),
(9347, 354, 3, '1.85'),
(9348, 354, 4, '1.83'),
(9349, 356, 1, '2.66'),
(9350, 356, 2, '2.37'),
(9351, 356, 3, '2.05'),
(9352, 356, 4, '2.1'),
(9353, 358, 1, '1.82'),
(9354, 358, 2, '1.56'),
(9355, 358, 3, '1.17'),
(9356, 358, 4, '0.93'),
(9357, 360, 1, '2.73'),
(9358, 360, 2, '2.63'),
(9359, 360, 3, '2.67'),
(9360, 360, 4, '2.63'),
(9361, 362, 1, '3.09'),
(9362, 362, 2, '2.98'),
(9363, 362, 3, '2.98'),
(9364, 362, 4, '2.9'),
(9365, 364, 1, '3.3'),
(9366, 364, 2, '3.11'),
(9367, 364, 3, '3.08'),
(9368, 364, 4, '3.06'),
(9369, 366, 1, '2.95'),
(9370, 366, 2, '2.78'),
(9371, 366, 3, '2.84'),
(9372, 366, 4, '2.39'),
(9373, 368, 1, '3'),
(9374, 368, 2, '2.92'),
(9375, 368, 3, '3.01'),
(9376, 368, 4, '3.02'),
(9377, 370, 1, '2.68'),
(9378, 370, 2, '2.53'),
(9379, 370, 3, '2.22'),
(9380, 370, 4, '2.15'),
(9381, 372, 1, '3.3'),
(9382, 372, 2, '3.25'),
(9383, 372, 3, '3.35'),
(9384, 372, 4, '3.39'),
(9385, 374, 1, '2.52'),
(9386, 374, 2, '2.23'),
(9387, 374, 3, '2.38'),
(9388, 374, 4, '2.49'),
(9389, 376, 1, '1.41'),
(9390, 376, 2, '1.77'),
(9391, 376, 3, '2.12'),
(9392, 376, 4, '2.25'),
(9393, 378, 1, '3.2'),
(9394, 378, 2, '3.29'),
(9395, 378, 3, '3.24'),
(9396, 378, 4, '3.1'),
(9397, 380, 1, '2.86'),
(9398, 380, 2, '2.81'),
(9399, 380, 3, '2.78'),
(9400, 380, 4, '2.73'),
(9401, 382, 1, '2.55'),
(9402, 382, 2, '2.29'),
(9403, 382, 3, '2.23'),
(9404, 382, 4, '1.93'),
(9405, 384, 1, '3.14'),
(9406, 384, 2, '3.2'),
(9407, 384, 3, '3.18'),
(9408, 384, 4, '2.92'),
(9409, 386, 1, '2.93'),
(9410, 386, 2, '2.82'),
(9411, 386, 3, '2.85'),
(9412, 386, 4, '2.8'),
(9413, 388, 1, '2.64'),
(9414, 388, 2, '2.71'),
(9415, 388, 3, '2.53'),
(9416, 388, 4, '2.48'),
(9417, 390, 1, '2.77'),
(9418, 390, 2, '2.59'),
(9419, 390, 3, '2.55'),
(9420, 390, 4, '2.59'),
(9421, 392, 1, '2.84'),
(9422, 392, 2, '2.63'),
(9423, 392, 3, '2.55'),
(9424, 392, 4, '2.48'),
(9425, 394, 1, '2.14'),
(9426, 394, 2, '2.01'),
(9427, 394, 3, '2.21'),
(9428, 394, 4, '1.85'),
(9429, 396, 1, '3.05'),
(9430, 396, 2, '2.98'),
(9431, 396, 3, '3.02'),
(9432, 396, 4, '2.88'),
(9433, 398, 1, '2.27'),
(9434, 398, 2, '1.68'),
(9435, 398, 3, '1.56'),
(9436, 398, 4, '1.25'),
(9437, 400, 1, '2.89'),
(9438, 400, 2, '3.06'),
(9439, 400, 3, '3.04'),
(9440, 400, 4, '2.71'),
(9441, 402, 1, '2.93'),
(9442, 402, 2, '2.81'),
(9443, 402, 3, '2.62'),
(9444, 402, 4, '2.5'),
(9445, 404, 1, '3.05'),
(9446, 404, 2, '3.13'),
(9447, 404, 3, '3.13'),
(9448, 404, 4, '3.13'),
(9449, 406, 1, '2.43'),
(9450, 406, 2, '2.04'),
(9451, 406, 3, '2.01'),
(9452, 406, 4, '1.93'),
(9453, 408, 1, '2.41'),
(9454, 408, 2, '2.05'),
(9455, 408, 3, '1.83'),
(9456, 408, 4, '1.64'),
(9457, 410, 1, '2.68'),
(9458, 410, 2, '2.23'),
(9459, 410, 3, '2.15'),
(9460, 410, 4, '2.15'),
(9461, 412, 1, '3'),
(9462, 412, 2, '2.87'),
(9463, 412, 3, '2.78'),
(9464, 412, 4, '2.58'),
(9465, 414, 1, '1.82'),
(9466, 414, 2, '1.94'),
(9467, 414, 3, '1.83'),
(9468, 414, 4, '2.03'),
(9469, 416, 1, '3.32'),
(9470, 416, 2, '3.24'),
(9471, 416, 3, '3.1'),
(9472, 416, 4, '3.08'),
(9473, 418, 1, '2.64'),
(9474, 418, 2, '2.38'),
(9475, 418, 3, '2.15'),
(9476, 418, 4, '2.02'),
(9477, 420, 1, '2.39'),
(9478, 420, 2, '2.15'),
(9479, 420, 3, '1.87'),
(9480, 420, 4, '1.65'),
(9481, 422, 1, '2.91'),
(9482, 422, 2, '3.01'),
(9483, 422, 3, '2.98'),
(9484, 422, 4, '2.99'),
(9485, 424, 1, '3.48'),
(9486, 424, 2, '3.14'),
(9487, 424, 3, '3.28'),
(9488, 424, 4, '2.88'),
(9489, 426, 1, '3.45'),
(9490, 426, 2, '3.46'),
(9491, 426, 3, '3.43'),
(9492, 426, 4, '3.24'),
(9493, 428, 1, '2.68'),
(9494, 428, 2, '2.86'),
(9495, 428, 3, '3.06'),
(9496, 428, 4, '3.08'),
(9497, 430, 1, '1.95'),
(9498, 430, 2, '2.29'),
(9499, 430, 3, '2.31'),
(9500, 430, 4, '2.47'),
(9501, 432, 1, '3'),
(9502, 432, 2, '3.11'),
(9503, 432, 3, '3.18'),
(9504, 432, 4, '3.2'),
(9505, 434, 1, '3.2'),
(9506, 434, 2, '3.32'),
(9507, 434, 3, '3.4'),
(9508, 434, 4, '3.39'),
(9509, 436, 1, '1.05'),
(9510, 436, 2, '1.35'),
(9511, 436, 3, '1.41'),
(9512, 436, 4, '1.33'),
(9513, 438, 1, '3.07'),
(9514, 438, 2, '3.27'),
(9515, 438, 3, '3.24'),
(9516, 438, 4, '3.28'),
(9517, 440, 1, '2.23'),
(9518, 440, 2, '2.48'),
(9519, 440, 3, '2.67'),
(9520, 440, 4, '2.69'),
(9521, 442, 1, '3.07'),
(9522, 442, 2, '3.28'),
(9523, 442, 3, '3.37'),
(9524, 442, 4, '3.37'),
(9525, 444, 1, '2.86'),
(9526, 444, 2, '2.68'),
(9527, 444, 3, '2.79'),
(9528, 444, 4, '2.68'),
(9529, 446, 1, '2.8'),
(9530, 446, 2, '2.7'),
(9531, 446, 3, '2.95'),
(9532, 446, 4, '2.93'),
(9533, 448, 1, '2.35'),
(9534, 448, 2, '2.58'),
(9535, 448, 3, '2.52'),
(9536, 448, 4, '2.7'),
(9537, 450, 1, '2.75'),
(9538, 450, 2, '2.76'),
(9539, 450, 3, '2.93'),
(9540, 450, 4, '2.96'),
(9541, 452, 1, '2.14'),
(9542, 452, 2, '2.19'),
(9543, 452, 3, '1.51'),
(9544, 452, 4, '1'),
(9545, 454, 1, '3.11'),
(9546, 454, 2, '3.39'),
(9547, 454, 3, '3.46'),
(9548, 454, 4, '3.45'),
(9549, 456, 1, '0'),
(9550, 456, 2, '2'),
(9551, 456, 3, '2.09'),
(9552, 456, 4, '2'),
(9553, 458, 1, '2.36'),
(9554, 458, 2, '2.83'),
(9555, 458, 3, '2.91'),
(9556, 458, 4, '2.39'),
(9557, 460, 1, '2.41'),
(9558, 460, 2, '2.94'),
(9559, 460, 3, '2.91'),
(9560, 460, 4, '2.66'),
(9561, 462, 1, '2.77'),
(9562, 462, 2, '1.77'),
(9563, 462, 3, '1.1'),
(9564, 462, 4, '2.87'),
(9565, 464, 1, '1.25'),
(9566, 464, 2, '3.34'),
(9567, 464, 3, '3.29'),
(9568, 464, 4, '0.85'),
(9569, 466, 1, '1.25'),
(9570, 466, 2, '3.34'),
(9571, 466, 3, '3.29'),
(9572, 466, 4, '0.85'),
(9573, 468, 1, '3.2'),
(9574, 468, 2, '3.09'),
(9575, 468, 3, '3.13'),
(9576, 468, 4, '3.31'),
(9577, 470, 1, '3'),
(9578, 470, 2, '2.83'),
(9579, 470, 3, '2.93'),
(9580, 470, 4, '3.09'),
(9581, 472, 1, '2.82'),
(9582, 472, 2, '2.3'),
(9583, 472, 3, '2.55'),
(9584, 472, 4, '2.96'),
(9585, 474, 1, '2.14'),
(9586, 474, 2, '3.07'),
(9587, 474, 3, '2.67'),
(9588, 474, 4, '2.6'),
(9589, 476, 1, '2.75'),
(9590, 476, 2, '2.66'),
(9591, 476, 3, '2.81'),
(9592, 476, 4, '2.87'),
(9593, 478, 1, '2.36'),
(9594, 478, 2, '2.88'),
(9595, 478, 3, '2.99'),
(9596, 478, 4, '2.65'),
(9597, 480, 1, '2.73'),
(9598, 480, 2, '2.9'),
(9599, 480, 3, '2.96'),
(9600, 480, 4, '2.82'),
(9601, 482, 1, '2.84'),
(9602, 482, 2, '2.36'),
(9603, 482, 3, '2.59'),
(9604, 482, 4, '2.88'),
(9605, 484, 1, '2.3'),
(9606, 484, 2, '2.81'),
(9607, 484, 3, '2.81'),
(9608, 484, 4, '2.66'),
(9609, 486, 1, '2.59'),
(9610, 486, 2, '2.83'),
(9611, 486, 3, '2.59'),
(9612, 486, 4, '2.81'),
(9613, 488, 1, '0'),
(9614, 488, 2, '2.58'),
(9615, 488, 3, '2.74'),
(9616, 488, 4, '2'),
(9617, 490, 1, '2.73'),
(9618, 490, 2, '3.41'),
(9619, 490, 3, '3.38'),
(9620, 490, 4, '2.65'),
(9621, 492, 1, '2.45'),
(9622, 492, 2, '2.2'),
(9623, 492, 3, '1.63'),
(9624, 492, 4, '2.65'),
(9625, 494, 1, '0'),
(9626, 494, 2, '2.51'),
(9627, 494, 3, '2.67'),
(9628, 494, 4, '2.5'),
(9629, 496, 1, '3.39'),
(9630, 496, 2, '2.46'),
(9631, 496, 3, '2.43'),
(9632, 496, 4, '3.35'),
(9633, 498, 1, '2.41'),
(9634, 498, 2, '0.76'),
(9635, 498, 3, '0.76'),
(9636, 498, 4, '3.35'),
(9637, 500, 1, '2.43'),
(9638, 500, 2, '1.21'),
(9639, 500, 3, '1.33'),
(9640, 500, 4, '2.59'),
(9641, 502, 1, '2.43'),
(9642, 502, 2, '3.15'),
(9643, 502, 3, '3.09'),
(9644, 502, 4, '2.09'),
(9645, 504, 1, '0'),
(9646, 504, 2, '2.73'),
(9647, 504, 3, '2.94'),
(9648, 504, 4, '2.75'),
(9649, 506, 1, '1'),
(9650, 506, 2, '0.47'),
(9651, 506, 3, '0.47'),
(9652, 506, 4, '0'),
(9653, 508, 1, '0.68'),
(9654, 508, 2, '2.86'),
(9655, 508, 3, '2.85'),
(9656, 508, 4, '2.75'),
(9657, 510, 1, '0'),
(9658, 510, 2, '2.8'),
(9659, 510, 3, '2.84'),
(9660, 510, 4, '2.5'),
(9661, 512, 1, '0.73'),
(9662, 512, 2, '2.51'),
(9663, 512, 3, '2.56'),
(9664, 512, 4, '1.36'),
(9665, 514, 1, '3.34'),
(9666, 514, 2, '2.24'),
(9667, 514, 3, '2.59'),
(9668, 514, 4, '2.74'),
(9669, 516, 1, '2.68'),
(9670, 516, 2, '2.9'),
(9671, 516, 3, '2.97'),
(9672, 516, 4, '2.99'),
(9673, 518, 1, '0.73'),
(9674, 518, 2, '2.03'),
(9675, 518, 3, '2.15'),
(9676, 518, 4, '0.47'),
(9677, 520, 1, '2.8'),
(9678, 520, 2, '2.19'),
(9679, 520, 3, '2.28'),
(9680, 520, 4, '2.76'),
(9681, 522, 1, '2.82'),
(9682, 522, 2, '2.58'),
(9683, 522, 3, '2.78'),
(9684, 522, 4, '2.69'),
(9685, 524, 1, '2.2'),
(9686, 524, 2, '2'),
(9687, 524, 3, '2.81'),
(9688, 524, 4, '2.5'),
(9689, 526, 1, '2.09'),
(9690, 526, 2, '2.32'),
(9691, 526, 3, '2.5'),
(9692, 526, 4, '2.75'),
(9693, 528, 1, '2.09'),
(9694, 528, 2, '0.91'),
(9695, 528, 3, '2.59'),
(9696, 528, 4, '2.34'),
(9697, 530, 1, '2.86'),
(9698, 530, 2, '3.42'),
(9699, 530, 3, '2.97'),
(9700, 530, 4, '2.9'),
(9701, 532, 1, '2.36'),
(9702, 532, 2, '2.97'),
(9703, 532, 3, '2.15'),
(9704, 532, 4, '1.89'),
(9705, 534, 1, '1.95'),
(9706, 534, 2, '2.54'),
(9707, 534, 3, '2.28'),
(9708, 534, 4, '2.43'),
(9709, 536, 1, '2.84'),
(9710, 536, 2, '2.48'),
(9711, 536, 3, '2.78'),
(9712, 536, 4, '2.78'),
(9713, 538, 1, '2.7'),
(9714, 538, 2, '1.63'),
(9715, 538, 3, '2.81'),
(9716, 538, 4, '2.74'),
(9717, 540, 1, '2.05'),
(9718, 540, 2, '3.1'),
(9719, 540, 3, '2.32'),
(9720, 540, 4, '2.22'),
(9721, 542, 1, '0.77'),
(9722, 542, 2, '1.29'),
(9723, 542, 3, '0.91'),
(9724, 542, 4, '0.79'),
(9725, 544, 1, '3.36'),
(9726, 544, 2, '3.66'),
(9727, 544, 3, '3.43'),
(9728, 544, 4, '3.45'),
(9729, 546, 1, '3.05'),
(9730, 546, 2, '2.15'),
(9731, 546, 3, '2.95'),
(9732, 546, 4, '2.92'),
(9733, 548, 1, '2.59'),
(9734, 548, 2, '2.7'),
(9735, 548, 3, '2.72'),
(9736, 548, 4, '2.64'),
(9737, 550, 1, '2.41'),
(9738, 550, 2, '2.76'),
(9739, 550, 3, '2.54'),
(9740, 550, 4, '2.33'),
(9741, 552, 1, '1.73'),
(9742, 552, 2, '2.25'),
(9743, 552, 3, '2'),
(9744, 552, 4, '2.5'),
(9745, 554, 1, '0'),
(9746, 554, 2, '0.88'),
(9747, 554, 3, '1'),
(9748, 554, 4, '1.9'),
(9749, 556, 1, '1.52'),
(9750, 556, 2, '1.22'),
(9751, 556, 3, '1.5'),
(9752, 556, 4, '1.75'),
(9753, 558, 1, '1.52'),
(9754, 558, 2, '2.69'),
(9755, 558, 3, '1.56'),
(9756, 558, 4, '1.32'),
(9757, 560, 1, '3.16'),
(9758, 560, 2, '1.55'),
(9759, 560, 3, '3.09'),
(9760, 560, 4, '3.15'),
(9761, 562, 1, '1.55'),
(9762, 562, 2, '1.61'),
(9763, 562, 3, '1.7'),
(9764, 562, 4, '1.9'),
(9765, 564, 1, '3.73'),
(9766, 564, 2, '1.73'),
(9767, 564, 3, '3.7'),
(9768, 564, 4, '3.72'),
(9769, 566, 1, '2.68'),
(9770, 566, 2, '1.08'),
(9771, 566, 3, '2.45'),
(9772, 566, 4, '2.51'),
(9773, 568, 1, '2.7'),
(9774, 568, 2, '2.89'),
(9775, 568, 3, '2.93'),
(9776, 568, 4, '2.87'),
(9777, 570, 1, '2.95'),
(9778, 570, 2, '3.15'),
(9779, 570, 3, '2.87'),
(9780, 570, 4, '2.88'),
(9781, 572, 1, '2.23'),
(9782, 572, 2, '2.6'),
(9783, 572, 3, '2.41'),
(9784, 572, 4, '2.28'),
(9785, 574, 1, '0.59'),
(9786, 574, 2, '0.95'),
(9787, 574, 3, '0.8'),
(9788, 574, 4, '0.62'),
(9789, 576, 1, '1.59'),
(9790, 576, 2, '2.67'),
(9791, 576, 3, '0'),
(9792, 576, 4, '0'),
(9793, 578, 1, '2.45'),
(9794, 578, 2, '1.03'),
(9795, 578, 3, '2.66'),
(9796, 578, 4, '2.86'),
(9797, 580, 1, '2.09'),
(9798, 580, 2, '0.71'),
(9799, 580, 3, '1.54'),
(9800, 580, 4, '1.35'),
(9801, 582, 1, '1.77'),
(9802, 582, 2, '2.06'),
(9803, 582, 3, '1.9'),
(9804, 582, 4, '2'),
(9805, 584, 1, '0'),
(9806, 584, 2, '2.75'),
(9807, 584, 3, '2'),
(9808, 584, 4, '1.9'),
(9809, 586, 1, '1.15'),
(9810, 586, 2, '2.14'),
(9811, 586, 3, '2.14'),
(9812, 586, 4, '2.32'),
(9813, 588, 1, '0.78'),
(9814, 588, 2, '1.05'),
(9815, 588, 3, '1.05'),
(9816, 588, 4, '0.84'),
(9817, 590, 1, '2.34'),
(9818, 590, 2, '2.98'),
(9819, 590, 3, '2.98'),
(9820, 590, 4, '3.08'),
(9821, 592, 1, '2.98'),
(9822, 592, 2, '3.16'),
(9823, 592, 3, '3.16'),
(9824, 592, 4, '3'),
(9825, 594, 1, '2.64'),
(9826, 594, 2, '2.54'),
(9827, 594, 3, '2.54'),
(9828, 594, 4, '2.66'),
(9829, 596, 1, '0.95'),
(9830, 596, 2, '0.79'),
(9831, 596, 3, '0.79'),
(9832, 596, 4, '0'),
(9833, 598, 1, '2.63'),
(9834, 598, 2, '2.94'),
(9835, 598, 3, '2.94'),
(9836, 598, 4, '2.94'),
(9837, 600, 1, '1.27'),
(9838, 600, 2, '1.07'),
(9839, 600, 3, '1.07'),
(9840, 600, 4, '1.9'),
(9841, 602, 1, '1.09'),
(9842, 602, 2, '2.73'),
(9843, 602, 3, '2.73'),
(9844, 602, 4, '2.75'),
(9845, 604, 1, '0.39'),
(9846, 604, 2, '2.77'),
(9847, 604, 3, '2.5'),
(9848, 604, 4, '2.75'),
(9849, 606, 1, '0'),
(9850, 606, 2, '2.64'),
(9851, 606, 3, '2.5'),
(9852, 606, 4, '2.5'),
(9853, 608, 1, '0.95'),
(9854, 608, 2, '3.54'),
(9855, 608, 3, '3'),
(9856, 608, 4, '3.5'),
(9857, 610, 1, '1.9'),
(9858, 610, 2, '2.06'),
(9859, 610, 3, '2.73'),
(9860, 610, 4, '2.83'),
(9861, 612, 1, '2.63'),
(9862, 612, 2, '2.75'),
(9863, 612, 3, '2.77'),
(9864, 612, 4, '2.56'),
(9865, 614, 1, '2.45'),
(9866, 614, 2, '2.69'),
(9867, 614, 3, '2.64'),
(9868, 614, 4, '2.47'),
(9869, 616, 1, '2.55'),
(9870, 616, 2, '2.01'),
(9871, 616, 3, '2.04'),
(9872, 616, 4, '2.23'),
(9873, 618, 1, '2.89'),
(9874, 618, 2, '2.89'),
(9875, 618, 3, '2.83'),
(9876, 618, 4, '2.73'),
(9877, 620, 1, '0.64'),
(9878, 620, 2, '0.41'),
(9879, 620, 3, '1.25'),
(9880, 620, 4, '1.5'),
(9881, 622, 1, '2.82'),
(9882, 622, 2, '2.81'),
(9883, 622, 3, '2.8'),
(9884, 622, 4, '2.57'),
(9885, 624, 1, '2.59'),
(9886, 624, 2, '2.52'),
(9887, 624, 3, '2.61'),
(9888, 624, 4, '2.74'),
(9889, 626, 1, '3.09'),
(9890, 626, 2, '3.23'),
(9891, 626, 3, '3.25'),
(9892, 626, 4, '3.23'),
(9893, 628, 1, '2.8'),
(9894, 628, 2, '1.99'),
(9895, 628, 3, '1.97'),
(9896, 628, 4, '1.97'),
(9897, 630, 1, '3.23'),
(9898, 630, 2, '3.24'),
(9899, 630, 3, '3.15'),
(9900, 630, 4, '3.04'),
(9901, 632, 1, '3.27'),
(9902, 632, 2, '1.72'),
(9903, 632, 3, '2'),
(9904, 632, 4, '1.9'),
(9905, 634, 1, '3.2'),
(9906, 634, 2, '1.97'),
(9907, 634, 3, '2.13'),
(9908, 634, 4, '2.17'),
(9909, 636, 1, '3.18'),
(9910, 636, 2, '3.02'),
(9911, 636, 3, '2.97'),
(9912, 636, 4, '2.79'),
(9913, 638, 1, '2.91'),
(9914, 638, 2, '1.79'),
(9915, 638, 3, '1.42'),
(9916, 638, 4, '1.62'),
(9917, 640, 1, '2.91'),
(9918, 640, 2, '2.33'),
(9919, 640, 3, '2.41'),
(9920, 640, 4, '2.58'),
(9921, 642, 1, '3.16'),
(9922, 642, 2, '3.23'),
(9923, 642, 3, '3.12'),
(9924, 642, 4, '3.14'),
(9925, 644, 1, '2.36'),
(9926, 644, 2, '1.53'),
(9927, 644, 3, '2.21'),
(9928, 644, 4, '1.9'),
(9929, 646, 1, '3.23'),
(9930, 646, 2, '3.03'),
(9931, 646, 3, '3.09'),
(9932, 646, 4, '3.13'),
(9933, 648, 1, '3.23'),
(9934, 648, 2, '2.3'),
(9935, 648, 3, '2.3'),
(9936, 648, 4, '2.5'),
(9937, 650, 1, '2.57'),
(9938, 650, 2, '1.89'),
(9939, 650, 3, '1.96'),
(9940, 650, 4, '1.96'),
(9941, 652, 1, '2.14'),
(9942, 652, 2, '1.18'),
(9943, 652, 3, '0.98'),
(9944, 652, 4, '2'),
(9945, 654, 1, '2.8'),
(9946, 654, 2, '2.76'),
(9947, 654, 3, '2.85'),
(9948, 654, 4, '2.79'),
(9949, 656, 1, '2.8'),
(9950, 656, 2, '2.76'),
(9951, 656, 3, '2.21'),
(9952, 656, 4, '1.99'),
(9953, 658, 1, '2.7'),
(9954, 658, 2, '2.3'),
(9955, 658, 3, '2.74'),
(9956, 658, 4, '2.8'),
(9957, 660, 1, '2.84'),
(9958, 660, 2, '2.75'),
(9959, 660, 3, '2.95'),
(9960, 660, 4, '3'),
(9961, 662, 1, '0.64'),
(9962, 662, 2, '0'),
(9963, 662, 3, '2.95'),
(9964, 662, 4, '3.06'),
(9965, 664, 1, '3.39'),
(9966, 664, 2, '3.21'),
(9967, 664, 3, '2.35'),
(9968, 664, 4, '2.72'),
(9969, 666, 1, '2.5'),
(9970, 666, 2, '1.14'),
(9971, 666, 3, '2.77'),
(9972, 666, 4, '2.76'),
(9973, 668, 1, '3.02'),
(9974, 668, 2, '2.75'),
(9975, 668, 3, '2.04'),
(9976, 668, 4, '2.09'),
(9977, 670, 1, '2.23'),
(9978, 670, 2, '1.82'),
(9979, 670, 3, '1.9'),
(9980, 670, 4, '2'),
(9981, 672, 1, '2.68'),
(9982, 672, 2, '0'),
(9983, 672, 3, '2.4'),
(9984, 672, 4, '2.64'),
(9985, 674, 1, '3.02'),
(9986, 674, 2, '2.46'),
(9987, 674, 3, '2.98'),
(9988, 674, 4, '3.05'),
(9989, 676, 1, '3.23'),
(9990, 676, 2, '3.05'),
(9991, 676, 3, '2.7'),
(9992, 676, 4, '2.81'),
(9993, 678, 1, '3.18'),
(9994, 678, 2, '2.99'),
(9995, 678, 3, '3'),
(9996, 678, 4, '3.05'),
(9997, 680, 1, '0.86'),
(9998, 680, 2, '0'),
(9999, 680, 3, '3.21'),
(10000, 680, 4, '3.17'),
(10001, 682, 1, '3.16'),
(10002, 682, 2, '3.24'),
(10003, 682, 3, '3.39'),
(10004, 682, 4, '0'),
(10005, 684, 1, '1.68'),
(10006, 684, 2, '1.31'),
(10007, 684, 3, '2.17'),
(10008, 684, 4, '2.46'),
(10009, 686, 1, '2.64'),
(10010, 686, 2, '2'),
(10011, 686, 3, '2.98'),
(10012, 686, 4, '3'),
(10013, 688, 1, '3.41'),
(10014, 688, 2, '2.91'),
(10015, 688, 3, '3.24'),
(10016, 688, 4, '3.18'),
(10017, 690, 1, '3.16'),
(10018, 690, 2, '3.18'),
(10019, 690, 3, '2.98'),
(10020, 690, 4, '2.86'),
(10021, 692, 1, '3.05'),
(10022, 692, 2, '3.01'),
(10023, 692, 3, '2.85'),
(10024, 692, 4, '2.74'),
(10025, 694, 1, '2.8'),
(10026, 694, 2, '2.89'),
(10027, 694, 3, '1.85'),
(10028, 694, 4, '1.6'),
(10029, 696, 1, '3.3'),
(10030, 696, 2, '3.36'),
(10031, 696, 3, '3.37'),
(10032, 696, 4, '3.39'),
(10033, 698, 1, '3.41'),
(10034, 698, 2, '3.41'),
(10035, 698, 3, '3.15'),
(10036, 698, 4, '3.15'),
(10037, 700, 1, '1.5'),
(10038, 700, 2, '0.92'),
(10039, 700, 3, '1.9'),
(10040, 700, 4, '2'),
(10041, 702, 1, '3.05'),
(10042, 702, 2, '2.85'),
(10043, 702, 3, '2.8'),
(10044, 702, 4, '2.78'),
(10045, 704, 1, '0.68'),
(10046, 704, 2, '0.44'),
(10047, 704, 3, '1'),
(10048, 704, 4, '1.5'),
(10049, 706, 1, '1.98'),
(10050, 706, 2, '2.49'),
(10051, 706, 3, '2.63'),
(10052, 706, 4, '2.82'),
(10053, 708, 1, '0.64'),
(10054, 708, 2, '0.75'),
(10055, 708, 3, '0.85'),
(10056, 708, 4, '0.9'),
(10057, 710, 1, '1.23'),
(10058, 710, 2, '1.3'),
(10059, 710, 3, '1.5'),
(10060, 710, 4, '1.7'),
(10061, 712, 1, '3.11'),
(10062, 712, 2, '1.64'),
(10063, 712, 3, '1.9'),
(10064, 712, 4, '1.95'),
(10065, 714, 1, '3.11'),
(10066, 714, 2, '2.92'),
(10067, 714, 3, '2.49'),
(10068, 714, 4, '2.38'),
(10069, 716, 1, '2.11'),
(10070, 716, 2, '1.34'),
(10071, 716, 3, '1.07'),
(10072, 716, 4, '1.32'),
(10073, 718, 1, '3.14'),
(10074, 718, 2, '2.85'),
(10075, 718, 3, '2.47'),
(10076, 718, 4, '2.41'),
(10077, 720, 1, '2.66'),
(10078, 720, 2, '2.68'),
(10079, 720, 3, '2.27'),
(10080, 720, 4, '2.27'),
(10081, 722, 1, '0.32'),
(10082, 722, 2, '0.32'),
(10083, 722, 3, '0.21'),
(10084, 722, 4, '0.35'),
(10085, 724, 1, '3.14'),
(10086, 724, 2, '3.01'),
(10087, 724, 3, '2.77'),
(10088, 724, 4, '2.83'),
(10089, 726, 1, '2.64'),
(10090, 726, 2, '2.9'),
(10091, 726, 3, '2.55'),
(10092, 726, 4, '2.22'),
(10093, 728, 1, '2.98'),
(10094, 728, 2, '2.93'),
(10095, 728, 3, '2.76'),
(10096, 728, 4, '2.76'),
(10097, 730, 1, '1.59'),
(10098, 730, 2, '1.36'),
(10099, 730, 3, '1.39'),
(10100, 730, 4, '1.68'),
(10101, 732, 1, '0.91'),
(10102, 732, 2, '0.59'),
(10103, 732, 3, '0.6'),
(10104, 732, 4, '0.9'),
(10105, 734, 1, '2.86'),
(10106, 734, 2, '2.95'),
(10107, 734, 3, '2.94'),
(10108, 734, 4, '3.01'),
(10109, 736, 1, '3.16'),
(10110, 736, 2, '3.23'),
(10111, 736, 3, '3.17'),
(10112, 736, 4, '3.05'),
(10113, 738, 1, '2.7'),
(10114, 738, 2, '2.81'),
(10115, 738, 3, '2.65'),
(10116, 738, 4, '2.38'),
(10117, 740, 1, '3.18'),
(10118, 740, 2, '3.24'),
(10119, 740, 3, '3.24'),
(10120, 740, 4, '3.18'),
(10121, 742, 1, '1.32'),
(10122, 742, 2, '1.25'),
(10123, 742, 3, '1.5'),
(10124, 742, 4, '1.7'),
(10125, 744, 1, '2.11'),
(10126, 744, 2, '1.88'),
(10127, 744, 3, '1.46'),
(10128, 744, 4, '1.2'),
(10129, 746, 1, '2.98'),
(10130, 746, 2, '3.05'),
(10131, 746, 3, '2.67'),
(10132, 746, 4, '2.58'),
(10133, 748, 1, '3.25'),
(10134, 748, 2, '3.21'),
(10135, 748, 3, '3.02'),
(10136, 748, 4, '3'),
(10137, 750, 1, '2.43'),
(10138, 750, 2, '2.46'),
(10139, 750, 3, '2.3'),
(10140, 750, 4, '2.24'),
(10141, 752, 1, '2.43'),
(10142, 752, 2, '2.28'),
(10143, 752, 3, '2.26'),
(10144, 752, 4, '2.05');

-- --------------------------------------------------------

--
-- Struktur dari tabel `ipk_testing`
--

CREATE TABLE `ipk_testing` (
  `id_ipk_testing` int(11) NOT NULL,
  `id_testing` int(11) NOT NULL,
  `id_status_ipk` int(11) NOT NULL,
  `nilai_ipk` char(10) NOT NULL
) ENGINE=InnoDB DEFAULT CHARSET=utf8mb4;

--
-- Dumping data untuk tabel `ipk_testing`
--

INSERT INTO `ipk_testing` (`id_ipk_testing`, `id_testing`, `id_status_ipk`, `nilai_ipk`) VALUES
(5, 1, 1, '2.44'),
(6, 1, 2, '1.94'),
(7, 1, 3, '1.93'),
(8, 1, 4, '1.49'),
(9, 2, 1, '2.47'),
(10, 2, 2, '1.31'),
(11, 2, 3, '1.65'),
(12, 2, 4, '1.28'),
(13, 3, 1, '1.84'),
(14, 3, 2, '1.47'),
(15, 3, 3, '1.71'),
(16, 3, 4, '1.91'),
(17, 4, 1, '2.67'),
(18, 4, 2, '2.71'),
(19, 4, 3, '2.69'),
(20, 4, 4, '2.68'),
(21, 5, 1, '3.08'),
(22, 5, 2, '2.98'),
(23, 5, 3, '2.99'),
(24, 5, 4, '2.97'),
(25, 6, 1, '2.5'),
(26, 6, 2, '2.75'),
(27, 6, 3, '2.80'),
(28, 6, 4, '2.76'),
(29, 7, 1, '3.31'),
(30, 7, 2, '3.3'),
(31, 7, 3, '3.29'),
(32, 7, 4, '3.21'),
(33, 8, 1, '3'),
(34, 8, 2, '3.06'),
(35, 8, 3, '2.96'),
(36, 8, 4, '2.87'),
(37, 9, 1, '3.06'),
(38, 9, 2, '3.01'),
(39, 9, 3, '2.94'),
(40, 9, 4, '2.95'),
(41, 10, 1, '2.65'),
(42, 10, 2, '0'),
(43, 10, 3, '2.82'),
(44, 10, 4, '2.82'),
(45, 11, 1, '2.83'),
(46, 11, 2, '1.57'),
(47, 11, 3, '1.75'),
(48, 11, 4, '1.9'),
(49, 12, 1, '3.19'),
(50, 12, 2, '3.24'),
(51, 12, 3, '3.18'),
(52, 12, 4, '3.11'),
(53, 13, 1, '1.55'),
(54, 13, 2, '1.55'),
(55, 13, 3, '1.75'),
(56, 13, 4, '1.9'),
(57, 14, 1, '1.17'),
(58, 14, 2, '1.75'),
(59, 14, 3, '1.93'),
(60, 14, 4, '1.84'),
(61, 15, 1, '2.5'),
(62, 15, 2, '2.41'),
(63, 15, 3, '2.4'),
(64, 15, 4, '2.25'),
(65, 16, 1, '2.64'),
(66, 16, 2, '2.35'),
(67, 16, 3, '2.53'),
(68, 16, 4, '2.43'),
(69, 17, 1, '1.95'),
(70, 17, 2, '1.39'),
(71, 17, 3, '1.5'),
(72, 17, 4, '1.6'),
(73, 18, 1, '2.45'),
(74, 18, 2, '2.35'),
(75, 18, 3, '2.4'),
(76, 18, 4, '2.3'),
(77, 19, 1, '1.55'),
(78, 19, 2, '1.28'),
(79, 19, 3, '1.55'),
(80, 19, 4, '1.52'),
(81, 20, 1, '2.31'),
(82, 20, 2, '2.74'),
(83, 20, 3, '2.35'),
(84, 20, 4, '1.88'),
(85, 21, 1, '2.67'),
(86, 21, 2, '2.28'),
(87, 21, 3, '2.21'),
(88, 21, 4, '2.17'),
(89, 22, 1, '2.67'),
(90, 22, 2, '2.1'),
(91, 22, 3, '2.34'),
(92, 22, 4, '2.41'),
(93, 23, 1, '2.39'),
(94, 23, 2, '2.6'),
(95, 23, 3, '2.78'),
(96, 23, 4, '2.84'),
(97, 24, 1, '2'),
(98, 24, 2, '1.83'),
(99, 24, 3, '1.24'),
(100, 24, 4, '0.98'),
(101, 25, 1, '3.11'),
(102, 25, 2, '3.15'),
(103, 25, 3, '3.05'),
(104, 25, 4, '2.63'),
(105, 26, 1, '2.67'),
(106, 26, 2, '2.96'),
(107, 26, 3, '3.03'),
(108, 26, 4, '3.06'),
(109, 27, 1, '2.5'),
(110, 27, 2, '2.65'),
(111, 27, 3, '2.76'),
(112, 27, 4, '2.84'),
(113, 28, 1, '1.22'),
(114, 28, 2, '3.08'),
(115, 28, 3, '1.34'),
(116, 28, 4, '1.05'),
(117, 29, 1, '2.78'),
(118, 29, 2, '3.08'),
(119, 29, 3, '2.97'),
(120, 29, 4, '2.89'),
(121, 30, 1, '2.67'),
(122, 30, 2, '2.62'),
(123, 30, 3, '2.86'),
(124, 30, 4, '2.83'),
(125, 31, 1, '2.25'),
(126, 31, 2, '2.76'),
(127, 31, 3, '2.78'),
(128, 31, 4, '2.65'),
(129, 32, 1, '2.65'),
(130, 32, 2, '2.8'),
(131, 32, 3, '2.87'),
(132, 32, 4, '2.87'),
(133, 33, 1, '1.95'),
(134, 33, 2, '1.56'),
(135, 33, 3, '1.64'),
(136, 33, 4, '1.64'),
(137, 34, 1, '2.06'),
(138, 34, 2, '2.49'),
(139, 34, 3, '2.57'),
(140, 34, 4, '2.53'),
(141, 35, 1, '3.05'),
(142, 35, 2, '3.06'),
(143, 35, 3, '2.87'),
(144, 35, 4, '2.72'),
(145, 36, 1, '2.94'),
(146, 36, 2, '2.91'),
(147, 36, 3, '3.11'),
(148, 36, 4, '3.03'),
(149, 37, 1, '2.3'),
(150, 37, 2, '2.12'),
(151, 37, 3, '2.26'),
(152, 37, 4, '2.31'),
(153, 38, 1, '2.63'),
(154, 38, 2, '3.08'),
(155, 38, 3, '3.09'),
(156, 38, 4, '3.01'),
(157, 39, 1, '2.69'),
(158, 39, 2, '2.91'),
(159, 39, 3, '3.01'),
(160, 39, 4, '2.96'),
(161, 40, 1, '3.11'),
(162, 40, 2, '3.24'),
(163, 40, 3, '3.28'),
(164, 40, 4, '3.22'),
(165, 41, 1, '2.36'),
(166, 41, 2, '2.7'),
(167, 41, 3, '2.64'),
(168, 41, 4, '2.66'),
(169, 42, 1, '2'),
(170, 42, 2, '2.46'),
(171, 42, 3, '2.72'),
(172, 42, 4, '2.68'),
(173, 43, 1, '2.56'),
(174, 43, 2, '2.29'),
(175, 43, 3, '2.2'),
(176, 43, 4, '2.14'),
(177, 44, 1, '2.06'),
(178, 44, 2, '2.44'),
(179, 44, 3, '2.51'),
(180, 44, 4, '2.39'),
(181, 45, 1, '2.17'),
(182, 45, 2, '2.38'),
(183, 45, 3, '2.46'),
(184, 45, 4, '2.49'),
(185, 46, 1, '2.5'),
(186, 46, 2, '2.7'),
(187, 46, 3, '2.84'),
(188, 46, 4, '2.84'),
(189, 47, 1, '2.4'),
(190, 47, 2, '2.31'),
(191, 47, 3, '1.84'),
(192, 47, 4, '1.59'),
(193, 48, 1, '2.08'),
(194, 48, 2, '2.53'),
(195, 48, 3, '2.64'),
(196, 48, 4, '2.65'),
(197, 49, 1, '2.97'),
(198, 49, 2, '2.96'),
(199, 49, 3, '2.95'),
(200, 49, 4, '2.95'),
(201, 50, 1, '2'),
(202, 50, 2, '2.75'),
(203, 50, 3, '2.39'),
(204, 50, 4, '2.36'),
(205, 51, 1, '2.3'),
(206, 51, 2, '2.12'),
(207, 51, 3, '2.08'),
(208, 51, 4, '2.08'),
(209, 52, 1, '2.67'),
(210, 52, 2, '2.5'),
(211, 52, 3, '2.44'),
(212, 52, 4, '2.35'),
(213, 53, 1, '2.89'),
(214, 53, 2, '3.01'),
(215, 53, 3, '2.97'),
(216, 53, 4, '3.03'),
(217, 54, 1, '2.89'),
(218, 54, 2, '3.06'),
(219, 54, 3, '3.13'),
(220, 54, 4, '3.17'),
(221, 55, 1, '1.65'),
(222, 55, 2, '1.18'),
(223, 55, 3, '1.18'),
(224, 55, 4, '0'),
(225, 56, 1, '3.61'),
(226, 56, 2, '3.66'),
(227, 56, 3, '3.66'),
(228, 56, 4, '3.63'),
(229, 57, 1, '3.66'),
(230, 57, 2, '3.68'),
(231, 57, 3, '3.66'),
(232, 57, 4, '3.67'),
(233, 58, 1, '2.59'),
(234, 58, 2, '2.57'),
(235, 58, 3, '2.77'),
(236, 58, 4, '2.88'),
(237, 59, 1, '2.64'),
(238, 59, 2, '2.85'),
(239, 59, 3, '2.82'),
(240, 59, 4, '2.86'),
(241, 60, 1, '3.73'),
(242, 60, 2, '3.53'),
(243, 60, 3, '3.44'),
(244, 60, 4, '3.45'),
(245, 61, 1, '2.9'),
(246, 61, 2, '2.69'),
(247, 61, 3, '2.73'),
(248, 61, 4, '2.86'),
(249, 62, 1, '3.2'),
(250, 62, 2, '3.05'),
(251, 62, 3, '2.62'),
(252, 62, 4, '2.17'),
(253, 63, 1, '3.36'),
(254, 63, 2, '2.97'),
(255, 63, 3, '2.86'),
(256, 63, 4, '2.54'),
(257, 64, 1, '2.75'),
(258, 64, 2, '2.3'),
(259, 64, 3, '2.34'),
(260, 64, 4, '2.38'),
(261, 65, 1, '3.11'),
(262, 65, 2, '3.25'),
(263, 65, 3, '3.24'),
(264, 65, 4, '3.22'),
(265, 66, 1, '2.66'),
(266, 66, 2, '2.75'),
(267, 66, 3, '2.81'),
(268, 66, 4, '2.8'),
(269, 67, 1, '3.23'),
(270, 67, 2, '3.33'),
(271, 67, 3, '3.37'),
(272, 67, 4, '3.39'),
(273, 68, 1, '2.68'),
(274, 68, 2, '2.73'),
(275, 68, 3, '2.43'),
(276, 68, 4, '2.12'),
(277, 69, 1, '2.43'),
(278, 69, 2, '2.61'),
(279, 69, 3, '2.44'),
(280, 69, 4, '2.2'),
(281, 70, 1, '3.2'),
(282, 70, 2, '3.31'),
(283, 70, 3, '3.34'),
(284, 70, 4, '3.37'),
(285, 71, 1, '1.91'),
(286, 71, 2, '1.93'),
(287, 71, 3, '2.18'),
(288, 71, 4, '2.32'),
(289, 72, 1, '2.86'),
(290, 72, 2, '2.74'),
(291, 72, 3, '2.73'),
(292, 72, 4, '2.61'),
(293, 73, 1, '2.95'),
(294, 73, 2, '2.8'),
(295, 73, 3, '2.89'),
(296, 73, 4, '2.89'),
(297, 74, 1, '2.45'),
(298, 74, 2, '2.25'),
(299, 74, 3, '1.97'),
(300, 74, 4, '2.08'),
(301, 75, 1, '2.93'),
(302, 75, 2, '2.85'),
(303, 75, 3, '2.9'),
(304, 75, 4, '2.9'),
(305, 76, 1, '2.84'),
(306, 76, 2, '2.7'),
(307, 76, 3, '2.12'),
(308, 76, 4, '2.16'),
(309, 77, 1, '2.98'),
(310, 77, 2, '3.01'),
(311, 77, 3, '3.06'),
(312, 77, 4, '2.95'),
(313, 78, 1, '2.18'),
(314, 78, 2, '2.35'),
(315, 78, 3, '2.43'),
(316, 78, 4, '2.45'),
(317, 79, 1, '2'),
(318, 79, 2, '2'),
(319, 79, 3, '1.97'),
(320, 79, 4, '2.04'),
(321, 80, 1, '3.14'),
(322, 80, 2, '3'),
(323, 80, 3, '3.11'),
(324, 80, 4, '3.13'),
(325, 81, 1, '3.23'),
(326, 81, 2, '3.14'),
(327, 81, 3, '3.19'),
(328, 81, 4, '3.17'),
(329, 82, 1, '3.32'),
(330, 82, 2, '3.27'),
(331, 82, 3, '3.37'),
(332, 82, 4, '3.38'),
(333, 83, 1, '3.05'),
(334, 83, 2, '2.9'),
(335, 83, 3, '2.93'),
(336, 83, 4, '2.96'),
(337, 84, 1, '2.95'),
(338, 84, 2, '2.48'),
(339, 84, 3, '2.55'),
(340, 84, 4, '2.53'),
(341, 85, 1, '2.73'),
(342, 85, 2, '2.73'),
(343, 85, 3, '2.55'),
(344, 85, 4, '2.65'),
(345, 86, 1, '2.5'),
(346, 86, 2, '2.17'),
(347, 86, 3, '2.37'),
(348, 86, 4, '2.45'),
(349, 87, 1, '3.18'),
(350, 87, 2, '3'),
(351, 87, 3, '3.05'),
(352, 87, 4, '3.17'),
(353, 88, 1, '2.35'),
(354, 88, 2, '1.65'),
(355, 88, 3, '1.87'),
(356, 88, 4, '2.05'),
(357, 89, 1, '2.23'),
(358, 89, 2, '2.21'),
(359, 89, 3, '2.08'),
(360, 89, 4, '1.87'),
(361, 90, 1, '1.91'),
(362, 90, 2, '1.94'),
(363, 90, 3, '2.12'),
(364, 90, 4, '2.23'),
(365, 91, 1, '2.7'),
(366, 91, 2, '2.42'),
(367, 91, 3, '2.51'),
(368, 91, 4, '2.34'),
(369, 92, 1, '2.48'),
(370, 92, 2, '2.39'),
(371, 92, 3, '2.39'),
(372, 92, 4, '2.2'),
(373, 93, 1, '2.73'),
(374, 93, 2, '2.46'),
(375, 93, 3, '2.67'),
(376, 93, 4, '2.86'),
(377, 94, 1, '2.9'),
(378, 94, 2, '2.24'),
(379, 94, 3, '2.45'),
(380, 94, 4, '2.28'),
(381, 95, 1, '2.09'),
(382, 95, 2, '2.2'),
(383, 95, 3, '2.33'),
(384, 95, 4, '2.41'),
(385, 96, 1, '3'),
(386, 96, 2, '2.56'),
(387, 96, 3, '2.77'),
(388, 96, 4, '2.94'),
(389, 97, 1, '3.3'),
(390, 97, 2, '2.74'),
(391, 97, 3, '2.79'),
(392, 97, 4, '2.74'),
(393, 98, 1, '2.84'),
(394, 98, 2, '2.45'),
(395, 98, 3, '2.52'),
(396, 98, 4, '2.54'),
(397, 99, 1, '2.75'),
(398, 99, 2, '2.63'),
(399, 99, 3, '2.77'),
(400, 99, 4, '2.87'),
(401, 100, 1, '3.03'),
(402, 100, 2, '2.79'),
(403, 100, 3, '2.84'),
(404, 100, 4, '3.03'),
(405, 101, 1, '2.61'),
(406, 101, 2, '2.18'),
(407, 101, 3, '2.28'),
(408, 101, 4, '1.92'),
(409, 102, 1, '2.55'),
(410, 102, 2, '2.31'),
(411, 102, 3, '2.37'),
(412, 102, 4, '2.17'),
(413, 103, 1, '3.23'),
(414, 103, 2, '3.1'),
(415, 103, 3, '3.16'),
(416, 103, 4, '3.07'),
(417, 104, 1, '3.05'),
(418, 104, 2, '2.59'),
(419, 104, 3, '2.76'),
(420, 104, 4, '2.86'),
(421, 105, 1, '3.14'),
(422, 105, 2, '3.09'),
(423, 105, 3, '3.09'),
(424, 105, 4, '2.85'),
(425, 106, 1, '2.95'),
(426, 106, 2, '2.55'),
(427, 106, 3, '2.25'),
(428, 106, 4, '2.39'),
(429, 107, 1, '3.07'),
(430, 107, 2, '2.98'),
(431, 107, 3, '3.06'),
(432, 107, 4, '3.01'),
(433, 108, 1, '2.52'),
(434, 108, 2, '2.39'),
(435, 108, 3, '2.27'),
(436, 108, 4, '2.47'),
(437, 109, 1, '2.64'),
(438, 109, 2, '2.43'),
(439, 109, 3, '2.48'),
(440, 109, 4, '2.51'),
(441, 110, 1, '2.5'),
(442, 110, 2, '2'),
(443, 110, 3, '1.78'),
(444, 110, 4, '2.13'),
(445, 111, 1, '3'),
(446, 111, 2, '2.73'),
(447, 111, 3, '1.78'),
(448, 111, 4, '2.81'),
(449, 112, 1, '2.41'),
(450, 112, 2, '2.15'),
(451, 112, 3, '2'),
(452, 112, 4, '2.3'),
(453, 113, 1, '2.98'),
(454, 113, 2, '2.48'),
(455, 113, 3, '2.53'),
(456, 113, 4, '2.72'),
(457, 114, 1, '3.05'),
(458, 114, 2, '3.1'),
(459, 114, 3, '3.02'),
(460, 114, 4, '2.44'),
(461, 115, 1, '2.36'),
(462, 115, 2, '2'),
(463, 115, 3, '2.06'),
(464, 115, 4, '2.13'),
(465, 116, 1, '3.2'),
(466, 116, 2, '2.89'),
(467, 116, 3, '2.8'),
(468, 116, 4, '2.98'),
(469, 117, 1, '3.5'),
(470, 117, 2, '3.44'),
(471, 117, 3, '3.44'),
(472, 117, 4, '3.49'),
(473, 118, 1, '2.86'),
(474, 118, 2, '3.08'),
(475, 118, 3, '3.11'),
(476, 118, 4, '3.18'),
(477, 119, 1, '3.2'),
(478, 119, 2, '3.2'),
(479, 119, 3, '3.23'),
(480, 119, 4, '3.31'),
(481, 120, 1, '3'),
(482, 120, 2, '2.82'),
(483, 120, 3, '2.81'),
(484, 120, 4, '3'),
(485, 121, 1, '2.14'),
(486, 121, 2, '1.7'),
(487, 121, 3, '1.86'),
(488, 121, 4, '1.8'),
(489, 122, 1, '3.25'),
(490, 122, 2, '3.24'),
(491, 122, 3, '3.22'),
(492, 122, 4, '3.26'),
(493, 123, 1, '2.84'),
(494, 123, 2, '1.49'),
(495, 123, 3, '1.6'),
(496, 123, 4, '2.04'),
(497, 124, 1, '2.18'),
(498, 124, 2, '2.05'),
(499, 124, 3, '1.81'),
(500, 124, 4, '2.02'),
(501, 125, 1, '2.05'),
(502, 125, 2, '1.75'),
(503, 125, 3, '1.94'),
(504, 125, 4, '2.12'),
(505, 126, 1, '3.02'),
(506, 126, 2, '2.66'),
(507, 126, 3, '2.68'),
(508, 126, 4, '2.68'),
(509, 127, 1, '2.77'),
(510, 127, 2, '2.82'),
(511, 127, 3, '2.97'),
(512, 127, 4, '3.12'),
(513, 128, 1, '0.41'),
(514, 128, 2, '0.26'),
(515, 128, 3, '0.39'),
(516, 128, 4, '0.38'),
(517, 129, 1, '0.9'),
(518, 129, 2, '0.79'),
(519, 129, 3, '0.61'),
(520, 129, 4, '0.8'),
(521, 130, 1, '2.66'),
(522, 130, 2, '2.51'),
(523, 130, 3, '2.39'),
(524, 130, 4, '2.55'),
(525, 131, 1, '0.36'),
(526, 131, 2, '0.24'),
(527, 131, 3, '0.59'),
(528, 131, 4, '0.5'),
(529, 132, 1, '2.18'),
(530, 132, 2, '2.04'),
(531, 132, 3, '1.99'),
(532, 132, 4, '2.23'),
(533, 133, 1, '2.39'),
(534, 133, 2, '2.51'),
(535, 133, 3, '2.56'),
(536, 133, 4, '2.69'),
(537, 134, 1, '2.64'),
(538, 134, 2, '2.02'),
(539, 134, 3, '2.14'),
(540, 134, 4, '2.02'),
(541, 135, 1, '2.83'),
(542, 135, 2, '2.37'),
(543, 135, 3, '2.39'),
(544, 135, 4, '2.62'),
(545, 136, 1, '2.95'),
(546, 136, 2, '2.87'),
(547, 136, 3, '2.85'),
(548, 136, 4, '2.87'),
(549, 137, 1, '2.68'),
(550, 137, 2, '1.88'),
(551, 137, 3, '1.88'),
(552, 137, 4, '1.44'),
(553, 138, 1, '3.05'),
(554, 138, 2, '3'),
(555, 138, 3, '2.2'),
(556, 138, 4, '2.4'),
(557, 139, 1, '2.84'),
(558, 139, 2, '2.79'),
(559, 139, 3, '2.06'),
(560, 139, 4, '2.4'),
(561, 140, 1, '3.07'),
(562, 140, 2, '3.01'),
(563, 140, 3, '3.09'),
(564, 140, 4, '3.07'),
(565, 141, 1, '3.25'),
(566, 141, 2, '3.33'),
(567, 141, 3, '3.45'),
(568, 141, 4, '3.43'),
(569, 142, 1, '3.3'),
(570, 142, 2, '1.69'),
(571, 142, 3, '1.75'),
(572, 142, 4, '1.9'),
(573, 143, 1, '3.39'),
(574, 143, 2, '3.44'),
(575, 143, 3, '3.46'),
(576, 143, 4, '3.3'),
(577, 144, 1, '2.89'),
(578, 144, 2, '2.79'),
(579, 144, 3, '2.94'),
(580, 144, 4, '2.73'),
(581, 145, 1, '2.82'),
(582, 145, 2, '2.85'),
(583, 145, 3, '2.87'),
(584, 145, 4, '2.81'),
(585, 146, 1, '2.18'),
(586, 146, 2, '2.33'),
(587, 146, 3, '1.7'),
(588, 146, 4, '1.9'),
(589, 147, 1, '2.98'),
(590, 147, 2, '2.51'),
(591, 147, 3, '2.43'),
(592, 147, 4, '2.38'),
(593, 148, 1, '3.16'),
(594, 148, 2, '3.32'),
(595, 148, 3, '3.29'),
(596, 148, 4, '3.23'),
(597, 149, 1, '3.18'),
(598, 149, 2, '2.88'),
(599, 149, 3, '2.74'),
(600, 149, 4, '2.79'),
(601, 150, 1, '3.16'),
(602, 150, 2, '2.77'),
(603, 150, 3, '0'),
(604, 150, 4, '2.72'),
(605, 151, 1, '2.73'),
(606, 151, 2, '2.6'),
(607, 151, 3, '2.58'),
(608, 151, 4, '2.63'),
(609, 152, 1, '2.84'),
(610, 152, 2, '2.63'),
(611, 152, 3, '2.71'),
(612, 152, 4, '2.63'),
(613, 153, 1, '1.55'),
(614, 153, 2, '1.9'),
(615, 153, 3, '1'),
(616, 153, 4, '2.63'),
(617, 154, 1, '2.27'),
(618, 154, 2, '1.9'),
(619, 154, 3, '1.92'),
(620, 154, 4, '1'),
(621, 155, 1, '3.3'),
(622, 155, 2, '3.1'),
(623, 155, 3, '3.3'),
(624, 155, 4, '3.27'),
(625, 156, 1, '3.36'),
(626, 156, 2, '3.34'),
(627, 156, 3, '3.44'),
(628, 156, 4, '3.46'),
(629, 157, 1, '2.64'),
(630, 157, 2, '2.73'),
(631, 157, 3, '2.57'),
(632, 157, 4, '0'),
(633, 158, 1, '2.64'),
(634, 158, 2, '2.49'),
(635, 158, 3, '2.24'),
(636, 158, 4, '1.91'),
(637, 159, 1, '3'),
(638, 159, 2, '2.96'),
(639, 159, 3, '2.76'),
(640, 159, 4, '2.63'),
(641, 160, 1, '3.36'),
(642, 160, 2, '3.4'),
(643, 160, 3, '2.76'),
(644, 160, 4, '3.35'),
(645, 161, 1, '2.8'),
(646, 161, 2, '2.77'),
(647, 161, 3, '2.84'),
(648, 161, 4, '2.15'),
(649, 162, 1, '2.8'),
(650, 162, 2, '2.39'),
(651, 162, 3, '0'),
(652, 162, 4, '2.51'),
(653, 163, 1, '2.93'),
(654, 163, 2, '2.95'),
(655, 163, 3, '2.98'),
(656, 163, 4, '2.94'),
(657, 164, 1, '3.07'),
(658, 164, 2, '3.17'),
(659, 164, 3, '3.1'),
(660, 164, 4, '3'),
(661, 165, 1, '2.41'),
(662, 165, 2, '1.39'),
(663, 165, 3, '1.8'),
(664, 165, 4, '2.93'),
(665, 166, 1, '2.16'),
(666, 166, 2, '1.71'),
(667, 166, 3, '1.36'),
(668, 166, 4, '1.25'),
(669, 167, 1, '2.05'),
(670, 167, 2, '1.34'),
(671, 167, 3, '1.52'),
(672, 167, 4, '1.63'),
(673, 168, 1, '3.02'),
(674, 168, 2, '2.88'),
(675, 168, 3, '2.79'),
(676, 168, 4, '2.78'),
(677, 169, 1, '2.48'),
(678, 169, 2, '2.49'),
(679, 169, 3, '2.26'),
(680, 169, 4, '2.18'),
(681, 170, 1, '2.77'),
(682, 170, 2, '2.52'),
(683, 170, 3, '2.58'),
(684, 170, 4, '2.44'),
(685, 171, 1, '3.36'),
(686, 171, 2, '3.43'),
(687, 171, 3, '3.5'),
(688, 171, 4, '3.47'),
(689, 172, 1, '3.3'),
(690, 172, 2, '3.33'),
(691, 172, 3, '3.29'),
(692, 172, 4, '3.3'),
(693, 173, 1, '2.73'),
(694, 173, 2, '2.44'),
(695, 173, 3, '2.41'),
(696, 173, 4, '2.4'),
(697, 174, 1, '3.45'),
(698, 174, 2, '3.35'),
(699, 174, 3, '3.23'),
(700, 174, 4, '3.1'),
(701, 175, 1, '2.77'),
(702, 175, 2, '2.77'),
(703, 175, 3, '2.81'),
(704, 175, 4, '2.85'),
(705, 176, 1, '1.55'),
(706, 176, 2, '1.69'),
(707, 176, 3, '1.76'),
(708, 176, 4, '1.63'),
(709, 177, 1, '1.73'),
(710, 177, 2, '1.91'),
(711, 177, 3, '1.85'),
(712, 177, 4, '1.83'),
(713, 178, 1, '2.66'),
(714, 178, 2, '2.37'),
(715, 178, 3, '2.05'),
(716, 178, 4, '2.1'),
(717, 179, 1, '1.82'),
(718, 179, 2, '1.56'),
(719, 179, 3, '1.17'),
(720, 179, 4, '0.93'),
(721, 180, 1, '2.73'),
(722, 180, 2, '2.63'),
(723, 180, 3, '2.67'),
(724, 180, 4, '2.63'),
(725, 181, 1, '3.09'),
(726, 181, 2, '2.98'),
(727, 181, 3, '2.98'),
(728, 181, 4, '2.9'),
(729, 182, 1, '3.3'),
(730, 182, 2, '3.11'),
(731, 182, 3, '3.08'),
(732, 182, 4, '3.06'),
(733, 183, 1, '2.95'),
(734, 183, 2, '2.78'),
(735, 183, 3, '2.84'),
(736, 183, 4, '2.39'),
(737, 184, 1, '3'),
(738, 184, 2, '2.92'),
(739, 184, 3, '3.01'),
(740, 184, 4, '3.02'),
(741, 185, 1, '2.68'),
(742, 185, 2, '2.53'),
(743, 185, 3, '2.22'),
(744, 185, 4, '2.15'),
(745, 186, 1, '3.3'),
(746, 186, 2, '3.25'),
(747, 186, 3, '3.35'),
(748, 186, 4, '3.39'),
(749, 187, 1, '2.52'),
(750, 187, 2, '2.23'),
(751, 187, 3, '2.38'),
(752, 187, 4, '2.49'),
(753, 188, 1, '1.41'),
(754, 188, 2, '1.77'),
(755, 188, 3, '2.12'),
(756, 188, 4, '2.25'),
(757, 189, 1, '3.2'),
(758, 189, 2, '3.29'),
(759, 189, 3, '3.24'),
(760, 189, 4, '3.1'),
(761, 190, 1, '2.86'),
(762, 190, 2, '2.81'),
(763, 190, 3, '2.78'),
(764, 190, 4, '2.73'),
(765, 191, 1, '2.55'),
(766, 191, 2, '2.29'),
(767, 191, 3, '2.23'),
(768, 191, 4, '1.93'),
(769, 192, 1, '3.14'),
(770, 192, 2, '3.2'),
(771, 192, 3, '3.18'),
(772, 192, 4, '2.92'),
(773, 193, 1, '2.93'),
(774, 193, 2, '2.82'),
(775, 193, 3, '2.85'),
(776, 193, 4, '2.8'),
(777, 194, 1, '2.64'),
(778, 194, 2, '2.71'),
(779, 194, 3, '2.53'),
(780, 194, 4, '2.48'),
(781, 195, 1, '2.77'),
(782, 195, 2, '2.59'),
(783, 195, 3, '2.55'),
(784, 195, 4, '2.59'),
(785, 196, 1, '2.84'),
(786, 196, 2, '2.63'),
(787, 196, 3, '2.55'),
(788, 196, 4, '2.48'),
(789, 197, 1, '2.14'),
(790, 197, 2, '2.01'),
(791, 197, 3, '2.21'),
(792, 197, 4, '1.85'),
(793, 198, 1, '3.05'),
(794, 198, 2, '2.98'),
(795, 198, 3, '3.02'),
(796, 198, 4, '2.88'),
(797, 199, 1, '2.27'),
(798, 199, 2, '1.68'),
(799, 199, 3, '1.56'),
(800, 199, 4, '1.25'),
(801, 200, 1, '2.89'),
(802, 200, 2, '3.06'),
(803, 200, 3, '3.04'),
(804, 200, 4, '2.71'),
(805, 201, 1, '2.93'),
(806, 201, 2, '2.81'),
(807, 201, 3, '2.62'),
(808, 201, 4, '2.5'),
(809, 202, 1, '3.05'),
(810, 202, 2, '3.13'),
(811, 202, 3, '3.13'),
(812, 202, 4, '3.13'),
(813, 203, 1, '2.43'),
(814, 203, 2, '2.04'),
(815, 203, 3, '2.01'),
(816, 203, 4, '1.93'),
(817, 204, 1, '2.41'),
(818, 204, 2, '2.05'),
(819, 204, 3, '1.83'),
(820, 204, 4, '1.64'),
(821, 205, 1, '2.68'),
(822, 205, 2, '2.23'),
(823, 205, 3, '2.15'),
(824, 205, 4, '2.15'),
(825, 206, 1, '3'),
(826, 206, 2, '2.87'),
(827, 206, 3, '2.78'),
(828, 206, 4, '2.58'),
(829, 207, 1, '1.82'),
(830, 207, 2, '1.94'),
(831, 207, 3, '1.83'),
(832, 207, 4, '2.03'),
(833, 208, 1, '3.32'),
(834, 208, 2, '3.24'),
(835, 208, 3, '3.1'),
(836, 208, 4, '3.08'),
(837, 209, 1, '2.64'),
(838, 209, 2, '2.38'),
(839, 209, 3, '2.15'),
(840, 209, 4, '2.02'),
(841, 210, 1, '2.39'),
(842, 210, 2, '2.15'),
(843, 210, 3, '1.87'),
(844, 210, 4, '1.65'),
(845, 211, 1, '2.91'),
(846, 211, 2, '3.01'),
(847, 211, 3, '2.98'),
(848, 211, 4, '2.99'),
(849, 212, 1, '3.48'),
(850, 212, 2, '3.14'),
(851, 212, 3, '3.28'),
(852, 212, 4, '2.88'),
(853, 213, 1, '3.45'),
(854, 213, 2, '3.46'),
(855, 213, 3, '3.43'),
(856, 213, 4, '3.24'),
(857, 214, 1, '2.68'),
(858, 214, 2, '2.86'),
(859, 214, 3, '3.06'),
(860, 214, 4, '3.08'),
(861, 215, 1, '1.95'),
(862, 215, 2, '2.29'),
(863, 215, 3, '2.31'),
(864, 215, 4, '2.47'),
(865, 216, 1, '3'),
(866, 216, 2, '3.11'),
(867, 216, 3, '3.18'),
(868, 216, 4, '3.2'),
(869, 217, 1, '3.2'),
(870, 217, 2, '3.32'),
(871, 217, 3, '3.4'),
(872, 217, 4, '3.39'),
(873, 218, 1, '1.05'),
(874, 218, 2, '1.35'),
(875, 218, 3, '1.41'),
(876, 218, 4, '1.33'),
(877, 219, 1, '3.07'),
(878, 219, 2, '3.27'),
(879, 219, 3, '3.24'),
(880, 219, 4, '3.28'),
(881, 220, 1, '2.23'),
(882, 220, 2, '2.48'),
(883, 220, 3, '2.67'),
(884, 220, 4, '2.69'),
(885, 221, 1, '3.07'),
(886, 221, 2, '3.28'),
(887, 221, 3, '3.37'),
(888, 221, 4, '3.37'),
(889, 222, 1, '2.86'),
(890, 222, 2, '2.68'),
(891, 222, 3, '2.79'),
(892, 222, 4, '2.68'),
(893, 223, 1, '2.8'),
(894, 223, 2, '2.7'),
(895, 223, 3, '2.95'),
(896, 223, 4, '2.93'),
(897, 224, 1, '2.35'),
(898, 224, 2, '2.58'),
(899, 224, 3, '2.52'),
(900, 224, 4, '2.7'),
(901, 225, 1, '2.75'),
(902, 225, 2, '2.76'),
(903, 225, 3, '2.93'),
(904, 225, 4, '2.96'),
(905, 226, 1, '2.14'),
(906, 226, 2, '2.19'),
(907, 226, 3, '1.51'),
(908, 226, 4, '1'),
(909, 227, 1, '3.11'),
(910, 227, 2, '3.39'),
(911, 227, 3, '3.46'),
(912, 227, 4, '3.45'),
(913, 228, 1, '0'),
(914, 228, 2, '2'),
(915, 228, 3, '2.09'),
(916, 228, 4, '2'),
(917, 229, 1, '2.36'),
(918, 229, 2, '2.83'),
(919, 229, 3, '2.91'),
(920, 229, 4, '2.39'),
(921, 230, 1, '2.41'),
(922, 230, 2, '2.94'),
(923, 230, 3, '2.91'),
(924, 230, 4, '2.66'),
(925, 231, 1, '2.77'),
(926, 231, 2, '1.77'),
(927, 231, 3, '1.1'),
(928, 231, 4, '2.87'),
(929, 232, 1, '1.25'),
(930, 232, 2, '3.34'),
(931, 232, 3, '3.29'),
(932, 232, 4, '0.85'),
(933, 233, 1, '1.25'),
(934, 233, 2, '3.34'),
(935, 233, 3, '3.29'),
(936, 233, 4, '0.85'),
(937, 234, 1, '3.2'),
(938, 234, 2, '3.09'),
(939, 234, 3, '3.13'),
(940, 234, 4, '3.31'),
(941, 235, 1, '3'),
(942, 235, 2, '2.83'),
(943, 235, 3, '2.93'),
(944, 235, 4, '3.09'),
(945, 236, 1, '2.82'),
(946, 236, 2, '2.3'),
(947, 236, 3, '2.55'),
(948, 236, 4, '2.96'),
(949, 237, 1, '2.14'),
(950, 237, 2, '3.07'),
(951, 237, 3, '2.67'),
(952, 237, 4, '2.6'),
(953, 238, 1, '2.75'),
(954, 238, 2, '2.66'),
(955, 238, 3, '2.81'),
(956, 238, 4, '2.87'),
(957, 239, 1, '2.36'),
(958, 239, 2, '2.88'),
(959, 239, 3, '2.99'),
(960, 239, 4, '2.65'),
(961, 240, 1, '2.73'),
(962, 240, 2, '2.9'),
(963, 240, 3, '2.96'),
(964, 240, 4, '2.82'),
(965, 241, 1, '2.84'),
(966, 241, 2, '2.36'),
(967, 241, 3, '2.59'),
(968, 241, 4, '2.88'),
(969, 242, 1, '2.3'),
(970, 242, 2, '2.81'),
(971, 242, 3, '2.81'),
(972, 242, 4, '2.66'),
(973, 243, 1, '2.59'),
(974, 243, 2, '2.83'),
(975, 243, 3, '2.59'),
(976, 243, 4, '2.81'),
(977, 244, 1, '0'),
(978, 244, 2, '2.58'),
(979, 244, 3, '2.74'),
(980, 244, 4, '2'),
(981, 245, 1, '2.73'),
(982, 245, 2, '3.41'),
(983, 245, 3, '3.38'),
(984, 245, 4, '2.65'),
(985, 246, 1, '2.45'),
(986, 246, 2, '2.2'),
(987, 246, 3, '1.63'),
(988, 246, 4, '2.65'),
(989, 247, 1, '0'),
(990, 247, 2, '2.51'),
(991, 247, 3, '2.67'),
(992, 247, 4, '2.5'),
(993, 248, 1, '3.39'),
(994, 248, 2, '2.46'),
(995, 248, 3, '2.43'),
(996, 248, 4, '3.35'),
(997, 249, 1, '2.41'),
(998, 249, 2, '0.76'),
(999, 249, 3, '0.76'),
(1000, 249, 4, '3.35'),
(1001, 250, 1, '2.43'),
(1002, 250, 2, '1.21'),
(1003, 250, 3, '1.33'),
(1004, 250, 4, '2.59'),
(1005, 251, 1, '2.43'),
(1006, 251, 2, '3.15'),
(1007, 251, 3, '3.09'),
(1008, 251, 4, '2.09'),
(1009, 252, 1, '0'),
(1010, 252, 2, '2.73'),
(1011, 252, 3, '2.94'),
(1012, 252, 4, '2.75'),
(1013, 253, 1, '1'),
(1014, 253, 2, '0.47'),
(1015, 253, 3, '0.47'),
(1016, 253, 4, '0'),
(1017, 254, 1, '0.68'),
(1018, 254, 2, '2.86'),
(1019, 254, 3, '2.85'),
(1020, 254, 4, '2.75'),
(1021, 255, 1, '0'),
(1022, 255, 2, '2.8'),
(1023, 255, 3, '2.84'),
(1024, 255, 4, '2.5'),
(1025, 256, 1, '0.73'),
(1026, 256, 2, '2.51'),
(1027, 256, 3, '2.56'),
(1028, 256, 4, '1.36'),
(1029, 257, 1, '3.34'),
(1030, 257, 2, '2.24'),
(1031, 257, 3, '2.59'),
(1032, 257, 4, '2.74'),
(1033, 258, 1, '2.68'),
(1034, 258, 2, '2.9'),
(1035, 258, 3, '2.97'),
(1036, 258, 4, '2.99'),
(1037, 259, 1, '0.73'),
(1038, 259, 2, '2.03'),
(1039, 259, 3, '2.15'),
(1040, 259, 4, '0.47'),
(1041, 260, 1, '2.8'),
(1042, 260, 2, '2.19'),
(1043, 260, 3, '2.28'),
(1044, 260, 4, '2.76'),
(1045, 261, 1, '2.82'),
(1046, 261, 2, '2.58'),
(1047, 261, 3, '2.78'),
(1048, 261, 4, '2.69'),
(1049, 262, 1, '2.2'),
(1050, 262, 2, '2'),
(1051, 262, 3, '2.81'),
(1052, 262, 4, '2.5'),
(1053, 263, 1, '2.09'),
(1054, 263, 2, '2.32'),
(1055, 263, 3, '2.5'),
(1056, 263, 4, '2.75'),
(1057, 264, 1, '2.09'),
(1058, 264, 2, '0.91'),
(1059, 264, 3, '2.59'),
(1060, 264, 4, '2.34'),
(1061, 265, 1, '2.86'),
(1062, 265, 2, '3.42'),
(1063, 265, 3, '2.97'),
(1064, 265, 4, '2.9'),
(1065, 266, 1, '2.36'),
(1066, 266, 2, '2.97'),
(1067, 266, 3, '2.15'),
(1068, 266, 4, '1.89'),
(1069, 267, 1, '1.95'),
(1070, 267, 2, '2.54'),
(1071, 267, 3, '2.28'),
(1072, 267, 4, '2.43'),
(1073, 268, 1, '2.84'),
(1074, 268, 2, '2.48'),
(1075, 268, 3, '2.78'),
(1076, 268, 4, '2.78'),
(1077, 269, 1, '2.7'),
(1078, 269, 2, '1.63'),
(1079, 269, 3, '2.81'),
(1080, 269, 4, '2.74'),
(1081, 270, 1, '2.05'),
(1082, 270, 2, '3.1'),
(1083, 270, 3, '2.32'),
(1084, 270, 4, '2.22'),
(1085, 271, 1, '0.77'),
(1086, 271, 2, '1.29'),
(1087, 271, 3, '0.91'),
(1088, 271, 4, '0.79'),
(1089, 272, 1, '3.36'),
(1090, 272, 2, '3.66'),
(1091, 272, 3, '3.43'),
(1092, 272, 4, '3.45'),
(1093, 273, 1, '3.05'),
(1094, 273, 2, '2.15'),
(1095, 273, 3, '2.95'),
(1096, 273, 4, '2.92'),
(1097, 274, 1, '2.59'),
(1098, 274, 2, '2.7'),
(1099, 274, 3, '2.72'),
(1100, 274, 4, '2.64'),
(1101, 275, 1, '2.41'),
(1102, 275, 2, '2.76'),
(1103, 275, 3, '2.54'),
(1104, 275, 4, '2.33'),
(1105, 276, 1, '1.73'),
(1106, 276, 2, '2.25'),
(1107, 276, 3, '2'),
(1108, 276, 4, '2.5'),
(1109, 277, 1, '0'),
(1110, 277, 2, '0.88'),
(1111, 277, 3, '1'),
(1112, 277, 4, '1.9'),
(1113, 278, 1, '1.52'),
(1114, 278, 2, '1.22'),
(1115, 278, 3, '1.5'),
(1116, 278, 4, '1.75'),
(1117, 279, 1, '1.52'),
(1118, 279, 2, '2.69'),
(1119, 279, 3, '1.56'),
(1120, 279, 4, '1.32'),
(1121, 280, 1, '3.16'),
(1122, 280, 2, '1.55'),
(1123, 280, 3, '3.09'),
(1124, 280, 4, '3.15'),
(1125, 281, 1, '1.55'),
(1126, 281, 2, '1.61'),
(1127, 281, 3, '1.7'),
(1128, 281, 4, '1.9'),
(1129, 282, 1, '3.73'),
(1130, 282, 2, '1.73'),
(1131, 282, 3, '3.7'),
(1132, 282, 4, '3.72'),
(1133, 283, 1, '2.68'),
(1134, 283, 2, '1.08'),
(1135, 283, 3, '2.45'),
(1136, 283, 4, '2.51'),
(1137, 284, 1, '2.7'),
(1138, 284, 2, '2.89'),
(1139, 284, 3, '2.93'),
(1140, 284, 4, '2.87'),
(1141, 285, 1, '2.95'),
(1142, 285, 2, '3.15'),
(1143, 285, 3, '2.87'),
(1144, 285, 4, '2.88'),
(1145, 286, 1, '2.23'),
(1146, 286, 2, '2.6'),
(1147, 286, 3, '2.41'),
(1148, 286, 4, '2.28'),
(1149, 287, 1, '0.59'),
(1150, 287, 2, '0.95'),
(1151, 287, 3, '0.8'),
(1152, 287, 4, '0.62'),
(1153, 288, 1, '1.59'),
(1154, 288, 2, '2.67'),
(1155, 288, 3, '0'),
(1156, 288, 4, '0'),
(1157, 289, 1, '2.45'),
(1158, 289, 2, '1.03'),
(1159, 289, 3, '2.66'),
(1160, 289, 4, '2.86'),
(1161, 290, 1, '2.09'),
(1162, 290, 2, '0.71'),
(1163, 290, 3, '1.54'),
(1164, 290, 4, '1.35'),
(1165, 291, 1, '1.77'),
(1166, 291, 2, '2.06'),
(1167, 291, 3, '1.9'),
(1168, 291, 4, '2'),
(1169, 292, 1, '0'),
(1170, 292, 2, '2.75'),
(1171, 292, 3, '2'),
(1172, 292, 4, '1.9'),
(1173, 293, 1, '1.15'),
(1174, 293, 2, '2.14'),
(1175, 293, 3, '2.14'),
(1176, 293, 4, '2.32'),
(1177, 294, 1, '0.78'),
(1178, 294, 2, '1.05'),
(1179, 294, 3, '1.05'),
(1180, 294, 4, '0.84'),
(1181, 295, 1, '2.34'),
(1182, 295, 2, '2.98'),
(1183, 295, 3, '2.98'),
(1184, 295, 4, '3.08'),
(1185, 296, 1, '2.98'),
(1186, 296, 2, '3.16'),
(1187, 296, 3, '3.16'),
(1188, 296, 4, '3'),
(1189, 297, 1, '2.64'),
(1190, 297, 2, '2.54'),
(1191, 297, 3, '2.54'),
(1192, 297, 4, '2.66'),
(1193, 298, 1, '0.95'),
(1194, 298, 2, '0.79'),
(1195, 298, 3, '0.79'),
(1196, 298, 4, '0'),
(1197, 299, 1, '2.63'),
(1198, 299, 2, '2.94'),
(1199, 299, 3, '2.94'),
(1200, 299, 4, '2.94'),
(1201, 300, 1, '1.27'),
(1202, 300, 2, '1.07'),
(1203, 300, 3, '1.07'),
(1204, 300, 4, '1.9'),
(1205, 301, 1, '1.09'),
(1206, 301, 2, '2.73'),
(1207, 301, 3, '2.73'),
(1208, 301, 4, '2.75'),
(1209, 302, 1, '0.39'),
(1210, 302, 2, '2.77'),
(1211, 302, 3, '2.5'),
(1212, 302, 4, '2.75'),
(1213, 303, 1, '0'),
(1214, 303, 2, '2.64'),
(1215, 303, 3, '2.5'),
(1216, 303, 4, '2.5'),
(1217, 304, 1, '0.95'),
(1218, 304, 2, '3.54'),
(1219, 304, 3, '3'),
(1220, 304, 4, '3.5'),
(1221, 305, 1, '1.9'),
(1222, 305, 2, '2.06'),
(1223, 305, 3, '2.73'),
(1224, 305, 4, '2.83'),
(1225, 306, 1, '2.63'),
(1226, 306, 2, '2.75'),
(1227, 306, 3, '2.77'),
(1228, 306, 4, '2.56'),
(1229, 307, 1, '2.45'),
(1230, 307, 2, '2.69'),
(1231, 307, 3, '2.64'),
(1232, 307, 4, '2.47'),
(1233, 308, 1, '2.55'),
(1234, 308, 2, '2.01'),
(1235, 308, 3, '2.04'),
(1236, 308, 4, '2.23'),
(1237, 309, 1, '2.89'),
(1238, 309, 2, '2.89'),
(1239, 309, 3, '2.83'),
(1240, 309, 4, '2.73'),
(1241, 310, 1, '0.64'),
(1242, 310, 2, '0.41'),
(1243, 310, 3, '1.25'),
(1244, 310, 4, '1.5'),
(1245, 311, 1, '2.82'),
(1246, 311, 2, '2.81'),
(1247, 311, 3, '2.8'),
(1248, 311, 4, '2.57'),
(1249, 312, 1, '2.59'),
(1250, 312, 2, '2.52'),
(1251, 312, 3, '2.61'),
(1252, 312, 4, '2.74'),
(1253, 313, 1, '3.09'),
(1254, 313, 2, '3.23'),
(1255, 313, 3, '3.25'),
(1256, 313, 4, '3.23'),
(1257, 314, 1, '2.8'),
(1258, 314, 2, '1.99'),
(1259, 314, 3, '1.97'),
(1260, 314, 4, '1.97'),
(1261, 315, 1, '3.23'),
(1262, 315, 2, '3.24'),
(1263, 315, 3, '3.15'),
(1264, 315, 4, '3.04'),
(1265, 316, 1, '3.27'),
(1266, 316, 2, '1.72'),
(1267, 316, 3, '2'),
(1268, 316, 4, '1.9'),
(1269, 317, 1, '3.2'),
(1270, 317, 2, '1.97'),
(1271, 317, 3, '2.13'),
(1272, 317, 4, '2.17'),
(1273, 318, 1, '3.18'),
(1274, 318, 2, '3.02'),
(1275, 318, 3, '2.97'),
(1276, 318, 4, '2.79'),
(1277, 319, 1, '2.91'),
(1278, 319, 2, '1.79'),
(1279, 319, 3, '1.42'),
(1280, 319, 4, '1.62'),
(1281, 320, 1, '2.91'),
(1282, 320, 2, '2.33'),
(1283, 320, 3, '2.41'),
(1284, 320, 4, '2.58'),
(1285, 321, 1, '3.16'),
(1286, 321, 2, '3.23'),
(1287, 321, 3, '3.12'),
(1288, 321, 4, '3.14'),
(1289, 322, 1, '2.36'),
(1290, 322, 2, '1.53'),
(1291, 322, 3, '2.21'),
(1292, 322, 4, '1.9'),
(1293, 323, 1, '3.23'),
(1294, 323, 2, '3.03'),
(1295, 323, 3, '3.09'),
(1296, 323, 4, '3.13'),
(1297, 324, 1, '3.23'),
(1298, 324, 2, '2.3'),
(1299, 324, 3, '2.3'),
(1300, 324, 4, '2.5'),
(1301, 325, 1, '2.57'),
(1302, 325, 2, '1.89'),
(1303, 325, 3, '1.96'),
(1304, 325, 4, '1.96'),
(1305, 326, 1, '2.14'),
(1306, 326, 2, '1.18'),
(1307, 326, 3, '0.98'),
(1308, 326, 4, '2'),
(1309, 327, 1, '2.8'),
(1310, 327, 2, '2.76'),
(1311, 327, 3, '2.85'),
(1312, 327, 4, '2.79'),
(1313, 328, 1, '2.8'),
(1314, 328, 2, '2.76'),
(1315, 328, 3, '2.21'),
(1316, 328, 4, '1.99'),
(1317, 329, 1, '2.7'),
(1318, 329, 2, '2.3'),
(1319, 329, 3, '2.74'),
(1320, 329, 4, '2.8'),
(1321, 330, 1, '2.84'),
(1322, 330, 2, '2.75'),
(1323, 330, 3, '2.95'),
(1324, 330, 4, '3'),
(1325, 331, 1, '0.64'),
(1326, 331, 2, '0'),
(1327, 331, 3, '2.95'),
(1328, 331, 4, '3.06'),
(1329, 332, 1, '3.39'),
(1330, 332, 2, '3.21'),
(1331, 332, 3, '2.35'),
(1332, 332, 4, '2.72'),
(1333, 333, 1, '2.5'),
(1334, 333, 2, '1.14'),
(1335, 333, 3, '2.77'),
(1336, 333, 4, '2.76'),
(1337, 334, 1, '3.02'),
(1338, 334, 2, '2.75'),
(1339, 334, 3, '2.04'),
(1340, 334, 4, '2.09'),
(1341, 335, 1, '2.23'),
(1342, 335, 2, '1.82'),
(1343, 335, 3, '1.9'),
(1344, 335, 4, '2'),
(1345, 336, 1, '2.68'),
(1346, 336, 2, '0'),
(1347, 336, 3, '2.4'),
(1348, 336, 4, '2.64'),
(1349, 337, 1, '3.02'),
(1350, 337, 2, '2.46'),
(1351, 337, 3, '2.98'),
(1352, 337, 4, '3.05'),
(1353, 338, 1, '3.23'),
(1354, 338, 2, '3.05'),
(1355, 338, 3, '2.7'),
(1356, 338, 4, '2.81'),
(1357, 339, 1, '3.18'),
(1358, 339, 2, '2.99'),
(1359, 339, 3, '3'),
(1360, 339, 4, '3.05'),
(1361, 340, 1, '0.86'),
(1362, 340, 2, '0'),
(1363, 340, 3, '3.21'),
(1364, 340, 4, '3.17'),
(1365, 341, 1, '3.16'),
(1366, 341, 2, '3.24'),
(1367, 341, 3, '3.39'),
(1368, 341, 4, '0'),
(1369, 342, 1, '1.68'),
(1370, 342, 2, '1.31'),
(1371, 342, 3, '2.17'),
(1372, 342, 4, '2.46'),
(1373, 343, 1, '2.64'),
(1374, 343, 2, '2'),
(1375, 343, 3, '2.98'),
(1376, 343, 4, '3'),
(1377, 344, 1, '3.41'),
(1378, 344, 2, '2.91'),
(1379, 344, 3, '3.24'),
(1380, 344, 4, '3.18'),
(1381, 345, 1, '3.16'),
(1382, 345, 2, '3.18'),
(1383, 345, 3, '2.98'),
(1384, 345, 4, '2.86'),
(1385, 346, 1, '3.05'),
(1386, 346, 2, '3.01'),
(1387, 346, 3, '2.85'),
(1388, 346, 4, '2.74'),
(1389, 347, 1, '2.8'),
(1390, 347, 2, '2.89'),
(1391, 347, 3, '1.85'),
(1392, 347, 4, '1.6'),
(1393, 348, 1, '3.3'),
(1394, 348, 2, '3.36'),
(1395, 348, 3, '3.37'),
(1396, 348, 4, '3.39'),
(1397, 349, 1, '3.41'),
(1398, 349, 2, '3.41'),
(1399, 349, 3, '3.15'),
(1400, 349, 4, '3.15'),
(1401, 350, 1, '1.5'),
(1402, 350, 2, '0.92'),
(1403, 350, 3, '1.9'),
(1404, 350, 4, '2'),
(1405, 351, 1, '3.05'),
(1406, 351, 2, '2.85'),
(1407, 351, 3, '2.8'),
(1408, 351, 4, '2.78'),
(1409, 352, 1, '0.68'),
(1410, 352, 2, '0.44'),
(1411, 352, 3, '1'),
(1412, 352, 4, '1.5'),
(1413, 353, 1, '1.98'),
(1414, 353, 2, '2.49'),
(1415, 353, 3, '2.63'),
(1416, 353, 4, '2.82'),
(1417, 354, 1, '0.64'),
(1418, 354, 2, '0.75'),
(1419, 354, 3, '0.85'),
(1420, 354, 4, '0.9'),
(1421, 355, 1, '1.23'),
(1422, 355, 2, '1.3'),
(1423, 355, 3, '1.5'),
(1424, 355, 4, '1.7'),
(1425, 356, 1, '3.11'),
(1426, 356, 2, '1.64'),
(1427, 356, 3, '1.9'),
(1428, 356, 4, '1.95'),
(1429, 357, 1, '3.11'),
(1430, 357, 2, '2.92'),
(1431, 357, 3, '2.49'),
(1432, 357, 4, '2.38'),
(1433, 358, 1, '2.11'),
(1434, 358, 2, '1.34'),
(1435, 358, 3, '1.07'),
(1436, 358, 4, '1.32'),
(1437, 359, 1, '3.14'),
(1438, 359, 2, '2.85'),
(1439, 359, 3, '2.47'),
(1440, 359, 4, '2.41'),
(1441, 360, 1, '2.66'),
(1442, 360, 2, '2.68'),
(1443, 360, 3, '2.27'),
(1444, 360, 4, '2.27'),
(1445, 361, 1, '0.32'),
(1446, 361, 2, '0.32'),
(1447, 361, 3, '0.21'),
(1448, 361, 4, '0.35'),
(1449, 362, 1, '3.14'),
(1450, 362, 2, '3.01'),
(1451, 362, 3, '2.77'),
(1452, 362, 4, '2.83'),
(1453, 363, 1, '2.64'),
(1454, 363, 2, '2.9'),
(1455, 363, 3, '2.55'),
(1456, 363, 4, '2.22'),
(1457, 364, 1, '2.98'),
(1458, 364, 2, '2.93'),
(1459, 364, 3, '2.76'),
(1460, 364, 4, '2.76'),
(1461, 365, 1, '1.59'),
(1462, 365, 2, '1.36'),
(1463, 365, 3, '1.39'),
(1464, 365, 4, '1.68'),
(1465, 366, 1, '0.91'),
(1466, 366, 2, '0.59'),
(1467, 366, 3, '0.6'),
(1468, 366, 4, '0.9'),
(1469, 367, 1, '2.86'),
(1470, 367, 2, '2.95'),
(1471, 367, 3, '2.94'),
(1472, 367, 4, '3.01'),
(1473, 368, 1, '3.16'),
(1474, 368, 2, '3.23'),
(1475, 368, 3, '3.17'),
(1476, 368, 4, '3.05'),
(1477, 369, 1, '2.7'),
(1478, 369, 2, '2.81'),
(1479, 369, 3, '2.65'),
(1480, 369, 4, '2.38'),
(1481, 370, 1, '3.18'),
(1482, 370, 2, '3.24'),
(1483, 370, 3, '3.24'),
(1484, 370, 4, '3.18'),
(1485, 371, 1, '1.32'),
(1486, 371, 2, '1.25'),
(1487, 371, 3, '1.5'),
(1488, 371, 4, '1.7'),
(1489, 372, 1, '2.11'),
(1490, 372, 2, '1.88'),
(1491, 372, 3, '1.46'),
(1492, 372, 4, '1.2'),
(1493, 373, 1, '2.98'),
(1494, 373, 2, '3.05'),
(1495, 373, 3, '2.67'),
(1496, 373, 4, '2.58'),
(1497, 374, 1, '3.25'),
(1498, 374, 2, '3.21'),
(1499, 374, 3, '3.02'),
(1500, 374, 4, '3'),
(1501, 375, 1, '2.43'),
(1502, 375, 2, '2.46'),
(1503, 375, 3, '2.3'),
(1504, 375, 4, '2.24'),
(1505, 376, 1, '2.43'),
(1506, 376, 2, '2.28'),
(1507, 376, 3, '2.26'),
(1508, 376, 4, '2.05'),
(1509, 377, 1, '3'),
(1510, 377, 2, '1.99'),
(1511, 377, 3, '2'),
(1512, 377, 4, '3');

-- --------------------------------------------------------

--
-- Struktur dari tabel `overview`
--

CREATE TABLE `overview` (
  `id` int(11) NOT NULL,
  `judul` varchar(225) NOT NULL,
  `konten` text NOT NULL
) ENGINE=InnoDB DEFAULT CHARSET=utf8mb4;

--
-- Dumping data untuk tabel `overview`
--

INSERT INTO `overview` (`id`, `judul`, `konten`) VALUES
(1, 'SYSTEM PREDIKSI LAMA STUDI MAHASISWA PROGRAM STUDI ARSITEKTUR UNWIRA', '<p><strong>Lorem ipsum</strong>, dolor sit amet consectetur adipisicing elit. Voluptatibus atque ea vero, tempore ducimus maiores rem saepe amet vitae facere dignissimos iure similique reprehenderit quo enim rerum repudiandae, impedit cumque? Error perspiciatis nesciunt explicabo consectetur fugiat minima nisi, molestias suscipit beatae ullam. Sed dolorum fugiat ipsam ex vitae quos, adipisci blanditiis accusantium corrupti sint quas nam ullam ab. Facilis nisi a dolores iure dicta maxime quam repellat? Cum fuga facilis vero optio? Itaque porro hic laudantium cumque minima mollitia quo libero deserunt maiores beatae, obcaecati ut veritatis, quod ratione, eaque temporibus. Voluptatem minus voluptatum reprehenderit possimus soluta? Tenetur, quas. Necessitatibus?</p>\r\n');

-- --------------------------------------------------------

--
-- Struktur dari tabel `predict_latih`
--

CREATE TABLE `predict_latih` (
  `id_predict_latih` int(11) NOT NULL,
  `id_latih` int(11) NOT NULL,
  `id_atribut` int(11) NOT NULL,
  `id_atribut_sub` int(11) NOT NULL
) ENGINE=InnoDB DEFAULT CHARSET=utf8mb4;

-- --------------------------------------------------------

--
-- Struktur dari tabel `spa_latih`
--

CREATE TABLE `spa_latih` (
  `id_spa_latih` int(11) NOT NULL,
  `id_latih` int(11) NOT NULL,
  `id_status_spa` int(11) NOT NULL,
  `nilai_spa` char(10) NOT NULL
) ENGINE=InnoDB DEFAULT CHARSET=utf8mb4;

--
-- Dumping data untuk tabel `spa_latih`
--

INSERT INTO `spa_latih` (`id_spa_latih`, `id_latih`, `id_status_spa`, `nilai_spa`) VALUES
(12792, 2, 1, '2.5'),
(12793, 2, 2, '2'),
(12794, 2, 3, '0'),
(12795, 2, 4, '0'),
(12796, 2, 5, '0'),
(12797, 2, 6, '0'),
(12798, 4, 1, '2'),
(12799, 4, 2, '0'),
(12800, 4, 3, '0'),
(12801, 4, 4, '0'),
(12802, 4, 5, '0'),
(12803, 4, 6, '0'),
(12804, 6, 1, '2'),
(12805, 6, 2, '2'),
(12806, 6, 3, '2.5'),
(12807, 6, 4, '2'),
(12808, 6, 5, '2.5'),
(12809, 6, 6, '2'),
(12810, 8, 1, '3.75'),
(12811, 8, 2, '2.5'),
(12812, 8, 3, '2'),
(12813, 8, 4, '2'),
(12814, 8, 5, '2.5'),
(12815, 8, 6, '3'),
(12816, 10, 1, '2'),
(12817, 10, 2, '2'),
(12818, 10, 3, '2'),
(12819, 10, 4, '3'),
(12820, 10, 5, '3'),
(12821, 10, 6, '2.5'),
(12822, 12, 1, '2'),
(12823, 12, 2, '2'),
(12824, 12, 3, '2'),
(12825, 12, 4, '2'),
(12826, 12, 5, '3'),
(12827, 12, 6, '3.5'),
(12828, 14, 1, '3.5'),
(12829, 14, 2, '2.5'),
(12830, 14, 3, '2.5'),
(12831, 14, 4, '2.5'),
(12832, 14, 5, '3'),
(12833, 14, 6, '3.5'),
(12834, 16, 1, '2'),
(12835, 16, 2, '3'),
(12836, 16, 3, '2'),
(12837, 16, 4, '2'),
(12838, 16, 5, '3.75'),
(12839, 16, 6, '3.5'),
(12840, 18, 1, '2'),
(12841, 18, 2, '2.5'),
(12842, 18, 3, '2'),
(12843, 18, 4, '2'),
(12844, 18, 5, '3'),
(12845, 18, 6, '3.5'),
(12846, 20, 1, '0'),
(12847, 20, 2, '2.5'),
(12848, 20, 3, '0'),
(12849, 20, 4, '2'),
(12850, 20, 5, '2'),
(12851, 20, 6, '2'),
(12852, 22, 1, '0'),
(12853, 22, 2, '0'),
(12854, 22, 3, '0'),
(12855, 22, 4, '0'),
(12856, 22, 5, '0'),
(12857, 22, 6, '0'),
(12858, 24, 1, '3'),
(12859, 24, 2, '2.5'),
(12860, 24, 3, '2.5'),
(12861, 24, 4, '2'),
(12862, 24, 5, '3.75'),
(12863, 24, 6, '3.75'),
(12864, 26, 1, '0'),
(12865, 26, 2, '0'),
(12866, 26, 3, '0'),
(12867, 26, 4, '0'),
(12868, 26, 5, '0'),
(12869, 26, 6, '0'),
(12870, 28, 1, '0'),
(12871, 28, 2, '0'),
(12872, 28, 3, '0'),
(12873, 28, 4, '0'),
(12874, 28, 5, '0'),
(12875, 28, 6, '0'),
(12876, 30, 1, '2'),
(12877, 30, 2, '0'),
(12878, 30, 3, '2'),
(12879, 30, 4, '2.5'),
(12880, 30, 5, '3'),
(12881, 30, 6, '2.5'),
(12882, 32, 1, '2'),
(12883, 32, 2, '2'),
(12884, 32, 3, '3'),
(12885, 32, 4, '2'),
(12886, 32, 5, '3.5'),
(12887, 32, 6, '3.5'),
(12888, 34, 1, '0'),
(12889, 34, 2, '0'),
(12890, 34, 3, '0'),
(12891, 34, 4, '0'),
(12892, 34, 5, '0'),
(12893, 34, 6, '0'),
(12894, 36, 1, '0'),
(12895, 36, 2, '0'),
(12896, 36, 3, '0'),
(12897, 36, 4, '0'),
(12898, 36, 5, '0'),
(12899, 36, 6, '0'),
(12900, 38, 1, '2'),
(12901, 38, 2, '1'),
(12902, 38, 3, '2.5'),
(12903, 38, 4, '0'),
(12904, 38, 5, '0'),
(12905, 38, 6, '0'),
(12906, 40, 1, '0'),
(12907, 40, 2, '0'),
(12908, 40, 3, '0'),
(12909, 40, 4, '0'),
(12910, 40, 5, '0'),
(12911, 40, 6, '0'),
(12912, 42, 1, '0'),
(12913, 42, 2, '0'),
(12914, 42, 3, '0'),
(12915, 42, 4, '0'),
(12916, 42, 5, '0'),
(12917, 42, 6, '0'),
(12918, 44, 1, '0'),
(12919, 44, 2, '0'),
(12920, 44, 3, '0'),
(12921, 44, 4, '0'),
(12922, 44, 5, '0'),
(12923, 44, 6, '0'),
(12924, 46, 1, '2'),
(12925, 46, 2, '3'),
(12926, 46, 3, '2.5'),
(12927, 46, 4, '2'),
(12928, 46, 5, '3'),
(12929, 46, 6, '2'),
(12930, 48, 1, '0'),
(12931, 48, 2, '0'),
(12932, 48, 3, '0'),
(12933, 48, 4, '0'),
(12934, 48, 5, '0'),
(12935, 48, 6, '0'),
(12936, 50, 1, '2'),
(12937, 50, 2, '2'),
(12938, 50, 3, '2'),
(12939, 50, 4, '2'),
(12940, 50, 5, '2.5'),
(12941, 50, 6, '2.5'),
(12942, 52, 1, '3.5'),
(12943, 52, 2, '3'),
(12944, 52, 3, '2.5'),
(12945, 52, 4, '2'),
(12946, 52, 5, '2'),
(12947, 52, 6, '3.5'),
(12948, 54, 1, '2'),
(12949, 54, 2, '2.5'),
(12950, 54, 3, '2.5'),
(12951, 54, 4, '2'),
(12952, 54, 5, '3.5'),
(12953, 54, 6, '2.5'),
(12954, 56, 1, '0'),
(12955, 56, 2, '0'),
(12956, 56, 3, '0'),
(12957, 56, 4, '0'),
(12958, 56, 5, '0'),
(12959, 56, 6, '0'),
(12960, 58, 1, '2.5'),
(12961, 58, 2, '2'),
(12962, 58, 3, '2'),
(12963, 58, 4, '2'),
(12964, 58, 5, '2.5'),
(12965, 58, 6, '2.5'),
(12966, 60, 1, '2'),
(12967, 60, 2, '2.5'),
(12968, 60, 3, '2'),
(12969, 60, 4, '2.5'),
(12970, 60, 5, '2'),
(12971, 60, 6, '0'),
(12972, 62, 1, '2.5'),
(12973, 62, 2, '2'),
(12974, 62, 3, '0'),
(12975, 62, 4, '2.5'),
(12976, 62, 5, '2.5'),
(12977, 62, 6, '3.5'),
(12978, 64, 1, '2'),
(12979, 64, 2, '2.5'),
(12980, 64, 3, '2'),
(12981, 64, 4, '2.5'),
(12982, 64, 5, '3'),
(12983, 64, 6, '2'),
(12984, 66, 1, '0'),
(12985, 66, 2, '0'),
(12986, 66, 3, '0'),
(12987, 66, 4, '2'),
(12988, 66, 5, '0'),
(12989, 66, 6, '0'),
(12990, 68, 1, '2'),
(12991, 68, 2, '2.5'),
(12992, 68, 3, '2'),
(12993, 68, 4, '2'),
(12994, 68, 5, '3'),
(12995, 68, 6, '0'),
(12996, 70, 1, '3'),
(12997, 70, 2, '2.5'),
(12998, 70, 3, '3'),
(12999, 70, 4, '0'),
(13000, 70, 5, '3'),
(13001, 70, 6, '0'),
(13002, 72, 1, '2.5'),
(13003, 72, 2, '2.5'),
(13004, 72, 3, '2.5'),
(13005, 72, 4, '2.5'),
(13006, 72, 5, '2.5'),
(13007, 72, 6, '3'),
(13008, 74, 1, '2.5'),
(13009, 74, 2, '2'),
(13010, 74, 3, '2.5'),
(13011, 74, 4, '2.5'),
(13012, 74, 5, '2'),
(13013, 74, 6, '2'),
(13014, 76, 1, '3'),
(13015, 76, 2, '2.5'),
(13016, 76, 3, '2'),
(13017, 76, 4, '3'),
(13018, 76, 5, '3.75'),
(13019, 76, 6, '3'),
(13020, 78, 1, '3'),
(13021, 78, 2, '3'),
(13022, 78, 3, '2.5'),
(13023, 78, 4, '2.5'),
(13024, 78, 5, '3.75'),
(13025, 78, 6, '2.5'),
(13026, 80, 1, '2.5'),
(13027, 80, 2, '2.5'),
(13028, 80, 3, '2.5'),
(13029, 80, 4, '2'),
(13030, 80, 5, '3'),
(13031, 80, 6, '3'),
(13032, 82, 1, '2'),
(13033, 82, 2, '2'),
(13034, 82, 3, '2'),
(13035, 82, 4, '2'),
(13036, 82, 5, '3'),
(13037, 82, 6, '3'),
(13038, 84, 1, '2'),
(13039, 84, 2, '2'),
(13040, 84, 3, '2.5'),
(13041, 84, 4, '2'),
(13042, 84, 5, '3.5'),
(13043, 84, 6, '3'),
(13044, 86, 1, '2.5'),
(13045, 86, 2, '3'),
(13046, 86, 3, '0'),
(13047, 86, 4, '2'),
(13048, 86, 5, '2.5'),
(13049, 86, 6, '2'),
(13050, 88, 1, '2.5'),
(13051, 88, 2, '2.5'),
(13052, 88, 3, '3'),
(13053, 88, 4, '2.5'),
(13054, 88, 5, '2'),
(13055, 88, 6, '3'),
(13056, 90, 1, '2'),
(13057, 90, 2, '2'),
(13058, 90, 3, '2'),
(13059, 90, 4, '3'),
(13060, 90, 5, '2.5'),
(13061, 90, 6, '3'),
(13062, 92, 1, '2'),
(13063, 92, 2, '2.5'),
(13064, 92, 3, '2'),
(13065, 92, 4, '2'),
(13066, 92, 5, '2'),
(13067, 92, 6, '2.5'),
(13068, 94, 1, '2'),
(13069, 94, 2, '0'),
(13070, 94, 3, '0'),
(13071, 94, 4, '0'),
(13072, 94, 5, '0'),
(13073, 94, 6, '0'),
(13074, 96, 1, '2.5'),
(13075, 96, 2, '2.5'),
(13076, 96, 3, '3'),
(13077, 96, 4, '2'),
(13078, 96, 5, '2'),
(13079, 96, 6, '2.5'),
(13080, 98, 1, '2'),
(13081, 98, 2, '2'),
(13082, 98, 3, '2'),
(13083, 98, 4, '2'),
(13084, 98, 5, '2'),
(13085, 98, 6, '2'),
(13086, 100, 1, '3'),
(13087, 100, 2, '2.5'),
(13088, 100, 3, '3'),
(13089, 100, 4, '0'),
(13090, 100, 5, '3'),
(13091, 100, 6, '3.5'),
(13092, 102, 1, '2'),
(13093, 102, 2, '0'),
(13094, 102, 3, '0'),
(13095, 102, 4, '0'),
(13096, 102, 5, '0'),
(13097, 102, 6, '0'),
(13098, 104, 1, '2'),
(13099, 104, 2, '2'),
(13100, 104, 3, '0'),
(13101, 104, 4, '0'),
(13102, 104, 5, '0'),
(13103, 104, 6, '0'),
(13104, 106, 1, '3.75'),
(13105, 106, 2, '2.5'),
(13106, 106, 3, '2'),
(13107, 106, 4, '3'),
(13108, 106, 5, '4'),
(13109, 106, 6, '4'),
(13110, 108, 1, '3'),
(13111, 108, 2, '3'),
(13112, 108, 3, '2.5'),
(13113, 108, 4, '2.5'),
(13114, 108, 5, '2.5'),
(13115, 108, 6, '2.5'),
(13116, 110, 1, '0'),
(13117, 110, 2, '0'),
(13118, 110, 3, '0'),
(13119, 110, 4, '0'),
(13120, 110, 5, '0'),
(13121, 110, 6, '0'),
(13122, 112, 1, '3.75'),
(13123, 112, 2, '3.5'),
(13124, 112, 3, '3.5'),
(13125, 112, 4, '2.5'),
(13126, 112, 5, '2'),
(13127, 112, 6, '2.5'),
(13128, 114, 1, '3.75'),
(13129, 114, 2, '3.5'),
(13130, 114, 3, '3.5'),
(13131, 114, 4, '3'),
(13132, 114, 5, '2'),
(13133, 114, 6, '2.5'),
(13134, 116, 1, '2.5'),
(13135, 116, 2, '2..50'),
(13136, 116, 3, '3'),
(13137, 116, 4, '2'),
(13138, 116, 5, '3.5'),
(13139, 116, 6, '3'),
(13140, 118, 1, '2'),
(13141, 118, 2, '2.5'),
(13142, 118, 3, '3'),
(13143, 118, 4, '3'),
(13144, 118, 5, '3.5'),
(13145, 118, 6, '3.75'),
(13146, 120, 1, '3'),
(13147, 120, 2, '3'),
(13148, 120, 3, '3.5'),
(13149, 120, 4, '3.5'),
(13150, 120, 5, '2'),
(13151, 120, 6, '3.5'),
(13152, 122, 1, '3.5'),
(13153, 122, 2, '3'),
(13154, 122, 3, '3.5'),
(13155, 122, 4, '2.5'),
(13156, 122, 5, '3'),
(13157, 122, 6, '3.75'),
(13158, 124, 1, '3.75'),
(13159, 124, 2, '0'),
(13160, 124, 3, '0'),
(13161, 124, 4, '2'),
(13162, 124, 5, '2.5'),
(13163, 124, 6, '1'),
(13164, 126, 1, '3.75'),
(13165, 126, 2, '3'),
(13166, 126, 3, '0'),
(13167, 126, 4, '3'),
(13168, 126, 5, '0'),
(13169, 126, 6, '0'),
(13170, 128, 1, '2'),
(13171, 128, 2, '2.5'),
(13172, 128, 3, '2.5'),
(13173, 128, 4, '2'),
(13174, 128, 5, '2.5'),
(13175, 128, 6, '2.5'),
(13176, 130, 1, '3.5'),
(13177, 130, 2, '3'),
(13178, 130, 3, '2'),
(13179, 130, 4, '2'),
(13180, 130, 5, '3.75'),
(13181, 130, 6, '2.5'),
(13182, 132, 1, '3.75'),
(13183, 132, 2, '3.5'),
(13184, 132, 3, '2'),
(13185, 132, 4, '2.5'),
(13186, 132, 5, '2'),
(13187, 132, 6, '3'),
(13188, 134, 1, '3.75'),
(13189, 134, 2, '3.5'),
(13190, 134, 3, '3.5'),
(13191, 134, 4, '3.5'),
(13192, 134, 5, '3'),
(13193, 134, 6, '3.75'),
(13194, 136, 1, '3.5'),
(13195, 136, 2, '2.5'),
(13196, 136, 3, '3.75'),
(13197, 136, 4, '2.5'),
(13198, 136, 5, '2.5'),
(13199, 136, 6, '2.5'),
(13200, 138, 1, '3.5'),
(13201, 138, 2, '2.5'),
(13202, 138, 3, '3.75'),
(13203, 138, 4, '3'),
(13204, 138, 5, '3'),
(13205, 138, 6, '2.5'),
(13206, 140, 1, '3'),
(13207, 140, 2, '2.5'),
(13208, 140, 3, '3.5'),
(13209, 140, 4, '2'),
(13210, 140, 5, '3.75'),
(13211, 140, 6, '3'),
(13212, 142, 1, '2.5'),
(13213, 142, 2, '2.5'),
(13214, 142, 3, '3'),
(13215, 142, 4, '3'),
(13216, 142, 5, '2'),
(13217, 142, 6, '3.75'),
(13218, 144, 1, '2.5'),
(13219, 144, 2, '2.5'),
(13220, 144, 3, '2.5'),
(13221, 144, 4, '2.5'),
(13222, 144, 5, '2.5'),
(13223, 144, 6, '3.75'),
(13224, 146, 1, '2.5'),
(13225, 146, 2, '3'),
(13226, 146, 3, '2.5'),
(13227, 146, 4, '2'),
(13228, 146, 5, '2'),
(13229, 146, 6, '3'),
(13230, 148, 1, '2'),
(13231, 148, 2, '2.5'),
(13232, 148, 3, '3.5'),
(13233, 148, 4, '2'),
(13234, 148, 5, '3.5'),
(13235, 148, 6, '2'),
(13236, 150, 1, '2.5'),
(13237, 150, 2, '2.5'),
(13238, 150, 3, '2.5'),
(13239, 150, 4, '3'),
(13240, 150, 5, '2.5'),
(13241, 150, 6, '3'),
(13242, 152, 1, '3'),
(13243, 152, 2, '3'),
(13244, 152, 3, '2'),
(13245, 152, 4, '2'),
(13246, 152, 5, '0'),
(13247, 152, 6, '0'),
(13248, 154, 1, '3'),
(13249, 154, 2, '2.5'),
(13250, 154, 3, '2.5'),
(13251, 154, 4, '2.5'),
(13252, 154, 5, '3'),
(13253, 154, 6, '3.75'),
(13254, 156, 1, '3.5'),
(13255, 156, 2, '2.5'),
(13256, 156, 3, '2.5'),
(13257, 156, 4, '3'),
(13258, 156, 5, '3'),
(13259, 156, 6, '3.5'),
(13260, 158, 1, '2'),
(13261, 158, 2, '2.5'),
(13262, 158, 3, '3'),
(13263, 158, 4, '2'),
(13264, 158, 5, '2'),
(13265, 158, 6, '2.5'),
(13266, 160, 1, '3.5'),
(13267, 160, 2, '3.5'),
(13268, 160, 3, '3'),
(13269, 160, 4, '2.5'),
(13270, 160, 5, '3'),
(13271, 160, 6, '3.75'),
(13272, 162, 1, '3.5'),
(13273, 162, 2, '3.5'),
(13274, 162, 3, '3.75'),
(13275, 162, 4, '2'),
(13276, 162, 5, '2.5'),
(13277, 162, 6, '2.5'),
(13278, 164, 1, '3'),
(13279, 164, 2, '3.75'),
(13280, 164, 3, '2.5'),
(13281, 164, 4, '2'),
(13282, 164, 5, '2.5'),
(13283, 164, 6, '2.5'),
(13284, 166, 1, '2.5'),
(13285, 166, 2, '3'),
(13286, 166, 3, '3'),
(13287, 166, 4, '2'),
(13288, 166, 5, '2.5'),
(13289, 166, 6, '2.5'),
(13290, 168, 1, '2'),
(13291, 168, 2, '3'),
(13292, 168, 3, '2.5'),
(13293, 168, 4, '2'),
(13294, 168, 5, '2'),
(13295, 168, 6, '3.5'),
(13296, 170, 1, '2.5'),
(13297, 170, 2, '2.5'),
(13298, 170, 3, '3'),
(13299, 170, 4, '2'),
(13300, 170, 5, '3'),
(13301, 170, 6, '3'),
(13302, 172, 1, '2'),
(13303, 172, 2, '3'),
(13304, 172, 3, '2'),
(13305, 172, 4, '2'),
(13306, 172, 5, '2'),
(13307, 172, 6, '3'),
(13308, 174, 1, '3.5'),
(13309, 174, 2, '3.5'),
(13310, 174, 3, '3.5'),
(13311, 174, 4, '2'),
(13312, 174, 5, '3'),
(13313, 174, 6, '2.5'),
(13314, 176, 1, '3.5'),
(13315, 176, 2, '3'),
(13316, 176, 3, '2'),
(13317, 176, 4, '2'),
(13318, 176, 5, '2'),
(13319, 176, 6, '2.5'),
(13320, 178, 1, '2'),
(13321, 178, 2, '2.5'),
(13322, 178, 3, '3'),
(13323, 178, 4, '2'),
(13324, 178, 5, '2'),
(13325, 178, 6, '2.5'),
(13326, 180, 1, '2'),
(13327, 180, 2, '2.5'),
(13328, 180, 3, '2'),
(13329, 180, 4, '2'),
(13330, 180, 5, '3'),
(13331, 180, 6, '3'),
(13332, 182, 1, '3.5'),
(13333, 182, 2, '2.5'),
(13334, 182, 3, '2.5'),
(13335, 182, 4, '3'),
(13336, 182, 5, '2'),
(13337, 182, 6, '2.5'),
(13338, 184, 1, '1'),
(13339, 184, 2, '2.5'),
(13340, 184, 3, '0'),
(13341, 184, 4, '0'),
(13342, 184, 5, '0'),
(13343, 184, 6, '0'),
(13344, 186, 1, '2'),
(13345, 186, 2, '3'),
(13346, 186, 3, '2.5'),
(13347, 186, 4, '2'),
(13348, 186, 5, '2'),
(13349, 186, 6, '3.75'),
(13350, 188, 1, '2.5'),
(13351, 188, 2, '2.5'),
(13352, 188, 3, '3'),
(13353, 188, 4, '2'),
(13354, 188, 5, '3'),
(13355, 188, 6, '2'),
(13356, 190, 1, '2'),
(13357, 190, 2, '3'),
(13358, 190, 3, '3'),
(13359, 190, 4, '2.5'),
(13360, 190, 5, '2'),
(13361, 190, 6, '2.5'),
(13362, 192, 1, '2'),
(13363, 192, 2, '3.75'),
(13364, 192, 3, '3.5'),
(13365, 192, 4, '2.5'),
(13366, 192, 5, '4'),
(13367, 192, 6, '3'),
(13368, 194, 1, '2'),
(13369, 194, 2, '3'),
(13370, 194, 3, '3'),
(13371, 194, 4, '2'),
(13372, 194, 5, '2'),
(13373, 194, 6, '3'),
(13374, 196, 1, '2'),
(13375, 196, 2, '2.5'),
(13376, 196, 3, '3'),
(13377, 196, 4, '2'),
(13378, 196, 5, '3'),
(13379, 196, 6, '3.75'),
(13380, 198, 1, '2'),
(13381, 198, 2, '3'),
(13382, 198, 3, '2'),
(13383, 198, 4, '2'),
(13384, 198, 5, '2'),
(13385, 198, 6, '3.75'),
(13386, 200, 1, '2.5'),
(13387, 200, 2, '2.5'),
(13388, 200, 3, '3'),
(13389, 200, 4, '2.5'),
(13390, 200, 5, '3'),
(13391, 200, 6, '3'),
(13392, 202, 1, '1'),
(13393, 202, 2, '2.5'),
(13394, 202, 3, '0'),
(13395, 202, 4, '0'),
(13396, 202, 5, '0'),
(13397, 202, 6, '0'),
(13398, 204, 1, '2'),
(13399, 204, 2, '2.5'),
(13400, 204, 3, '0'),
(13401, 204, 4, '2'),
(13402, 204, 5, '3'),
(13403, 204, 6, '0'),
(13404, 206, 1, '2.5'),
(13405, 206, 2, '3.5'),
(13406, 206, 3, '3.5'),
(13407, 206, 4, '3'),
(13408, 206, 5, '3'),
(13409, 206, 6, '2'),
(13410, 208, 1, '2'),
(13411, 208, 2, '3'),
(13412, 208, 3, '3'),
(13413, 208, 4, '2.5'),
(13414, 208, 5, '3'),
(13415, 208, 6, '3'),
(13416, 210, 1, '3.5'),
(13417, 210, 2, '3.5'),
(13418, 210, 3, '2.5'),
(13419, 210, 4, '2'),
(13420, 210, 5, '2.5'),
(13421, 210, 6, '0'),
(13422, 212, 1, '2'),
(13423, 212, 2, '3'),
(13424, 212, 3, '2.5'),
(13425, 212, 4, '2'),
(13426, 212, 5, '2.5'),
(13427, 212, 6, '3'),
(13428, 214, 1, '3'),
(13429, 214, 2, '3'),
(13430, 214, 3, '3.5'),
(13431, 214, 4, '2'),
(13432, 214, 5, '3'),
(13433, 214, 6, '3'),
(13434, 216, 1, '2'),
(13435, 216, 2, '2.5'),
(13436, 216, 3, '3.75'),
(13437, 216, 4, '3'),
(13438, 216, 5, '0'),
(13439, 216, 6, '2'),
(13440, 218, 1, '2'),
(13441, 218, 2, '2'),
(13442, 218, 3, '3'),
(13443, 218, 4, '0'),
(13444, 218, 5, '3.75'),
(13445, 218, 6, '3'),
(13446, 220, 1, '2'),
(13447, 220, 2, '2'),
(13448, 220, 3, '2'),
(13449, 220, 4, '2.5'),
(13450, 220, 5, '2'),
(13451, 220, 6, '3'),
(13452, 222, 1, '2.5'),
(13453, 222, 2, '2.5'),
(13454, 222, 3, '2.5'),
(13455, 222, 4, '2'),
(13456, 222, 5, '2'),
(13457, 222, 6, '3.5'),
(13458, 224, 1, '2'),
(13459, 224, 2, '2'),
(13460, 224, 3, '3'),
(13461, 224, 4, '2'),
(13462, 224, 5, '3'),
(13463, 224, 6, '2.5'),
(13464, 226, 1, '3'),
(13465, 226, 2, '3.5'),
(13466, 226, 3, '3'),
(13467, 226, 4, '2.5'),
(13468, 226, 5, '2'),
(13469, 226, 6, '3'),
(13470, 228, 1, '3'),
(13471, 228, 2, '2.5'),
(13472, 228, 3, '0'),
(13473, 228, 4, '0'),
(13474, 228, 5, '0'),
(13475, 228, 6, '0'),
(13476, 230, 1, '2'),
(13477, 230, 2, '2.5'),
(13478, 230, 3, '2'),
(13479, 230, 4, '2'),
(13480, 230, 5, '2.5'),
(13481, 230, 6, '3'),
(13482, 232, 1, '2'),
(13483, 232, 2, '2.5'),
(13484, 232, 3, '2'),
(13485, 232, 4, '2'),
(13486, 232, 5, '3.75'),
(13487, 232, 6, '3'),
(13488, 234, 1, '3'),
(13489, 234, 2, '2.5'),
(13490, 234, 3, '3.5'),
(13491, 234, 4, '3.5'),
(13492, 234, 5, '2'),
(13493, 234, 6, '2.5'),
(13494, 236, 1, '3.75'),
(13495, 236, 2, '3'),
(13496, 236, 3, '3.5'),
(13497, 236, 4, '2'),
(13498, 236, 5, '3'),
(13499, 236, 6, '3.5'),
(13500, 238, 1, '3'),
(13501, 238, 2, '2.5'),
(13502, 238, 3, '2'),
(13503, 238, 4, '2'),
(13504, 238, 5, '2.5'),
(13505, 238, 6, '3.5'),
(13506, 240, 1, '3'),
(13507, 240, 2, '2.5'),
(13508, 240, 3, '2'),
(13509, 240, 4, '2'),
(13510, 240, 5, '2.5'),
(13511, 240, 6, '3.5'),
(13512, 242, 1, '1'),
(13513, 242, 2, '1'),
(13514, 242, 3, '2'),
(13515, 242, 4, '0'),
(13516, 242, 5, '0'),
(13517, 242, 6, '0'),
(13518, 244, 1, '3.5'),
(13519, 244, 2, '2.5'),
(13520, 244, 3, '3'),
(13521, 244, 4, '2'),
(13522, 244, 5, '2.5'),
(13523, 244, 6, '3.75'),
(13524, 246, 1, '3.75'),
(13525, 246, 2, '2.5'),
(13526, 246, 3, '3.75'),
(13527, 246, 4, '3'),
(13528, 246, 5, '3.5'),
(13529, 246, 6, '3'),
(13530, 248, 1, '2.5'),
(13531, 248, 2, '3'),
(13532, 248, 3, '2.5'),
(13533, 248, 4, '2.5'),
(13534, 248, 5, '3'),
(13535, 248, 6, '2'),
(13536, 250, 1, '2.5'),
(13537, 250, 2, '2'),
(13538, 250, 3, '2.5'),
(13539, 250, 4, '2'),
(13540, 250, 5, '2.5'),
(13541, 250, 6, '3'),
(13542, 252, 1, '2'),
(13543, 252, 2, '2'),
(13544, 252, 3, '2'),
(13545, 252, 4, '2.5'),
(13546, 252, 5, '2.5'),
(13547, 252, 6, '2.5'),
(13548, 254, 1, '3'),
(13549, 254, 2, '2.5'),
(13550, 254, 3, '3'),
(13551, 254, 4, '3'),
(13552, 254, 5, '4'),
(13553, 254, 6, '3.75'),
(13554, 256, 1, '0'),
(13555, 256, 2, '0'),
(13556, 256, 3, '0'),
(13557, 256, 4, '0'),
(13558, 256, 5, '0'),
(13559, 256, 6, '0'),
(13560, 258, 1, '0'),
(13561, 258, 2, '0'),
(13562, 258, 3, '0'),
(13563, 258, 4, '0'),
(13564, 258, 5, '0'),
(13565, 258, 6, '0'),
(13566, 260, 1, '2'),
(13567, 260, 2, '2.5'),
(13568, 260, 3, '3'),
(13569, 260, 4, '2.5'),
(13570, 260, 5, '3'),
(13571, 260, 6, '3.75'),
(13572, 262, 1, '0'),
(13573, 262, 2, '0'),
(13574, 262, 3, '0'),
(13575, 262, 4, '0'),
(13576, 262, 5, '0'),
(13577, 262, 6, '0'),
(13578, 264, 1, '2.5'),
(13579, 264, 2, '2.5'),
(13580, 264, 3, '3.5'),
(13581, 264, 4, '2.5'),
(13582, 264, 5, '2'),
(13583, 264, 6, '3'),
(13584, 266, 1, '2'),
(13585, 266, 2, '2'),
(13586, 266, 3, '2'),
(13587, 266, 4, '2'),
(13588, 266, 5, '3'),
(13589, 266, 6, '2'),
(13590, 268, 1, '2'),
(13591, 268, 2, '2.5'),
(13592, 268, 3, '2'),
(13593, 268, 4, '2'),
(13594, 268, 5, '2'),
(13595, 268, 6, '2.5'),
(13596, 270, 1, '3.5'),
(13597, 270, 2, '2.5'),
(13598, 270, 3, '2'),
(13599, 270, 4, '2'),
(13600, 270, 5, '3'),
(13601, 270, 6, '2.5'),
(13602, 272, 1, '2.5'),
(13603, 272, 2, '2'),
(13604, 272, 3, '3'),
(13605, 272, 4, '2'),
(13606, 272, 5, '3.5'),
(13607, 272, 6, '3.75'),
(13608, 274, 1, '0'),
(13609, 274, 2, '0'),
(13610, 274, 3, '0'),
(13611, 274, 4, '0'),
(13612, 274, 5, '0'),
(13613, 274, 6, '0'),
(13614, 276, 1, '3.5'),
(13615, 276, 2, '3.75'),
(13616, 276, 3, '3'),
(13617, 276, 4, '3'),
(13618, 276, 5, '2.5'),
(13619, 276, 6, '3.75'),
(13620, 278, 1, '2'),
(13621, 278, 2, '0'),
(13622, 278, 3, '0'),
(13623, 278, 4, '0'),
(13624, 278, 5, '0'),
(13625, 278, 6, '0'),
(13626, 280, 1, '3'),
(13627, 280, 2, '3'),
(13628, 280, 3, '2'),
(13629, 280, 4, '3'),
(13630, 280, 5, '3'),
(13631, 280, 6, '3'),
(13632, 282, 1, '3.75'),
(13633, 282, 2, '4'),
(13634, 282, 3, '3.75'),
(13635, 282, 4, '3.75'),
(13636, 282, 5, '2.5'),
(13637, 282, 6, '2.5'),
(13638, 284, 1, '0'),
(13639, 284, 2, '0'),
(13640, 284, 3, '0'),
(13641, 284, 4, '0'),
(13642, 284, 5, '0'),
(13643, 284, 6, '0'),
(13644, 286, 1, '3.75'),
(13645, 286, 2, '3.75'),
(13646, 286, 3, '3'),
(13647, 286, 4, '3'),
(13648, 286, 5, '3.5'),
(13649, 286, 6, '3'),
(13650, 288, 1, '2'),
(13651, 288, 2, '3.5'),
(13652, 288, 3, '3'),
(13653, 288, 4, '3'),
(13654, 288, 5, '2.5'),
(13655, 288, 6, '2.5'),
(13656, 290, 1, '3'),
(13657, 290, 2, '3'),
(13658, 290, 3, '3'),
(13659, 290, 4, '3'),
(13660, 290, 5, '2.5'),
(13661, 290, 6, '3.5'),
(13662, 292, 1, '2'),
(13663, 292, 2, '0'),
(13664, 292, 3, '0'),
(13665, 292, 4, '0'),
(13666, 292, 5, '0'),
(13667, 292, 6, '0'),
(13668, 294, 1, '3'),
(13669, 294, 2, '2'),
(13670, 294, 3, '2.5'),
(13671, 294, 4, '3'),
(13672, 294, 5, '2'),
(13673, 294, 6, '2'),
(13674, 296, 1, '3'),
(13675, 296, 2, '2.5'),
(13676, 296, 3, '3'),
(13677, 296, 4, '2'),
(13678, 296, 5, '2.5'),
(13679, 296, 6, '2.5'),
(13680, 298, 1, '3'),
(13681, 298, 2, '3'),
(13682, 298, 3, '3'),
(13683, 298, 4, '3'),
(13684, 298, 5, '2.5'),
(13685, 298, 6, '2'),
(13686, 300, 1, '2.5'),
(13687, 300, 2, '2'),
(13688, 300, 3, '2.5'),
(13689, 300, 4, '3'),
(13690, 300, 5, '2.5'),
(13691, 300, 6, '2.5'),
(13692, 302, 1, '2.5'),
(13693, 302, 2, '2'),
(13694, 302, 3, '3'),
(13695, 302, 4, '3'),
(13696, 302, 5, '3'),
(13697, 302, 6, '2.5'),
(13698, 304, 1, '2.5'),
(13699, 304, 2, '3'),
(13700, 304, 3, '2.5'),
(13701, 304, 4, '3'),
(13702, 304, 5, '2.5'),
(13703, 304, 6, '2.5'),
(13704, 306, 1, '0'),
(13705, 306, 2, '0'),
(13706, 306, 3, '0'),
(13707, 306, 4, '0'),
(13708, 306, 5, '0'),
(13709, 306, 6, '0'),
(13710, 308, 1, '2.5'),
(13711, 308, 2, '1'),
(13712, 308, 3, '2.5'),
(13713, 308, 4, '3.5'),
(13714, 308, 5, '3'),
(13715, 308, 6, '3'),
(13716, 310, 1, '2.5'),
(13717, 310, 2, '3.75'),
(13718, 310, 3, '3'),
(13719, 310, 4, '2'),
(13720, 310, 5, '3'),
(13721, 310, 6, '2.5'),
(13722, 312, 1, '2.5'),
(13723, 312, 2, '3.5'),
(13724, 312, 3, '3'),
(13725, 312, 4, '2.5'),
(13726, 312, 5, '3'),
(13727, 312, 6, '3'),
(13728, 314, 1, '3'),
(13729, 314, 2, '3'),
(13730, 314, 3, '0'),
(13731, 314, 4, '3'),
(13732, 314, 5, '3'),
(13733, 314, 6, '0'),
(13734, 316, 1, '2.5'),
(13735, 316, 2, '1'),
(13736, 316, 3, '0'),
(13737, 316, 4, '2'),
(13738, 316, 5, '0'),
(13739, 316, 6, '0'),
(13740, 318, 1, '3'),
(13741, 318, 2, '2'),
(13742, 318, 3, '2'),
(13743, 318, 4, '2.5'),
(13744, 318, 5, '3'),
(13745, 318, 6, '3.5'),
(13746, 320, 1, '3.5'),
(13747, 320, 2, '3'),
(13748, 320, 3, '2'),
(13749, 320, 4, '2.5'),
(13750, 320, 5, '2.5'),
(13751, 320, 6, '3.5'),
(13752, 322, 1, '3.75'),
(13753, 322, 2, '3'),
(13754, 322, 3, '0'),
(13755, 322, 4, '0'),
(13756, 322, 5, '0'),
(13757, 322, 6, '0'),
(13758, 324, 1, '2'),
(13759, 324, 2, '3'),
(13760, 324, 3, '0'),
(13761, 324, 4, '2'),
(13762, 324, 5, '0'),
(13763, 324, 6, '0'),
(13764, 326, 1, '3'),
(13765, 326, 2, '3'),
(13766, 326, 3, '2'),
(13767, 326, 4, '3'),
(13768, 326, 5, '3'),
(13769, 326, 6, '3'),
(13770, 328, 1, '3.75'),
(13771, 328, 2, '3.5'),
(13772, 328, 3, '2'),
(13773, 328, 4, '2.5'),
(13774, 328, 5, '2.5'),
(13775, 328, 6, '3'),
(13776, 330, 1, '0'),
(13777, 330, 2, '0'),
(13778, 330, 3, '0'),
(13779, 330, 4, '0'),
(13780, 330, 5, '0'),
(13781, 330, 6, '0'),
(13782, 332, 1, '0'),
(13783, 332, 2, '0'),
(13784, 332, 3, '0'),
(13785, 332, 4, '0'),
(13786, 332, 5, '0'),
(13787, 332, 6, '0'),
(13788, 334, 1, '0'),
(13789, 334, 2, '2'),
(13790, 334, 3, '2'),
(13791, 334, 4, '2.5'),
(13792, 334, 5, '0'),
(13793, 334, 6, '0'),
(13794, 336, 1, '2.5'),
(13795, 336, 2, '2'),
(13796, 336, 3, '2'),
(13797, 336, 4, '2.5'),
(13798, 336, 5, '2.5'),
(13799, 336, 6, '0'),
(13800, 338, 1, '2'),
(13801, 338, 2, '2'),
(13802, 338, 3, '2'),
(13803, 338, 4, '0'),
(13804, 338, 5, '0'),
(13805, 338, 6, '0'),
(13806, 340, 1, '3.75'),
(13807, 340, 2, '3'),
(13808, 340, 3, '2.5'),
(13809, 340, 4, '3'),
(13810, 340, 5, '3'),
(13811, 340, 6, '2'),
(13812, 342, 1, '3'),
(13813, 342, 2, '3.5'),
(13814, 342, 3, '3'),
(13815, 342, 4, '3.5'),
(13816, 342, 5, '3.75'),
(13817, 342, 6, '3.5'),
(13818, 344, 1, '3.75'),
(13819, 344, 2, '3'),
(13820, 344, 3, '2.5'),
(13821, 344, 4, '3.75'),
(13822, 344, 5, '3.75'),
(13823, 344, 6, '3.5'),
(13824, 346, 1, '3'),
(13825, 346, 2, '2'),
(13826, 346, 3, '2'),
(13827, 346, 4, '3'),
(13828, 346, 5, '3.5'),
(13829, 346, 6, '2.5'),
(13830, 348, 1, '3.75'),
(13831, 348, 2, '4'),
(13832, 348, 3, '3'),
(13833, 348, 4, '3.5'),
(13834, 348, 5, '0'),
(13835, 348, 6, '0'),
(13836, 350, 1, '3'),
(13837, 350, 2, '3'),
(13838, 350, 3, '2.5'),
(13839, 350, 4, '2.5'),
(13840, 350, 5, '3.75'),
(13841, 350, 6, '2'),
(13842, 352, 1, '0'),
(13843, 352, 2, '0'),
(13844, 352, 3, '0'),
(13845, 352, 4, '0'),
(13846, 352, 5, '0'),
(13847, 352, 6, '0'),
(13848, 354, 1, '2'),
(13849, 354, 2, '3'),
(13850, 354, 3, '2'),
(13851, 354, 4, '2.5'),
(13852, 354, 5, '2.5'),
(13853, 354, 6, '2'),
(13854, 356, 1, '2'),
(13855, 356, 2, '1'),
(13856, 356, 3, '2'),
(13857, 356, 4, '2'),
(13858, 356, 5, '2.5'),
(13859, 356, 6, '0'),
(13860, 358, 1, '0'),
(13861, 358, 2, '0'),
(13862, 358, 3, '0'),
(13863, 358, 4, '0'),
(13864, 358, 5, '0'),
(13865, 358, 6, '0'),
(13866, 360, 1, '2.5'),
(13867, 360, 2, '2.5'),
(13868, 360, 3, '2'),
(13869, 360, 4, '0'),
(13870, 360, 5, '3.75'),
(13871, 360, 6, '0'),
(13872, 362, 1, '3.5'),
(13873, 362, 2, '3.5'),
(13874, 362, 3, '2'),
(13875, 362, 4, '3.5'),
(13876, 362, 5, '4'),
(13877, 362, 6, '3'),
(13878, 364, 1, '3'),
(13879, 364, 2, '2'),
(13880, 364, 3, '2.5'),
(13881, 364, 4, '3'),
(13882, 364, 5, '3.5'),
(13883, 364, 6, '3'),
(13884, 366, 1, '2.5'),
(13885, 366, 2, '3'),
(13886, 366, 3, '2'),
(13887, 366, 4, '0'),
(13888, 366, 5, '0'),
(13889, 366, 6, '0'),
(13890, 368, 1, '2.5'),
(13891, 368, 2, '3'),
(13892, 368, 3, '3'),
(13893, 368, 4, '2.5'),
(13894, 368, 5, '3.75'),
(13895, 368, 6, '2'),
(13896, 370, 1, '2.5'),
(13897, 370, 2, '2'),
(13898, 370, 3, '3'),
(13899, 370, 4, '2'),
(13900, 370, 5, '2'),
(13901, 370, 6, '3'),
(13902, 372, 1, '3'),
(13903, 372, 2, '3.75'),
(13904, 372, 3, '3.75'),
(13905, 372, 4, '2.5'),
(13906, 372, 5, '3.75'),
(13907, 372, 6, '3.5'),
(13908, 374, 1, '3.75'),
(13909, 374, 2, '3.75'),
(13910, 374, 3, '3.75'),
(13911, 374, 4, '3.75'),
(13912, 374, 5, '3'),
(13913, 374, 6, '2'),
(13914, 376, 1, '2'),
(13915, 376, 2, '2.5'),
(13916, 376, 3, '2.5'),
(13917, 376, 4, '2.5'),
(13918, 376, 5, '3'),
(13919, 376, 6, '2'),
(13920, 378, 1, '3.5'),
(13921, 378, 2, '3.75'),
(13922, 378, 3, '3'),
(13923, 378, 4, '2'),
(13924, 378, 5, '3.75'),
(13925, 378, 6, '2'),
(13926, 380, 1, '2.5'),
(13927, 380, 2, '2.5'),
(13928, 380, 3, '3'),
(13929, 380, 4, '2'),
(13930, 380, 5, '3'),
(13931, 380, 6, '3.5'),
(13932, 382, 1, '2'),
(13933, 382, 2, '2'),
(13934, 382, 3, '0'),
(13935, 382, 4, '2'),
(13936, 382, 5, '1'),
(13937, 382, 6, '0'),
(13938, 384, 1, '3.75'),
(13939, 384, 2, '4'),
(13940, 384, 3, '3'),
(13941, 384, 4, '3'),
(13942, 384, 5, '2.5'),
(13943, 384, 6, '2'),
(13944, 386, 1, '2'),
(13945, 386, 2, '2'),
(13946, 386, 3, '2'),
(13947, 386, 4, '2'),
(13948, 386, 5, '2'),
(13949, 386, 6, '0'),
(13950, 388, 1, '2.5'),
(13951, 388, 2, '3.5'),
(13952, 388, 3, '2.5'),
(13953, 388, 4, '2'),
(13954, 388, 5, '3'),
(13955, 388, 6, '3'),
(13956, 390, 1, '3'),
(13957, 390, 2, '2'),
(13958, 390, 3, '3'),
(13959, 390, 4, '2'),
(13960, 390, 5, '2.5'),
(13961, 390, 6, '3'),
(13962, 392, 1, '2.5'),
(13963, 392, 2, '2'),
(13964, 392, 3, '2.5'),
(13965, 392, 4, '3.5'),
(13966, 392, 5, '3.5'),
(13967, 392, 6, '0'),
(13968, 394, 1, '0'),
(13969, 394, 2, '0'),
(13970, 394, 3, '0'),
(13971, 394, 4, '0'),
(13972, 394, 5, '0'),
(13973, 394, 6, '0'),
(13974, 396, 1, '3'),
(13975, 396, 2, '3'),
(13976, 396, 3, '3'),
(13977, 396, 4, '3'),
(13978, 396, 5, '3'),
(13979, 396, 6, '2.5'),
(13980, 398, 1, '0'),
(13981, 398, 2, '0'),
(13982, 398, 3, '0'),
(13983, 398, 4, '0'),
(13984, 398, 5, '0'),
(13985, 398, 6, '0'),
(13986, 400, 1, '3.75'),
(13987, 400, 2, '3.5'),
(13988, 400, 3, '2'),
(13989, 400, 4, '2'),
(13990, 400, 5, '2.5'),
(13991, 400, 6, '3'),
(13992, 402, 1, '2.5'),
(13993, 402, 2, '3'),
(13994, 402, 3, '3'),
(13995, 402, 4, '2'),
(13996, 402, 5, '3'),
(13997, 402, 6, '2.5'),
(13998, 404, 1, '3.5'),
(13999, 404, 2, '3'),
(14000, 404, 3, '3'),
(14001, 404, 4, '3'),
(14002, 404, 5, '3.75'),
(14003, 404, 6, '3.75'),
(14004, 406, 1, '2.5'),
(14005, 406, 2, '2'),
(14006, 406, 3, '2'),
(14007, 406, 4, '2.5'),
(14008, 406, 5, '3.5'),
(14009, 406, 6, '0'),
(14010, 408, 1, '0'),
(14011, 408, 2, '0'),
(14012, 408, 3, '0'),
(14013, 408, 4, '0'),
(14014, 408, 5, '0'),
(14015, 408, 6, '0'),
(14016, 410, 1, '2'),
(14017, 410, 2, '3'),
(14018, 410, 3, '2'),
(14019, 410, 4, '0'),
(14020, 410, 5, '2.5'),
(14021, 410, 6, '0'),
(14022, 412, 1, '2.5'),
(14023, 412, 2, '3'),
(14024, 412, 3, '2.5'),
(14025, 412, 4, '2.5'),
(14026, 412, 5, '3'),
(14027, 412, 6, '3'),
(14028, 414, 1, '3'),
(14029, 414, 2, '2'),
(14030, 414, 3, '3'),
(14031, 414, 4, '2'),
(14032, 414, 5, '3'),
(14033, 414, 6, '3'),
(14034, 416, 1, '3'),
(14035, 416, 2, '3'),
(14036, 416, 3, '3'),
(14037, 416, 4, '2.5'),
(14038, 416, 5, '3.75'),
(14039, 416, 6, '3.5'),
(14040, 418, 1, '2'),
(14041, 418, 2, '3.5'),
(14042, 418, 3, '3'),
(14043, 418, 4, '2.5'),
(14044, 418, 5, '2.5'),
(14045, 418, 6, '0'),
(14046, 420, 1, '0'),
(14047, 420, 2, '0'),
(14048, 420, 3, '0'),
(14049, 420, 4, '0'),
(14050, 420, 5, '0'),
(14051, 420, 6, '0'),
(14052, 422, 1, '3.5'),
(14053, 422, 2, '3'),
(14054, 422, 3, '3'),
(14055, 422, 4, '2'),
(14056, 422, 5, '3'),
(14057, 422, 6, '3.75'),
(14058, 424, 1, '2'),
(14059, 424, 2, '4'),
(14060, 424, 3, '3.75'),
(14061, 424, 4, '3.75'),
(14062, 424, 5, '0'),
(14063, 424, 6, '3.75'),
(14064, 426, 1, '0'),
(14065, 426, 2, '0'),
(14066, 426, 3, '0'),
(14067, 426, 4, '0'),
(14068, 426, 5, '0'),
(14069, 426, 6, '0'),
(14070, 428, 1, '0'),
(14071, 428, 2, '0'),
(14072, 428, 3, '0'),
(14073, 428, 4, '0'),
(14074, 428, 5, '0'),
(14075, 428, 6, '0'),
(14076, 430, 1, '2'),
(14077, 430, 2, '2.5'),
(14078, 430, 3, '3.75'),
(14079, 430, 4, '2'),
(14080, 430, 5, '2.5'),
(14081, 430, 6, '1'),
(14082, 432, 1, '3.5'),
(14083, 432, 2, '3.5'),
(14084, 432, 3, '3.5'),
(14085, 432, 4, '3'),
(14086, 432, 5, '3.5'),
(14087, 432, 6, '2.5'),
(14088, 434, 1, '2.5'),
(14089, 434, 2, '3.5'),
(14090, 434, 3, '3.75'),
(14091, 434, 4, '2'),
(14092, 434, 5, '3'),
(14093, 434, 6, '3'),
(14094, 436, 1, '1'),
(14095, 436, 2, '0'),
(14096, 436, 3, '0'),
(14097, 436, 4, '0'),
(14098, 436, 5, '0'),
(14099, 436, 6, '0'),
(14100, 438, 1, '3.5'),
(14101, 438, 2, '3'),
(14102, 438, 3, '3.75'),
(14103, 438, 4, '2.5'),
(14104, 438, 5, '3'),
(14105, 438, 6, '3'),
(14106, 440, 1, '2.5'),
(14107, 440, 2, '2.5'),
(14108, 440, 3, '3.5'),
(14109, 440, 4, '0'),
(14110, 440, 5, '1'),
(14111, 440, 6, '0'),
(14112, 442, 1, '3.5'),
(14113, 442, 2, '3.75'),
(14114, 442, 3, '3'),
(14115, 442, 4, '2.5'),
(14116, 442, 5, '3'),
(14117, 442, 6, '2.5'),
(14118, 444, 1, '2'),
(14119, 444, 2, '3'),
(14120, 444, 3, '0'),
(14121, 444, 4, '2'),
(14122, 444, 5, '2.5'),
(14123, 444, 6, '2.5'),
(14124, 446, 1, '2'),
(14125, 446, 2, '3.5'),
(14126, 446, 3, '3.5'),
(14127, 446, 4, '2.5'),
(14128, 446, 5, '1'),
(14129, 446, 6, '2.5'),
(14130, 448, 1, '2'),
(14131, 448, 2, '3'),
(14132, 448, 3, '3'),
(14133, 448, 4, '3'),
(14134, 448, 5, '1'),
(14135, 448, 6, '2.5'),
(14136, 450, 1, '2'),
(14137, 450, 2, '3.5'),
(14138, 450, 3, '3.5'),
(14139, 450, 4, '0'),
(14140, 450, 5, '3'),
(14141, 450, 6, '0'),
(14142, 452, 1, '3'),
(14143, 452, 2, '0'),
(14144, 452, 3, '0'),
(14145, 452, 4, '0'),
(14146, 452, 5, '0'),
(14147, 452, 6, '0'),
(14148, 454, 1, '4'),
(14149, 454, 2, '3.75'),
(14150, 454, 3, '3.75'),
(14151, 454, 4, '0'),
(14152, 454, 5, '3'),
(14153, 454, 6, '3'),
(14154, 456, 1, '0'),
(14155, 456, 2, '0'),
(14156, 456, 3, '0'),
(14157, 456, 4, '0'),
(14158, 456, 5, '0'),
(14159, 456, 6, '0'),
(14160, 458, 1, '2.5'),
(14161, 458, 2, '0'),
(14162, 458, 3, '0'),
(14163, 458, 4, '0'),
(14164, 458, 5, '0'),
(14165, 458, 6, '0'),
(14166, 460, 1, '3.75'),
(14167, 460, 2, '3.75'),
(14168, 460, 3, '2'),
(14169, 460, 4, '3'),
(14170, 460, 5, '3'),
(14171, 460, 6, '1'),
(14172, 462, 1, '2.5'),
(14173, 462, 2, '2'),
(14174, 462, 3, '3.5'),
(14175, 462, 4, '0'),
(14176, 462, 5, '0'),
(14177, 462, 6, '2.5'),
(14178, 464, 1, '0'),
(14179, 464, 2, '0'),
(14180, 464, 3, '0'),
(14181, 464, 4, '0'),
(14182, 464, 5, '0'),
(14183, 464, 6, '0'),
(14184, 466, 1, '0'),
(14185, 466, 2, '0'),
(14186, 466, 3, '0'),
(14187, 466, 4, '0'),
(14188, 466, 5, '0'),
(14189, 466, 6, '0'),
(14190, 468, 1, '3'),
(14191, 468, 2, '2.5'),
(14192, 468, 3, '3'),
(14193, 468, 4, '2'),
(14194, 468, 5, '1'),
(14195, 468, 6, '3'),
(14196, 470, 1, '3'),
(14197, 470, 2, '3'),
(14198, 470, 3, '3'),
(14199, 470, 4, '0'),
(14200, 470, 5, '3'),
(14201, 470, 6, '3'),
(14202, 472, 1, '2'),
(14203, 472, 2, '2.5'),
(14204, 472, 3, '3'),
(14205, 472, 4, '2'),
(14206, 472, 5, '1'),
(14207, 472, 6, '2.5'),
(14208, 474, 1, '2.5'),
(14209, 474, 2, '2.5'),
(14210, 474, 3, '0'),
(14211, 474, 4, '2'),
(14212, 474, 5, '2'),
(14213, 474, 6, '0'),
(14214, 476, 1, '3.5'),
(14215, 476, 2, '0'),
(14216, 476, 3, '3.5'),
(14217, 476, 4, '0'),
(14218, 476, 5, '0'),
(14219, 476, 6, '0'),
(14220, 478, 1, '3'),
(14221, 478, 2, '2.5'),
(14222, 478, 3, '0'),
(14223, 478, 4, '2.5'),
(14224, 478, 5, '1'),
(14225, 478, 6, '2.5'),
(14226, 480, 1, '3'),
(14227, 480, 2, '3'),
(14228, 480, 3, '0'),
(14229, 480, 4, '2.5'),
(14230, 480, 5, '0'),
(14231, 480, 6, '2.5'),
(14232, 482, 1, '2.5'),
(14233, 482, 2, '2.5'),
(14234, 482, 3, '3'),
(14235, 482, 4, '2'),
(14236, 482, 5, '0'),
(14237, 482, 6, '0'),
(14238, 484, 1, '2.5'),
(14239, 484, 2, '2'),
(14240, 484, 3, '3'),
(14241, 484, 4, '2'),
(14242, 484, 5, '1'),
(14243, 484, 6, '1'),
(14244, 486, 1, '3'),
(14245, 486, 2, '3'),
(14246, 486, 3, '3'),
(14247, 486, 4, '2'),
(14248, 486, 5, '2.5'),
(14249, 486, 6, '2.5'),
(14250, 488, 1, '0'),
(14251, 488, 2, '0'),
(14252, 488, 3, '0'),
(14253, 488, 4, '0'),
(14254, 488, 5, '0'),
(14255, 488, 6, '0'),
(14256, 490, 1, '2'),
(14257, 490, 2, '3'),
(14258, 490, 3, '3'),
(14259, 490, 4, '2'),
(14260, 490, 5, '0'),
(14261, 490, 6, '0'),
(14262, 492, 1, '2'),
(14263, 492, 2, '2.5'),
(14264, 492, 3, '2.5'),
(14265, 492, 4, '2'),
(14266, 492, 5, '1'),
(14267, 492, 6, '0'),
(14268, 494, 1, '0'),
(14269, 494, 2, '0'),
(14270, 494, 3, '0'),
(14271, 494, 4, '0'),
(14272, 494, 5, '0'),
(14273, 494, 6, '0'),
(14274, 496, 1, '3'),
(14275, 496, 2, '3'),
(14276, 496, 3, '3.5'),
(14277, 496, 4, '2'),
(14278, 496, 5, '2.5'),
(14279, 496, 6, '3'),
(14280, 498, 1, '2.5'),
(14281, 498, 2, '0'),
(14282, 498, 3, '0'),
(14283, 498, 4, '0'),
(14284, 498, 5, '0'),
(14285, 498, 6, '0'),
(14286, 500, 1, '2.5'),
(14287, 500, 2, '3'),
(14288, 500, 3, '2.5'),
(14289, 500, 4, '2'),
(14290, 500, 5, '1'),
(14291, 500, 6, '0'),
(14292, 502, 1, '3'),
(14293, 502, 2, '2'),
(14294, 502, 3, '0'),
(14295, 502, 4, '0'),
(14296, 502, 5, '0'),
(14297, 502, 6, '0'),
(14298, 504, 1, '0'),
(14299, 504, 2, '0'),
(14300, 504, 3, '0'),
(14301, 504, 4, '0'),
(14302, 504, 5, '0'),
(14303, 504, 6, '0'),
(14304, 506, 1, '0'),
(14305, 506, 2, '0'),
(14306, 506, 3, '0'),
(14307, 506, 4, '0'),
(14308, 506, 5, '0'),
(14309, 506, 6, '0'),
(14310, 508, 1, '0'),
(14311, 508, 2, '0'),
(14312, 508, 3, '0'),
(14313, 508, 4, '0'),
(14314, 508, 5, '0'),
(14315, 508, 6, '0'),
(14316, 510, 1, '0'),
(14317, 510, 2, '0'),
(14318, 510, 3, '0'),
(14319, 510, 4, '0'),
(14320, 510, 5, '0'),
(14321, 510, 6, '0'),
(14322, 512, 1, '2.5'),
(14323, 512, 2, '0'),
(14324, 512, 3, '3'),
(14325, 512, 4, '0'),
(14326, 512, 5, '0'),
(14327, 512, 6, '0'),
(14328, 514, 1, '2'),
(14329, 514, 2, '3'),
(14330, 514, 3, '2'),
(14331, 514, 4, '2'),
(14332, 514, 5, '0'),
(14333, 514, 6, '2'),
(14334, 516, 1, '3'),
(14335, 516, 2, '3.75'),
(14336, 516, 3, '3.75'),
(14337, 516, 4, '3.5'),
(14338, 516, 5, '3.5'),
(14339, 516, 6, '3'),
(14340, 518, 1, '0'),
(14341, 518, 2, '0'),
(14342, 518, 3, '0'),
(14343, 518, 4, '0'),
(14344, 518, 5, '0'),
(14345, 518, 6, '0'),
(14346, 520, 1, '2.5'),
(14347, 520, 2, '2.5'),
(14348, 520, 3, '3'),
(14349, 520, 4, '1'),
(14350, 520, 5, '1'),
(14351, 520, 6, '2.5'),
(14352, 522, 1, '2'),
(14353, 522, 2, '2'),
(14354, 522, 3, '2.5'),
(14355, 522, 4, '2'),
(14356, 522, 5, '2'),
(14357, 522, 6, '2.5'),
(14358, 524, 1, '2.5'),
(14359, 524, 2, '2'),
(14360, 524, 3, '3.5'),
(14361, 524, 4, '0'),
(14362, 524, 5, '0'),
(14363, 524, 6, '1'),
(14364, 526, 1, '0'),
(14365, 526, 2, '0'),
(14366, 526, 3, '0'),
(14367, 526, 4, '0'),
(14368, 526, 5, '0'),
(14369, 526, 6, '0'),
(14370, 528, 1, '3'),
(14371, 528, 2, '3'),
(14372, 528, 3, '2'),
(14373, 528, 4, '0'),
(14374, 528, 5, '2.5'),
(14375, 528, 6, '0'),
(14376, 530, 1, '3'),
(14377, 530, 2, '3'),
(14378, 530, 3, '3'),
(14379, 530, 4, '1'),
(14380, 530, 5, '3'),
(14381, 530, 6, '2.5'),
(14382, 532, 1, '2.5'),
(14383, 532, 2, '0'),
(14384, 532, 3, '0'),
(14385, 532, 4, '2'),
(14386, 532, 5, '1'),
(14387, 532, 6, '0'),
(14388, 534, 1, '2.5'),
(14389, 534, 2, '3'),
(14390, 534, 3, '3.5'),
(14391, 534, 4, '2'),
(14392, 534, 5, '3'),
(14393, 534, 6, '2.5'),
(14394, 536, 1, '2'),
(14395, 536, 2, '2.5'),
(14396, 536, 3, '3.5'),
(14397, 536, 4, '2'),
(14398, 536, 5, '2.5'),
(14399, 536, 6, '2'),
(14400, 538, 1, '3'),
(14401, 538, 2, '2.5'),
(14402, 538, 3, '2.5'),
(14403, 538, 4, '2'),
(14404, 538, 5, '2.5'),
(14405, 538, 6, '2.5'),
(14406, 540, 1, '3'),
(14407, 540, 2, '3'),
(14408, 540, 3, '2.5'),
(14409, 540, 4, '2'),
(14410, 540, 5, '0'),
(14411, 540, 6, '0'),
(14412, 542, 1, '0'),
(14413, 542, 2, '0'),
(14414, 542, 3, '0'),
(14415, 542, 4, '0'),
(14416, 542, 5, '0'),
(14417, 542, 6, '0'),
(14418, 544, 1, '3.75'),
(14419, 544, 2, '3.75'),
(14420, 544, 3, '3.75'),
(14421, 544, 4, '3'),
(14422, 544, 5, '3'),
(14423, 544, 6, '0'),
(14424, 546, 1, '2'),
(14425, 546, 2, '2.5'),
(14426, 546, 3, '2.5'),
(14427, 546, 4, '2'),
(14428, 546, 5, '2.5'),
(14429, 546, 6, '2.5'),
(14430, 548, 1, '1'),
(14431, 548, 2, '3'),
(14432, 548, 3, '2.5'),
(14433, 548, 4, '2'),
(14434, 548, 5, '2.5'),
(14435, 548, 6, '3'),
(14436, 550, 1, '3'),
(14437, 550, 2, '3.5'),
(14438, 550, 3, '3'),
(14439, 550, 4, '0'),
(14440, 550, 5, '0'),
(14441, 550, 6, '0'),
(14442, 552, 1, '0'),
(14443, 552, 2, '0'),
(14444, 552, 3, '0'),
(14445, 552, 4, '0'),
(14446, 552, 5, '0'),
(14447, 552, 6, '0'),
(14448, 554, 1, '0'),
(14449, 554, 2, '0'),
(14450, 554, 3, '0'),
(14451, 554, 4, '0'),
(14452, 554, 5, '0'),
(14453, 554, 6, '0'),
(14454, 556, 1, '0'),
(14455, 556, 2, '0'),
(14456, 556, 3, '0'),
(14457, 556, 4, '0'),
(14458, 556, 5, '0'),
(14459, 556, 6, '0'),
(14460, 558, 1, '3'),
(14461, 558, 2, '0'),
(14462, 558, 3, '0'),
(14463, 558, 4, '0'),
(14464, 558, 5, '0'),
(14465, 558, 6, '0'),
(14466, 560, 1, '3.5'),
(14467, 560, 2, '3.75'),
(14468, 560, 3, '3.75'),
(14469, 560, 4, '2.5'),
(14470, 560, 5, '3.5'),
(14471, 560, 6, '3.5'),
(14472, 562, 1, '0'),
(14473, 562, 2, '0'),
(14474, 562, 3, '0'),
(14475, 562, 4, '0'),
(14476, 562, 5, '0'),
(14477, 562, 6, '0'),
(14478, 564, 1, '3.75'),
(14479, 564, 2, '3.75'),
(14480, 564, 3, '3.75'),
(14481, 564, 4, '3.75'),
(14482, 564, 5, '3.75'),
(14483, 564, 6, '3.75'),
(14484, 566, 1, '2'),
(14485, 566, 2, '2.5'),
(14486, 566, 3, '3'),
(14487, 566, 4, '2'),
(14488, 566, 5, '1'),
(14489, 566, 6, '2.5'),
(14490, 568, 1, '3.5'),
(14491, 568, 2, '2.5'),
(14492, 568, 3, '3.5'),
(14493, 568, 4, '0'),
(14494, 568, 5, '0'),
(14495, 568, 6, '1'),
(14496, 570, 1, '2.5'),
(14497, 570, 2, '3.5'),
(14498, 570, 3, '3.75'),
(14499, 570, 4, '3'),
(14500, 570, 5, '3.5'),
(14501, 570, 6, '3'),
(14502, 572, 1, '3'),
(14503, 572, 2, '2.5'),
(14504, 572, 3, '2'),
(14505, 572, 4, '0'),
(14506, 572, 5, '0'),
(14507, 572, 6, '0'),
(14508, 574, 1, '0'),
(14509, 574, 2, '0'),
(14510, 574, 3, '0'),
(14511, 574, 4, '0'),
(14512, 574, 5, '0'),
(14513, 574, 6, '0'),
(14514, 576, 1, '0'),
(14515, 576, 2, '0'),
(14516, 576, 3, '0'),
(14517, 576, 4, '0'),
(14518, 576, 5, '0'),
(14519, 576, 6, '0'),
(14520, 578, 1, '2.5'),
(14521, 578, 2, '3.5'),
(14522, 578, 3, '4'),
(14523, 578, 4, '2.5'),
(14524, 578, 5, '1'),
(14525, 578, 6, '2'),
(14526, 580, 1, '0'),
(14527, 580, 2, '0'),
(14528, 580, 3, '0'),
(14529, 580, 4, '0'),
(14530, 580, 5, '0'),
(14531, 580, 6, '0'),
(14532, 582, 1, '0'),
(14533, 582, 2, '0'),
(14534, 582, 3, '0'),
(14535, 582, 4, '0'),
(14536, 582, 5, '0'),
(14537, 582, 6, '0'),
(14538, 584, 1, '0'),
(14539, 584, 2, '0'),
(14540, 584, 3, '0'),
(14541, 584, 4, '0'),
(14542, 584, 5, '0'),
(14543, 584, 6, '0'),
(14544, 586, 1, '1'),
(14545, 586, 2, '2'),
(14546, 586, 3, '3'),
(14547, 586, 4, '1'),
(14548, 586, 5, '1'),
(14549, 586, 6, '0'),
(14550, 588, 1, '2'),
(14551, 588, 2, '0'),
(14552, 588, 3, '0'),
(14553, 588, 4, '0'),
(14554, 588, 5, '0'),
(14555, 588, 6, '0'),
(14556, 590, 1, '3'),
(14557, 590, 2, '3'),
(14558, 590, 3, '3.75'),
(14559, 590, 4, '2.5'),
(14560, 590, 5, '3'),
(14561, 590, 6, '2.5'),
(14562, 592, 1, '3'),
(14563, 592, 2, '3'),
(14564, 592, 3, '2'),
(14565, 592, 4, '3'),
(14566, 592, 5, '0'),
(14567, 592, 6, '0'),
(14568, 594, 1, '2.5'),
(14569, 594, 2, '2'),
(14570, 594, 3, '3.5'),
(14571, 594, 4, '3.5'),
(14572, 594, 5, '2.5'),
(14573, 594, 6, '0'),
(14574, 596, 1, '0'),
(14575, 596, 2, '0'),
(14576, 596, 3, '0'),
(14577, 596, 4, '0'),
(14578, 596, 5, '0'),
(14579, 596, 6, '0'),
(14580, 598, 1, '2.5'),
(14581, 598, 2, '3'),
(14582, 598, 3, '2.5'),
(14583, 598, 4, '3'),
(14584, 598, 5, '3'),
(14585, 598, 6, '3.5'),
(14586, 600, 1, '0'),
(14587, 600, 2, '0'),
(14588, 600, 3, '0'),
(14589, 600, 4, '0'),
(14590, 600, 5, '0'),
(14591, 600, 6, '0'),
(14592, 602, 1, '0'),
(14593, 602, 2, '0'),
(14594, 602, 3, '0'),
(14595, 602, 4, '0'),
(14596, 602, 5, '0'),
(14597, 602, 6, '0'),
(14598, 604, 1, '0'),
(14599, 604, 2, '0'),
(14600, 604, 3, '0'),
(14601, 604, 4, '0'),
(14602, 604, 5, '0'),
(14603, 604, 6, '0'),
(14604, 606, 1, '0'),
(14605, 606, 2, '0'),
(14606, 606, 3, '0'),
(14607, 606, 4, '0'),
(14608, 606, 5, '0'),
(14609, 606, 6, '0'),
(14610, 608, 1, '0'),
(14611, 608, 2, '0'),
(14612, 608, 3, '0'),
(14613, 608, 4, '0'),
(14614, 608, 5, '0'),
(14615, 608, 6, '0'),
(14616, 610, 1, '2'),
(14617, 610, 2, '3.5'),
(14618, 610, 3, '3.75'),
(14619, 610, 4, '2'),
(14620, 610, 5, '3'),
(14621, 610, 6, '3.5'),
(14622, 612, 1, '3.5'),
(14623, 612, 2, '3.5'),
(14624, 612, 3, '2.5'),
(14625, 612, 4, '2'),
(14626, 612, 5, '1'),
(14627, 612, 6, '2.5'),
(14628, 614, 1, '2.5'),
(14629, 614, 2, '3.5'),
(14630, 614, 3, '3.5'),
(14631, 614, 4, '2'),
(14632, 614, 5, '2.5'),
(14633, 614, 6, '2'),
(14634, 616, 1, '0'),
(14635, 616, 2, '3'),
(14636, 616, 3, '2'),
(14637, 616, 4, '0'),
(14638, 616, 5, '0'),
(14639, 616, 6, '0'),
(14640, 618, 1, '3'),
(14641, 618, 2, '3.5'),
(14642, 618, 3, '0'),
(14643, 618, 4, '3'),
(14644, 618, 5, '0'),
(14645, 618, 6, '0'),
(14646, 620, 1, '0'),
(14647, 620, 2, '0'),
(14648, 620, 3, '0'),
(14649, 620, 4, '0'),
(14650, 620, 5, '0'),
(14651, 620, 6, '0'),
(14652, 622, 1, '3'),
(14653, 622, 2, '2.5'),
(14654, 622, 3, '2.5'),
(14655, 622, 4, '2'),
(14656, 622, 5, '0'),
(14657, 622, 6, '0'),
(14658, 624, 1, '3'),
(14659, 624, 2, '3'),
(14660, 624, 3, '0'),
(14661, 624, 4, '2.5'),
(14662, 624, 5, '0'),
(14663, 624, 6, '0'),
(14664, 626, 1, '3.5'),
(14665, 626, 2, '3'),
(14666, 626, 3, '3.75'),
(14667, 626, 4, '3'),
(14668, 626, 5, '0'),
(14669, 626, 6, '0'),
(14670, 628, 1, '0'),
(14671, 628, 2, '0'),
(14672, 628, 3, '0'),
(14673, 628, 4, '0'),
(14674, 628, 5, '0'),
(14675, 628, 6, '0'),
(14676, 630, 1, '3.5'),
(14677, 630, 2, '3'),
(14678, 630, 3, '3.5'),
(14679, 630, 4, '3'),
(14680, 630, 5, '0'),
(14681, 630, 6, '0'),
(14682, 632, 1, '0'),
(14683, 632, 2, '0'),
(14684, 632, 3, '0'),
(14685, 632, 4, '0'),
(14686, 632, 5, '0'),
(14687, 632, 6, '0'),
(14688, 634, 1, '2.5'),
(14689, 634, 2, '2.5'),
(14690, 634, 3, '0'),
(14691, 634, 4, '3.5'),
(14692, 634, 5, '0'),
(14693, 634, 6, '0'),
(14694, 636, 1, '2'),
(14695, 636, 2, '0'),
(14696, 636, 3, '0'),
(14697, 636, 4, '0'),
(14698, 636, 5, '0'),
(14699, 636, 6, '0'),
(14700, 638, 1, '0'),
(14701, 638, 2, '0'),
(14702, 638, 3, '0'),
(14703, 638, 4, '0'),
(14704, 638, 5, '0'),
(14705, 638, 6, '0'),
(14706, 640, 1, '0'),
(14707, 640, 2, '3'),
(14708, 640, 3, '0'),
(14709, 640, 4, '0'),
(14710, 640, 5, '0'),
(14711, 640, 6, '0'),
(14712, 642, 1, '3'),
(14713, 642, 2, '3'),
(14714, 642, 3, '0'),
(14715, 642, 4, '0'),
(14716, 642, 5, '0'),
(14717, 642, 6, '0'),
(14718, 644, 1, '3.75'),
(14719, 644, 2, '3.75'),
(14720, 644, 3, '0'),
(14721, 644, 4, '0'),
(14722, 644, 5, '0'),
(14723, 644, 6, '0'),
(14724, 646, 1, '3'),
(14725, 646, 2, '3.5'),
(14726, 646, 3, '0'),
(14727, 646, 4, '2.5'),
(14728, 646, 5, '0'),
(14729, 646, 6, '0'),
(14730, 648, 1, '0'),
(14731, 648, 2, '0'),
(14732, 648, 3, '0'),
(14733, 648, 4, '0'),
(14734, 648, 5, '0'),
(14735, 648, 6, '0'),
(14736, 650, 1, '0'),
(14737, 650, 2, '3.75'),
(14738, 650, 3, '0'),
(14739, 650, 4, '3'),
(14740, 650, 5, '0'),
(14741, 650, 6, '0'),
(14742, 652, 1, '0'),
(14743, 652, 2, '0'),
(14744, 652, 3, '0'),
(14745, 652, 4, '0'),
(14746, 652, 5, '0'),
(14747, 652, 6, '0'),
(14748, 654, 1, '3.5'),
(14749, 654, 2, '3.5'),
(14750, 654, 3, '0'),
(14751, 654, 4, '2.5'),
(14752, 654, 5, '0'),
(14753, 654, 6, '0'),
(14754, 656, 1, '3.5'),
(14755, 656, 2, '3.5'),
(14756, 656, 3, '0'),
(14757, 656, 4, '2.5'),
(14758, 656, 5, '0'),
(14759, 656, 6, '0'),
(14760, 658, 1, '0'),
(14761, 658, 2, '0'),
(14762, 658, 3, '0'),
(14763, 658, 4, '0'),
(14764, 658, 5, '0'),
(14765, 658, 6, '0'),
(14766, 660, 1, '2'),
(14767, 660, 2, '3'),
(14768, 660, 3, '0'),
(14769, 660, 4, '2.5'),
(14770, 660, 5, '0'),
(14771, 660, 6, '0'),
(14772, 662, 1, '0'),
(14773, 662, 2, '0'),
(14774, 662, 3, '0'),
(14775, 662, 4, '0'),
(14776, 662, 5, '0'),
(14777, 662, 6, '0'),
(14778, 664, 1, '3'),
(14779, 664, 2, '0'),
(14780, 664, 3, '0'),
(14781, 664, 4, '0'),
(14782, 664, 5, '0'),
(14783, 664, 6, '0'),
(14784, 666, 1, '2'),
(14785, 666, 2, '3'),
(14786, 666, 3, '0'),
(14787, 666, 4, '0'),
(14788, 666, 5, '0'),
(14789, 666, 6, '0'),
(14790, 668, 1, '2.5'),
(14791, 668, 2, '3'),
(14792, 668, 3, '0'),
(14793, 668, 4, '0'),
(14794, 668, 5, '0'),
(14795, 668, 6, '0'),
(14796, 670, 1, '0'),
(14797, 670, 2, '3.75'),
(14798, 670, 3, '0'),
(14799, 670, 4, '0'),
(14800, 670, 5, '0'),
(14801, 670, 6, '0'),
(14802, 672, 1, '0'),
(14803, 672, 2, '0'),
(14804, 672, 3, '0'),
(14805, 672, 4, '0'),
(14806, 672, 5, '0'),
(14807, 672, 6, '0'),
(14808, 674, 1, '3'),
(14809, 674, 2, '0'),
(14810, 674, 3, '3.75'),
(14811, 674, 4, '3.75'),
(14812, 674, 5, '0'),
(14813, 674, 6, '0'),
(14814, 676, 1, '3.5'),
(14815, 676, 2, '2.5'),
(14816, 676, 3, '3'),
(14817, 676, 4, '3'),
(14818, 676, 5, '0'),
(14819, 676, 6, '0'),
(14820, 678, 1, '3.75'),
(14821, 678, 2, '0'),
(14822, 678, 3, '3.75'),
(14823, 678, 4, '4'),
(14824, 678, 5, '0'),
(14825, 678, 6, '0'),
(14826, 680, 1, '0'),
(14827, 680, 2, '0'),
(14828, 680, 3, '0'),
(14829, 680, 4, '0'),
(14830, 680, 5, '0'),
(14831, 680, 6, '0'),
(14832, 682, 1, '3.75'),
(14833, 682, 2, '3'),
(14834, 682, 3, '3'),
(14835, 682, 4, '3'),
(14836, 682, 5, '0'),
(14837, 682, 6, '0'),
(14838, 684, 1, '0'),
(14839, 684, 2, '0'),
(14840, 684, 3, '0'),
(14841, 684, 4, '0'),
(14842, 684, 5, '0'),
(14843, 684, 6, '0'),
(14844, 686, 1, '0'),
(14845, 686, 2, '3.5'),
(14846, 686, 3, '0'),
(14847, 686, 4, '0'),
(14848, 686, 5, '0'),
(14849, 686, 6, '0'),
(14850, 688, 1, '2.5'),
(14851, 688, 2, '2.5'),
(14852, 688, 3, '2'),
(14853, 688, 4, '0'),
(14854, 688, 5, '0'),
(14855, 688, 6, '0'),
(14856, 690, 1, '3'),
(14857, 690, 2, '3.5'),
(14858, 690, 3, '0'),
(14859, 690, 4, '2'),
(14860, 690, 5, '0'),
(14861, 690, 6, '0'),
(14862, 692, 1, '3'),
(14863, 692, 2, '3.5'),
(14864, 692, 3, '0'),
(14865, 692, 4, '2'),
(14866, 692, 5, '0'),
(14867, 692, 6, '0'),
(14868, 694, 1, '2.5'),
(14869, 694, 2, '3'),
(14870, 694, 3, '0'),
(14871, 694, 4, '0'),
(14872, 694, 5, '0'),
(14873, 694, 6, '0'),
(14874, 696, 1, '3.75'),
(14875, 696, 2, '3'),
(14876, 696, 3, '3.5'),
(14877, 696, 4, '2.5'),
(14878, 696, 5, '0'),
(14879, 696, 6, '0'),
(14880, 698, 1, '0'),
(14881, 698, 2, '2'),
(14882, 698, 3, '0'),
(14883, 698, 4, '2.5'),
(14884, 698, 5, '0'),
(14885, 698, 6, '0'),
(14886, 700, 1, '0'),
(14887, 700, 2, '0'),
(14888, 700, 3, '0'),
(14889, 700, 4, '0'),
(14890, 700, 5, '0'),
(14891, 700, 6, '0'),
(14892, 702, 1, '2.5'),
(14893, 702, 2, '3.5'),
(14894, 702, 3, '0'),
(14895, 702, 4, '2.5'),
(14896, 702, 5, '0'),
(14897, 702, 6, '0'),
(14898, 704, 1, '0'),
(14899, 704, 2, '0'),
(14900, 704, 3, '0'),
(14901, 704, 4, '0'),
(14902, 704, 5, '0'),
(14903, 704, 6, '0'),
(14904, 706, 1, '2.5'),
(14905, 706, 2, '3.5'),
(14906, 706, 3, '0'),
(14907, 706, 4, '2.5'),
(14908, 706, 5, '0'),
(14909, 706, 6, '0'),
(14910, 708, 1, '0'),
(14911, 708, 2, '0'),
(14912, 708, 3, '0'),
(14913, 708, 4, '0'),
(14914, 708, 5, '0'),
(14915, 708, 6, '0'),
(14916, 710, 1, '0'),
(14917, 710, 2, '0'),
(14918, 710, 3, '0'),
(14919, 710, 4, '0'),
(14920, 710, 5, '0'),
(14921, 710, 6, '0'),
(14922, 712, 1, '0'),
(14923, 712, 2, '0'),
(14924, 712, 3, '0'),
(14925, 712, 4, '0'),
(14926, 712, 5, '0'),
(14927, 712, 6, '0'),
(14928, 714, 1, '2'),
(14929, 714, 2, '1'),
(14930, 714, 3, '1'),
(14931, 714, 4, '0'),
(14932, 714, 5, '0'),
(14933, 714, 6, '0'),
(14934, 716, 1, '0'),
(14935, 716, 2, '0'),
(14936, 716, 3, '0'),
(14937, 716, 4, '0'),
(14938, 716, 5, '0'),
(14939, 716, 6, '0'),
(14940, 718, 1, '3'),
(14941, 718, 2, '2'),
(14942, 718, 3, '1'),
(14943, 718, 4, '0'),
(14944, 718, 5, '0'),
(14945, 718, 6, '0'),
(14946, 720, 1, '3'),
(14947, 720, 2, '2.5'),
(14948, 720, 3, '0'),
(14949, 720, 4, '0'),
(14950, 720, 5, '0'),
(14951, 720, 6, '0'),
(14952, 722, 1, '0'),
(14953, 722, 2, '0'),
(14954, 722, 3, '0'),
(14955, 722, 4, '0'),
(14956, 722, 5, '0'),
(14957, 722, 6, '0'),
(14958, 724, 1, '2.5'),
(14959, 724, 2, '2'),
(14960, 724, 3, '2.5'),
(14961, 724, 4, '1'),
(14962, 724, 5, '0'),
(14963, 724, 6, '0'),
(14964, 726, 1, '2'),
(14965, 726, 2, '2.5'),
(14966, 726, 3, '0'),
(14967, 726, 4, '0'),
(14968, 726, 5, '0'),
(14969, 726, 6, '0'),
(14970, 728, 1, '2.5'),
(14971, 728, 2, '2'),
(14972, 728, 3, '2'),
(14973, 728, 4, '2.5'),
(14974, 728, 5, '0'),
(14975, 728, 6, '0'),
(14976, 730, 1, '0'),
(14977, 730, 2, '3.75'),
(14978, 730, 3, '0'),
(14979, 730, 4, '0'),
(14980, 730, 5, '0'),
(14981, 730, 6, '0'),
(14982, 732, 1, '0'),
(14983, 732, 2, '0'),
(14984, 732, 3, '0'),
(14985, 732, 4, '0'),
(14986, 732, 5, '0'),
(14987, 732, 6, '0'),
(14988, 734, 1, '2.5'),
(14989, 734, 2, '3.5'),
(14990, 734, 3, '3'),
(14991, 734, 4, '2.5'),
(14992, 734, 5, '0'),
(14993, 734, 6, '0'),
(14994, 736, 1, '3.5'),
(14995, 736, 2, '2.5'),
(14996, 736, 3, '2'),
(14997, 736, 4, '2'),
(14998, 736, 5, '0'),
(14999, 736, 6, '0'),
(15000, 738, 1, '2.5'),
(15001, 738, 2, '2'),
(15002, 738, 3, '0'),
(15003, 738, 4, '2'),
(15004, 738, 5, '0'),
(15005, 738, 6, '0'),
(15006, 740, 1, '3'),
(15007, 740, 2, '3.75'),
(15008, 740, 3, '3.5'),
(15009, 740, 4, '3'),
(15010, 740, 5, '0'),
(15011, 740, 6, '0'),
(15012, 742, 1, '0'),
(15013, 742, 2, '0'),
(15014, 742, 3, '0'),
(15015, 742, 4, '0'),
(15016, 742, 5, '0'),
(15017, 742, 6, '0'),
(15018, 744, 1, '1'),
(15019, 744, 2, '0'),
(15020, 744, 3, '0'),
(15021, 744, 4, '0'),
(15022, 744, 5, '0'),
(15023, 744, 6, '0'),
(15024, 746, 1, '3'),
(15025, 746, 2, '0'),
(15026, 746, 3, '2'),
(15027, 746, 4, '0'),
(15028, 746, 5, '0'),
(15029, 746, 6, '0'),
(15030, 748, 1, '2.5'),
(15031, 748, 2, '3.75'),
(15032, 748, 3, '3'),
(15033, 748, 4, '0'),
(15034, 748, 5, '0'),
(15035, 748, 6, '0'),
(15036, 750, 1, '2.5'),
(15037, 750, 2, '3.5'),
(15038, 750, 3, '0'),
(15039, 750, 4, '0'),
(15040, 750, 5, '0'),
(15041, 750, 6, '0'),
(15042, 752, 1, '0'),
(15043, 752, 2, '1'),
(15044, 752, 3, '0'),
(15045, 752, 4, '3'),
(15046, 752, 5, '0'),
(15047, 752, 6, '0');

-- --------------------------------------------------------

--
-- Struktur dari tabel `spa_testing`
--

CREATE TABLE `spa_testing` (
  `id_spa_testing` int(11) NOT NULL,
  `id_testing` int(11) NOT NULL,
  `id_status_spa` int(11) NOT NULL,
  `nilai_spa` char(10) NOT NULL
) ENGINE=InnoDB DEFAULT CHARSET=utf8mb4;

--
-- Dumping data untuk tabel `spa_testing`
--

INSERT INTO `spa_testing` (`id_spa_testing`, `id_testing`, `id_status_spa`, `nilai_spa`) VALUES
(7, 1, 1, '2.5'),
(8, 1, 2, '2'),
(9, 1, 3, '0'),
(10, 1, 4, '0'),
(11, 1, 5, '0'),
(12, 1, 6, '0'),
(13, 2, 1, '2'),
(14, 2, 2, '0'),
(15, 2, 3, '0'),
(16, 2, 4, '0'),
(17, 2, 5, '0'),
(18, 2, 6, '0'),
(19, 3, 1, '2'),
(20, 3, 2, '2'),
(21, 3, 3, '2.5'),
(22, 3, 4, '2'),
(23, 3, 5, '2.5'),
(24, 3, 6, '2'),
(25, 4, 1, '3.75'),
(26, 4, 2, '2.5'),
(27, 4, 3, '2'),
(28, 4, 4, '2'),
(29, 4, 5, '2.5'),
(30, 4, 6, '3'),
(31, 5, 1, '2'),
(32, 5, 2, '2'),
(33, 5, 3, '2'),
(34, 5, 4, '3'),
(35, 5, 5, '3'),
(36, 5, 6, '2.5'),
(37, 6, 1, '2'),
(38, 6, 2, '2'),
(39, 6, 3, '2'),
(40, 6, 4, '2'),
(41, 6, 5, '3'),
(42, 6, 6, '3.5'),
(43, 7, 1, '3.5'),
(44, 7, 2, '2.5'),
(45, 7, 3, '2.5'),
(46, 7, 4, '2.5'),
(47, 7, 5, '3'),
(48, 7, 6, '3.5'),
(49, 8, 1, '2'),
(50, 8, 2, '3'),
(51, 8, 3, '2'),
(52, 8, 4, '2'),
(53, 8, 5, '3.75'),
(54, 8, 6, '3.5'),
(55, 9, 1, '2'),
(56, 9, 2, '2.5'),
(57, 9, 3, '2'),
(58, 9, 4, '2'),
(59, 9, 5, '3'),
(60, 9, 6, '3.5'),
(61, 10, 1, '0'),
(62, 10, 2, '2.5'),
(63, 10, 3, '0'),
(64, 10, 4, '2'),
(65, 10, 5, '2'),
(66, 10, 6, '2'),
(67, 11, 1, '0'),
(68, 11, 2, '0'),
(69, 11, 3, '0'),
(70, 11, 4, '0'),
(71, 11, 5, '0'),
(72, 11, 6, '0'),
(73, 12, 1, '3'),
(74, 12, 2, '2.5'),
(75, 12, 3, '2.5'),
(76, 12, 4, '2'),
(77, 12, 5, '3.75'),
(78, 12, 6, '3.75'),
(79, 13, 1, '0'),
(80, 13, 2, '0'),
(81, 13, 3, '0'),
(82, 13, 4, '0'),
(83, 13, 5, '0'),
(84, 13, 6, '0'),
(85, 14, 1, '0'),
(86, 14, 2, '0'),
(87, 14, 3, '0'),
(88, 14, 4, '0'),
(89, 14, 5, '0'),
(90, 14, 6, '0'),
(91, 15, 1, '2'),
(92, 15, 2, '0'),
(93, 15, 3, '2'),
(94, 15, 4, '2.5'),
(95, 15, 5, '3'),
(96, 15, 6, '2.5'),
(97, 16, 1, '2'),
(98, 16, 2, '2'),
(99, 16, 3, '3'),
(100, 16, 4, '2'),
(101, 16, 5, '3.5'),
(102, 16, 6, '3.5'),
(103, 17, 1, '0'),
(104, 17, 2, '0'),
(105, 17, 3, '0'),
(106, 17, 4, '0'),
(107, 17, 5, '0'),
(108, 17, 6, '0'),
(109, 18, 1, '0'),
(110, 18, 2, '0'),
(111, 18, 3, '0'),
(112, 18, 4, '0'),
(113, 18, 5, '0'),
(114, 18, 6, '0'),
(115, 19, 1, '2'),
(116, 19, 2, '1'),
(117, 19, 3, '2.5'),
(118, 19, 4, '0'),
(119, 19, 5, '0'),
(120, 19, 6, '0'),
(121, 20, 1, '0'),
(122, 20, 2, '0'),
(123, 20, 3, '0'),
(124, 20, 4, '0'),
(125, 20, 5, '0'),
(126, 20, 6, '0'),
(127, 21, 1, '0'),
(128, 21, 2, '0'),
(129, 21, 3, '0'),
(130, 21, 4, '0'),
(131, 21, 5, '0'),
(132, 21, 6, '0'),
(133, 22, 1, '0'),
(134, 22, 2, '0'),
(135, 22, 3, '0'),
(136, 22, 4, '0'),
(137, 22, 5, '0'),
(138, 22, 6, '0'),
(139, 23, 1, '2'),
(140, 23, 2, '3'),
(141, 23, 3, '2.5'),
(142, 23, 4, '2'),
(143, 23, 5, '3'),
(144, 23, 6, '2'),
(145, 24, 1, '0'),
(146, 24, 2, '0'),
(147, 24, 3, '0'),
(148, 24, 4, '0'),
(149, 24, 5, '0'),
(150, 24, 6, '0'),
(151, 25, 1, '2'),
(152, 25, 2, '2'),
(153, 25, 3, '2'),
(154, 25, 4, '2'),
(155, 25, 5, '2.5'),
(156, 25, 6, '2.5'),
(157, 26, 1, '3.5'),
(158, 26, 2, '3'),
(159, 26, 3, '2.5'),
(160, 26, 4, '2'),
(161, 26, 5, '2'),
(162, 26, 6, '3.5'),
(163, 27, 1, '2'),
(164, 27, 2, '2.5'),
(165, 27, 3, '2.5'),
(166, 27, 4, '2'),
(167, 27, 5, '3.5'),
(168, 27, 6, '2.5'),
(169, 28, 1, '0'),
(170, 28, 2, '0'),
(171, 28, 3, '0'),
(172, 28, 4, '0'),
(173, 28, 5, '0'),
(174, 28, 6, '0'),
(175, 29, 1, '2.5'),
(176, 29, 2, '2'),
(177, 29, 3, '2'),
(178, 29, 4, '2'),
(179, 29, 5, '2.5'),
(180, 29, 6, '2.5'),
(181, 30, 1, '2'),
(182, 30, 2, '2.5'),
(183, 30, 3, '2'),
(184, 30, 4, '2.5'),
(185, 30, 5, '2'),
(186, 30, 6, '0'),
(187, 31, 1, '2.5'),
(188, 31, 2, '2'),
(189, 31, 3, '0'),
(190, 31, 4, '2.5'),
(191, 31, 5, '2.5'),
(192, 31, 6, '3.5'),
(193, 32, 1, '2'),
(194, 32, 2, '2.5'),
(195, 32, 3, '2'),
(196, 32, 4, '2.5'),
(197, 32, 5, '3'),
(198, 32, 6, '2'),
(199, 33, 1, '0'),
(200, 33, 2, '0'),
(201, 33, 3, '0'),
(202, 33, 4, '2'),
(203, 33, 5, '0'),
(204, 33, 6, '0'),
(205, 34, 1, '2'),
(206, 34, 2, '2.5'),
(207, 34, 3, '2'),
(208, 34, 4, '2'),
(209, 34, 5, '3'),
(210, 34, 6, '0'),
(211, 35, 1, '3'),
(212, 35, 2, '2.5'),
(213, 35, 3, '3'),
(214, 35, 4, '0'),
(215, 35, 5, '3'),
(216, 35, 6, '0'),
(217, 36, 1, '2.5'),
(218, 36, 2, '2.5'),
(219, 36, 3, '2.5'),
(220, 36, 4, '2.5'),
(221, 36, 5, '2.5'),
(222, 36, 6, '3'),
(223, 37, 1, '2.5'),
(224, 37, 2, '2'),
(225, 37, 3, '2.5'),
(226, 37, 4, '2.5'),
(227, 37, 5, '2'),
(228, 37, 6, '2'),
(229, 38, 1, '3'),
(230, 38, 2, '2.5'),
(231, 38, 3, '2'),
(232, 38, 4, '3'),
(233, 38, 5, '3.75'),
(234, 38, 6, '3'),
(235, 39, 1, '3'),
(236, 39, 2, '3'),
(237, 39, 3, '2.5'),
(238, 39, 4, '2.5'),
(239, 39, 5, '3.75'),
(240, 39, 6, '2.5'),
(241, 40, 1, '2.5'),
(242, 40, 2, '2.5'),
(243, 40, 3, '2.5'),
(244, 40, 4, '2'),
(245, 40, 5, '3'),
(246, 40, 6, '3'),
(247, 41, 1, '2'),
(248, 41, 2, '2'),
(249, 41, 3, '2'),
(250, 41, 4, '2'),
(251, 41, 5, '3'),
(252, 41, 6, '3'),
(253, 42, 1, '2'),
(254, 42, 2, '2'),
(255, 42, 3, '2.5'),
(256, 42, 4, '2'),
(257, 42, 5, '3.5'),
(258, 42, 6, '3'),
(259, 43, 1, '2.5'),
(260, 43, 2, '3'),
(261, 43, 3, '0'),
(262, 43, 4, '2'),
(263, 43, 5, '2.5'),
(264, 43, 6, '2'),
(265, 44, 1, '2.5'),
(266, 44, 2, '2.5'),
(267, 44, 3, '3'),
(268, 44, 4, '2.5'),
(269, 44, 5, '2'),
(270, 44, 6, '3'),
(271, 45, 1, '2'),
(272, 45, 2, '2'),
(273, 45, 3, '2'),
(274, 45, 4, '3'),
(275, 45, 5, '2.5'),
(276, 45, 6, '3'),
(277, 46, 1, '2'),
(278, 46, 2, '2.5'),
(279, 46, 3, '2'),
(280, 46, 4, '2'),
(281, 46, 5, '2'),
(282, 46, 6, '2.5'),
(283, 47, 1, '2'),
(284, 47, 2, '0'),
(285, 47, 3, '0'),
(286, 47, 4, '0'),
(287, 47, 5, '0'),
(288, 47, 6, '0'),
(289, 48, 1, '2.5'),
(290, 48, 2, '2.5'),
(291, 48, 3, '3'),
(292, 48, 4, '2'),
(293, 48, 5, '2'),
(294, 48, 6, '2.5'),
(295, 49, 1, '2'),
(296, 49, 2, '2'),
(297, 49, 3, '2'),
(298, 49, 4, '2'),
(299, 49, 5, '2'),
(300, 49, 6, '2'),
(301, 50, 1, '3'),
(302, 50, 2, '2.5'),
(303, 50, 3, '3'),
(304, 50, 4, '0'),
(305, 50, 5, '3'),
(306, 50, 6, '3.5'),
(307, 51, 1, '2'),
(308, 51, 2, '0'),
(309, 51, 3, '0'),
(310, 51, 4, '0'),
(311, 51, 5, '0'),
(312, 51, 6, '0'),
(313, 52, 1, '2'),
(314, 52, 2, '2'),
(315, 52, 3, '0'),
(316, 52, 4, '0'),
(317, 52, 5, '0'),
(318, 52, 6, '0'),
(319, 53, 1, '3.75'),
(320, 53, 2, '2.5'),
(321, 53, 3, '2'),
(322, 53, 4, '3'),
(323, 53, 5, '4'),
(324, 53, 6, '4'),
(325, 54, 1, '3'),
(326, 54, 2, '3'),
(327, 54, 3, '2.5'),
(328, 54, 4, '2.5'),
(329, 54, 5, '2.5'),
(330, 54, 6, '2.5'),
(331, 55, 1, '0'),
(332, 55, 2, '0'),
(333, 55, 3, '0'),
(334, 55, 4, '0'),
(335, 55, 5, '0'),
(336, 55, 6, '0'),
(337, 56, 1, '3.75'),
(338, 56, 2, '3.5'),
(339, 56, 3, '3.5'),
(340, 56, 4, '2.5'),
(341, 56, 5, '2'),
(342, 56, 6, '2.5'),
(343, 57, 1, '3.75'),
(344, 57, 2, '3.5'),
(345, 57, 3, '3.5'),
(346, 57, 4, '3'),
(347, 57, 5, '2'),
(348, 57, 6, '2.5'),
(349, 58, 1, '2.5'),
(350, 58, 2, '2.5'),
(351, 58, 3, '3'),
(352, 58, 4, '2'),
(353, 58, 5, '3.5'),
(354, 58, 6, '3'),
(355, 59, 1, '2'),
(356, 59, 2, '2.5'),
(357, 59, 3, '3'),
(358, 59, 4, '3'),
(359, 59, 5, '3.5'),
(360, 59, 6, '3.75'),
(361, 60, 1, '3'),
(362, 60, 2, '3'),
(363, 60, 3, '3.5'),
(364, 60, 4, '3.5'),
(365, 60, 5, '2'),
(366, 60, 6, '3.5'),
(367, 61, 1, '3.5'),
(368, 61, 2, '3'),
(369, 61, 3, '3.5'),
(370, 61, 4, '2.5'),
(371, 61, 5, '3'),
(372, 61, 6, '3.75'),
(373, 62, 1, '3.75'),
(374, 62, 2, '0'),
(375, 62, 3, '0'),
(376, 62, 4, '2'),
(377, 62, 5, '2.5'),
(378, 62, 6, '1'),
(379, 63, 1, '3.75'),
(380, 63, 2, '3'),
(381, 63, 3, '0'),
(382, 63, 4, '3'),
(383, 63, 5, '0'),
(384, 63, 6, '0'),
(385, 64, 1, '2'),
(386, 64, 2, '2.5'),
(387, 64, 3, '2.5'),
(388, 64, 4, '2'),
(389, 64, 5, '2.5'),
(390, 64, 6, '2.5'),
(391, 65, 1, '3.5'),
(392, 65, 2, '3'),
(393, 65, 3, '2'),
(394, 65, 4, '2'),
(395, 65, 5, '3.75'),
(396, 65, 6, '2.5'),
(397, 66, 1, '3.75'),
(398, 66, 2, '3.5'),
(399, 66, 3, '2'),
(400, 66, 4, '2.5'),
(401, 66, 5, '2'),
(402, 66, 6, '3'),
(403, 67, 1, '3.75'),
(404, 67, 2, '3.5'),
(405, 67, 3, '3.5'),
(406, 67, 4, '3.5'),
(407, 67, 5, '3'),
(408, 67, 6, '3.75'),
(409, 68, 1, '3.5'),
(410, 68, 2, '2.5'),
(411, 68, 3, '3.75'),
(412, 68, 4, '2.5'),
(413, 68, 5, '2.5'),
(414, 68, 6, '2.5'),
(415, 69, 1, '3.5'),
(416, 69, 2, '2.5'),
(417, 69, 3, '3.75'),
(418, 69, 4, '3'),
(419, 69, 5, '3'),
(420, 69, 6, '2.5'),
(421, 70, 1, '3'),
(422, 70, 2, '2.5'),
(423, 70, 3, '3.5'),
(424, 70, 4, '2'),
(425, 70, 5, '3.75'),
(426, 70, 6, '3'),
(427, 71, 1, '2.5'),
(428, 71, 2, '2.5'),
(429, 71, 3, '3'),
(430, 71, 4, '3'),
(431, 71, 5, '2'),
(432, 71, 6, '3.75'),
(433, 72, 1, '2.5'),
(434, 72, 2, '2.5'),
(435, 72, 3, '2.5'),
(436, 72, 4, '2.5'),
(437, 72, 5, '2.5'),
(438, 72, 6, '3.75'),
(439, 73, 1, '2.5'),
(440, 73, 2, '3'),
(441, 73, 3, '2.5'),
(442, 73, 4, '2'),
(443, 73, 5, '2'),
(444, 73, 6, '3'),
(445, 74, 1, '2'),
(446, 74, 2, '2.5'),
(447, 74, 3, '3.5'),
(448, 74, 4, '2'),
(449, 74, 5, '3.5'),
(450, 74, 6, '2'),
(451, 75, 1, '2.5'),
(452, 75, 2, '2.5'),
(453, 75, 3, '2.5'),
(454, 75, 4, '3'),
(455, 75, 5, '2.5'),
(456, 75, 6, '3'),
(457, 76, 1, '3'),
(458, 76, 2, '3'),
(459, 76, 3, '2'),
(460, 76, 4, '2'),
(461, 76, 5, '0'),
(462, 76, 6, '0'),
(463, 77, 1, '3'),
(464, 77, 2, '2.5'),
(465, 77, 3, '2.5'),
(466, 77, 4, '2.5'),
(467, 77, 5, '3'),
(468, 77, 6, '3.75'),
(469, 78, 1, '3.5'),
(470, 78, 2, '2.5'),
(471, 78, 3, '2.5'),
(472, 78, 4, '3'),
(473, 78, 5, '3'),
(474, 78, 6, '3.5'),
(475, 79, 1, '2'),
(476, 79, 2, '2.5'),
(477, 79, 3, '3'),
(478, 79, 4, '2'),
(479, 79, 5, '2'),
(480, 79, 6, '2.5'),
(481, 80, 1, '3.5'),
(482, 80, 2, '3.5'),
(483, 80, 3, '3'),
(484, 80, 4, '2.5'),
(485, 80, 5, '3'),
(486, 80, 6, '3.75'),
(487, 81, 1, '3.5'),
(488, 81, 2, '3.5'),
(489, 81, 3, '3.75'),
(490, 81, 4, '2'),
(491, 81, 5, '2.5'),
(492, 81, 6, '2.5'),
(493, 82, 1, '3'),
(494, 82, 2, '3.75'),
(495, 82, 3, '2.5'),
(496, 82, 4, '2'),
(497, 82, 5, '2.5'),
(498, 82, 6, '2.5'),
(499, 83, 1, '2.5'),
(500, 83, 2, '3'),
(501, 83, 3, '3'),
(502, 83, 4, '2'),
(503, 83, 5, '2.5'),
(504, 83, 6, '2.5'),
(505, 84, 1, '2'),
(506, 84, 2, '3'),
(507, 84, 3, '2.5'),
(508, 84, 4, '2'),
(509, 84, 5, '2'),
(510, 84, 6, '3.5'),
(511, 85, 1, '2.5'),
(512, 85, 2, '2.5'),
(513, 85, 3, '3'),
(514, 85, 4, '2'),
(515, 85, 5, '3'),
(516, 85, 6, '3'),
(517, 86, 1, '2'),
(518, 86, 2, '3'),
(519, 86, 3, '2'),
(520, 86, 4, '2'),
(521, 86, 5, '2'),
(522, 86, 6, '3'),
(523, 87, 1, '3.5'),
(524, 87, 2, '3.5'),
(525, 87, 3, '3.5'),
(526, 87, 4, '2'),
(527, 87, 5, '3'),
(528, 87, 6, '2.5'),
(529, 88, 1, '3.5'),
(530, 88, 2, '3'),
(531, 88, 3, '2'),
(532, 88, 4, '2'),
(533, 88, 5, '2'),
(534, 88, 6, '2.5'),
(535, 89, 1, '2'),
(536, 89, 2, '2.5'),
(537, 89, 3, '3'),
(538, 89, 4, '2'),
(539, 89, 5, '2'),
(540, 89, 6, '2.5'),
(541, 90, 1, '2'),
(542, 90, 2, '2.5'),
(543, 90, 3, '2'),
(544, 90, 4, '2'),
(545, 90, 5, '3'),
(546, 90, 6, '3'),
(547, 91, 1, '3.5'),
(548, 91, 2, '2.5'),
(549, 91, 3, '2.5'),
(550, 91, 4, '3'),
(551, 91, 5, '2'),
(552, 91, 6, '2.5'),
(553, 92, 1, '1'),
(554, 92, 2, '2.5'),
(555, 92, 3, '0'),
(556, 92, 4, '0'),
(557, 92, 5, '0'),
(558, 92, 6, '0'),
(559, 93, 1, '2'),
(560, 93, 2, '3'),
(561, 93, 3, '2.5'),
(562, 93, 4, '2'),
(563, 93, 5, '2'),
(564, 93, 6, '3.75'),
(565, 94, 1, '2.5'),
(566, 94, 2, '2.5'),
(567, 94, 3, '3'),
(568, 94, 4, '2'),
(569, 94, 5, '3'),
(570, 94, 6, '2'),
(571, 95, 1, '2'),
(572, 95, 2, '3'),
(573, 95, 3, '3'),
(574, 95, 4, '2.5'),
(575, 95, 5, '2'),
(576, 95, 6, '2.5'),
(577, 96, 1, '2'),
(578, 96, 2, '3.75'),
(579, 96, 3, '3.5'),
(580, 96, 4, '2.5'),
(581, 96, 5, '4'),
(582, 96, 6, '3'),
(583, 97, 1, '2'),
(584, 97, 2, '3'),
(585, 97, 3, '3'),
(586, 97, 4, '2'),
(587, 97, 5, '2'),
(588, 97, 6, '3'),
(589, 98, 1, '2'),
(590, 98, 2, '2.5'),
(591, 98, 3, '3'),
(592, 98, 4, '2'),
(593, 98, 5, '3'),
(594, 98, 6, '3.75'),
(595, 99, 1, '2'),
(596, 99, 2, '3'),
(597, 99, 3, '2'),
(598, 99, 4, '2'),
(599, 99, 5, '2'),
(600, 99, 6, '3.75'),
(601, 100, 1, '2.5'),
(602, 100, 2, '2.5'),
(603, 100, 3, '3'),
(604, 100, 4, '2.5'),
(605, 100, 5, '3'),
(606, 100, 6, '3'),
(607, 101, 1, '1'),
(608, 101, 2, '2.5'),
(609, 101, 3, '0'),
(610, 101, 4, '0'),
(611, 101, 5, '0'),
(612, 101, 6, '0'),
(613, 102, 1, '2'),
(614, 102, 2, '2.5'),
(615, 102, 3, '0'),
(616, 102, 4, '2'),
(617, 102, 5, '3'),
(618, 102, 6, '0'),
(619, 103, 1, '2.5'),
(620, 103, 2, '3.5'),
(621, 103, 3, '3.5'),
(622, 103, 4, '3'),
(623, 103, 5, '3'),
(624, 103, 6, '2'),
(625, 104, 1, '2'),
(626, 104, 2, '3'),
(627, 104, 3, '3'),
(628, 104, 4, '2.5'),
(629, 104, 5, '3'),
(630, 104, 6, '3'),
(631, 105, 1, '3.5'),
(632, 105, 2, '3.5'),
(633, 105, 3, '2.5'),
(634, 105, 4, '2'),
(635, 105, 5, '2.5'),
(636, 105, 6, '0'),
(637, 106, 1, '2'),
(638, 106, 2, '3'),
(639, 106, 3, '2.5'),
(640, 106, 4, '2'),
(641, 106, 5, '2.5'),
(642, 106, 6, '3'),
(643, 107, 1, '3'),
(644, 107, 2, '3'),
(645, 107, 3, '3.5'),
(646, 107, 4, '2'),
(647, 107, 5, '3'),
(648, 107, 6, '3'),
(649, 108, 1, '2'),
(650, 108, 2, '2.5'),
(651, 108, 3, '3.75'),
(652, 108, 4, '3'),
(653, 108, 5, '0'),
(654, 108, 6, '2'),
(655, 109, 1, '2'),
(656, 109, 2, '2'),
(657, 109, 3, '3'),
(658, 109, 4, '0'),
(659, 109, 5, '3.75'),
(660, 109, 6, '3'),
(661, 110, 1, '2'),
(662, 110, 2, '2'),
(663, 110, 3, '2'),
(664, 110, 4, '2.5'),
(665, 110, 5, '2'),
(666, 110, 6, '3'),
(667, 111, 1, '2.5'),
(668, 111, 2, '2.5'),
(669, 111, 3, '2.5'),
(670, 111, 4, '2'),
(671, 111, 5, '2'),
(672, 111, 6, '3.5'),
(673, 112, 1, '2'),
(674, 112, 2, '2'),
(675, 112, 3, '3'),
(676, 112, 4, '2'),
(677, 112, 5, '3'),
(678, 112, 6, '2.5'),
(679, 113, 1, '3'),
(680, 113, 2, '3.5'),
(681, 113, 3, '3'),
(682, 113, 4, '2.5'),
(683, 113, 5, '2'),
(684, 113, 6, '3'),
(685, 114, 1, '3'),
(686, 114, 2, '2.5'),
(687, 114, 3, '0'),
(688, 114, 4, '0'),
(689, 114, 5, '0'),
(690, 114, 6, '0'),
(691, 115, 1, '2'),
(692, 115, 2, '2.5'),
(693, 115, 3, '2'),
(694, 115, 4, '2'),
(695, 115, 5, '2.5'),
(696, 115, 6, '3'),
(697, 116, 1, '2'),
(698, 116, 2, '2.5'),
(699, 116, 3, '2'),
(700, 116, 4, '2'),
(701, 116, 5, '3.75'),
(702, 116, 6, '3'),
(703, 117, 1, '3'),
(704, 117, 2, '2.5'),
(705, 117, 3, '3.5'),
(706, 117, 4, '3.5'),
(707, 117, 5, '2'),
(708, 117, 6, '2.5'),
(709, 118, 1, '3.75'),
(710, 118, 2, '3'),
(711, 118, 3, '3.5'),
(712, 118, 4, '2'),
(713, 118, 5, '3'),
(714, 118, 6, '3.5'),
(715, 119, 1, '3'),
(716, 119, 2, '2.5'),
(717, 119, 3, '2'),
(718, 119, 4, '2'),
(719, 119, 5, '2.5'),
(720, 119, 6, '3.5'),
(721, 120, 1, '3'),
(722, 120, 2, '2.5'),
(723, 120, 3, '2'),
(724, 120, 4, '2'),
(725, 120, 5, '2.5'),
(726, 120, 6, '3.5'),
(727, 121, 1, '1'),
(728, 121, 2, '1'),
(729, 121, 3, '2'),
(730, 121, 4, '0'),
(731, 121, 5, '0'),
(732, 121, 6, '0'),
(733, 122, 1, '3.5'),
(734, 122, 2, '2.5'),
(735, 122, 3, '3'),
(736, 122, 4, '2'),
(737, 122, 5, '2.5'),
(738, 122, 6, '3.75'),
(739, 123, 1, '3.75'),
(740, 123, 2, '2.5'),
(741, 123, 3, '3.75'),
(742, 123, 4, '3'),
(743, 123, 5, '3.5'),
(744, 123, 6, '3'),
(745, 124, 1, '2.5'),
(746, 124, 2, '3'),
(747, 124, 3, '2.5'),
(748, 124, 4, '2.5'),
(749, 124, 5, '3'),
(750, 124, 6, '2'),
(751, 125, 1, '2.5'),
(752, 125, 2, '2'),
(753, 125, 3, '2.5'),
(754, 125, 4, '2'),
(755, 125, 5, '2.5'),
(756, 125, 6, '3'),
(757, 126, 1, '2'),
(758, 126, 2, '2'),
(759, 126, 3, '2'),
(760, 126, 4, '2.5'),
(761, 126, 5, '2.5'),
(762, 126, 6, '2.5'),
(763, 127, 1, '3'),
(764, 127, 2, '2.5'),
(765, 127, 3, '3'),
(766, 127, 4, '3'),
(767, 127, 5, '4'),
(768, 127, 6, '3.75'),
(769, 128, 1, '0'),
(770, 128, 2, '0'),
(771, 128, 3, '0'),
(772, 128, 4, '0'),
(773, 128, 5, '0'),
(774, 128, 6, '0'),
(775, 129, 1, '0'),
(776, 129, 2, '0'),
(777, 129, 3, '0'),
(778, 129, 4, '0'),
(779, 129, 5, '0'),
(780, 129, 6, '0'),
(781, 130, 1, '2'),
(782, 130, 2, '2.5'),
(783, 130, 3, '3'),
(784, 130, 4, '2.5'),
(785, 130, 5, '3'),
(786, 130, 6, '3.75'),
(787, 131, 1, '0'),
(788, 131, 2, '0'),
(789, 131, 3, '0'),
(790, 131, 4, '0'),
(791, 131, 5, '0'),
(792, 131, 6, '0'),
(793, 132, 1, '2.5'),
(794, 132, 2, '2.5'),
(795, 132, 3, '3.5'),
(796, 132, 4, '2.5'),
(797, 132, 5, '2'),
(798, 132, 6, '3'),
(799, 133, 1, '2'),
(800, 133, 2, '2'),
(801, 133, 3, '2'),
(802, 133, 4, '2'),
(803, 133, 5, '3'),
(804, 133, 6, '2'),
(805, 134, 1, '2'),
(806, 134, 2, '2.5'),
(807, 134, 3, '2'),
(808, 134, 4, '2'),
(809, 134, 5, '2'),
(810, 134, 6, '2.5'),
(811, 135, 1, '3.5'),
(812, 135, 2, '2.5'),
(813, 135, 3, '2'),
(814, 135, 4, '2'),
(815, 135, 5, '3'),
(816, 135, 6, '2.5'),
(817, 136, 1, '2.5'),
(818, 136, 2, '2'),
(819, 136, 3, '3'),
(820, 136, 4, '2'),
(821, 136, 5, '3.5'),
(822, 136, 6, '3.75'),
(823, 137, 1, '0'),
(824, 137, 2, '0'),
(825, 137, 3, '0'),
(826, 137, 4, '0'),
(827, 137, 5, '0'),
(828, 137, 6, '0'),
(829, 138, 1, '3.5'),
(830, 138, 2, '3.75'),
(831, 138, 3, '3'),
(832, 138, 4, '3'),
(833, 138, 5, '2.5'),
(834, 138, 6, '3.75'),
(835, 139, 1, '2'),
(836, 139, 2, '0'),
(837, 139, 3, '0'),
(838, 139, 4, '0'),
(839, 139, 5, '0'),
(840, 139, 6, '0'),
(841, 140, 1, '3'),
(842, 140, 2, '3'),
(843, 140, 3, '2'),
(844, 140, 4, '3'),
(845, 140, 5, '3'),
(846, 140, 6, '3'),
(847, 141, 1, '3.75'),
(848, 141, 2, '4'),
(849, 141, 3, '3.75'),
(850, 141, 4, '3.75'),
(851, 141, 5, '2.5'),
(852, 141, 6, '2.5'),
(853, 142, 1, '0'),
(854, 142, 2, '0'),
(855, 142, 3, '0'),
(856, 142, 4, '0'),
(857, 142, 5, '0'),
(858, 142, 6, '0'),
(859, 143, 1, '3.75'),
(860, 143, 2, '3.75'),
(861, 143, 3, '3'),
(862, 143, 4, '3'),
(863, 143, 5, '3.5'),
(864, 143, 6, '3'),
(865, 144, 1, '2'),
(866, 144, 2, '3.5'),
(867, 144, 3, '3'),
(868, 144, 4, '3'),
(869, 144, 5, '2.5'),
(870, 144, 6, '2.5'),
(871, 145, 1, '3'),
(872, 145, 2, '3'),
(873, 145, 3, '3'),
(874, 145, 4, '3'),
(875, 145, 5, '2.5'),
(876, 145, 6, '3.5'),
(877, 146, 1, '2'),
(878, 146, 2, '0'),
(879, 146, 3, '0'),
(880, 146, 4, '0'),
(881, 146, 5, '0'),
(882, 146, 6, '0'),
(883, 147, 1, '3'),
(884, 147, 2, '2'),
(885, 147, 3, '2.5'),
(886, 147, 4, '3'),
(887, 147, 5, '2'),
(888, 147, 6, '2'),
(889, 148, 1, '3'),
(890, 148, 2, '2.5'),
(891, 148, 3, '3'),
(892, 148, 4, '2'),
(893, 148, 5, '2.5'),
(894, 148, 6, '2.5'),
(895, 149, 1, '3'),
(896, 149, 2, '3'),
(897, 149, 3, '3'),
(898, 149, 4, '3'),
(899, 149, 5, '2.5'),
(900, 149, 6, '2'),
(901, 150, 1, '2.5'),
(902, 150, 2, '2'),
(903, 150, 3, '2.5'),
(904, 150, 4, '3'),
(905, 150, 5, '2.5'),
(906, 150, 6, '2.5'),
(907, 151, 1, '2.5'),
(908, 151, 2, '2'),
(909, 151, 3, '3'),
(910, 151, 4, '3'),
(911, 151, 5, '3'),
(912, 151, 6, '2.5'),
(913, 152, 1, '2.5'),
(914, 152, 2, '3'),
(915, 152, 3, '2.5'),
(916, 152, 4, '3'),
(917, 152, 5, '2.5'),
(918, 152, 6, '2.5'),
(919, 153, 1, '0'),
(920, 153, 2, '0'),
(921, 153, 3, '0'),
(922, 153, 4, '0'),
(923, 153, 5, '0'),
(924, 153, 6, '0'),
(925, 154, 1, '2.5'),
(926, 154, 2, '1'),
(927, 154, 3, '2.5'),
(928, 154, 4, '3.5'),
(929, 154, 5, '3'),
(930, 154, 6, '3'),
(931, 155, 1, '2.5'),
(932, 155, 2, '3.75'),
(933, 155, 3, '3'),
(934, 155, 4, '2'),
(935, 155, 5, '3'),
(936, 155, 6, '2.5'),
(937, 156, 1, '2.5'),
(938, 156, 2, '3.5'),
(939, 156, 3, '3'),
(940, 156, 4, '2.5'),
(941, 156, 5, '3'),
(942, 156, 6, '3'),
(943, 157, 1, '3'),
(944, 157, 2, '3'),
(945, 157, 3, '0'),
(946, 157, 4, '3'),
(947, 157, 5, '3'),
(948, 157, 6, '0'),
(949, 158, 1, '2.5'),
(950, 158, 2, '1'),
(951, 158, 3, '0'),
(952, 158, 4, '2'),
(953, 158, 5, '0'),
(954, 158, 6, '0'),
(955, 159, 1, '3'),
(956, 159, 2, '2'),
(957, 159, 3, '2'),
(958, 159, 4, '2.5'),
(959, 159, 5, '3'),
(960, 159, 6, '3.5'),
(961, 160, 1, '3.5'),
(962, 160, 2, '3'),
(963, 160, 3, '2'),
(964, 160, 4, '2.5'),
(965, 160, 5, '2.5'),
(966, 160, 6, '3.5'),
(967, 161, 1, '3.75'),
(968, 161, 2, '3'),
(969, 161, 3, '0'),
(970, 161, 4, '0'),
(971, 161, 5, '0'),
(972, 161, 6, '0'),
(973, 162, 1, '2'),
(974, 162, 2, '3'),
(975, 162, 3, '0'),
(976, 162, 4, '2'),
(977, 162, 5, '0'),
(978, 162, 6, '0'),
(979, 163, 1, '3'),
(980, 163, 2, '3'),
(981, 163, 3, '2'),
(982, 163, 4, '3'),
(983, 163, 5, '3'),
(984, 163, 6, '3'),
(985, 164, 1, '3.75'),
(986, 164, 2, '3.5'),
(987, 164, 3, '2'),
(988, 164, 4, '2.5'),
(989, 164, 5, '2.5'),
(990, 164, 6, '3'),
(991, 165, 1, '0'),
(992, 165, 2, '0'),
(993, 165, 3, '0'),
(994, 165, 4, '0'),
(995, 165, 5, '0'),
(996, 165, 6, '0'),
(997, 166, 1, '0'),
(998, 166, 2, '0'),
(999, 166, 3, '0'),
(1000, 166, 4, '0'),
(1001, 166, 5, '0'),
(1002, 166, 6, '0'),
(1003, 167, 1, '0'),
(1004, 167, 2, '2'),
(1005, 167, 3, '2'),
(1006, 167, 4, '2.5'),
(1007, 167, 5, '0'),
(1008, 167, 6, '0'),
(1009, 168, 1, '2.5'),
(1010, 168, 2, '2'),
(1011, 168, 3, '2'),
(1012, 168, 4, '2.5'),
(1013, 168, 5, '2.5'),
(1014, 168, 6, '0'),
(1015, 169, 1, '2'),
(1016, 169, 2, '2'),
(1017, 169, 3, '2'),
(1018, 169, 4, '0'),
(1019, 169, 5, '0'),
(1020, 169, 6, '0'),
(1021, 170, 1, '3.75'),
(1022, 170, 2, '3'),
(1023, 170, 3, '2.5'),
(1024, 170, 4, '3'),
(1025, 170, 5, '3'),
(1026, 170, 6, '2'),
(1027, 171, 1, '3'),
(1028, 171, 2, '3.5'),
(1029, 171, 3, '3'),
(1030, 171, 4, '3.5'),
(1031, 171, 5, '3.75'),
(1032, 171, 6, '3.5'),
(1033, 172, 1, '3.75'),
(1034, 172, 2, '3'),
(1035, 172, 3, '2.5'),
(1036, 172, 4, '3.75'),
(1037, 172, 5, '3.75'),
(1038, 172, 6, '3.5'),
(1039, 173, 1, '3'),
(1040, 173, 2, '2'),
(1041, 173, 3, '2'),
(1042, 173, 4, '3'),
(1043, 173, 5, '3.5'),
(1044, 173, 6, '2.5'),
(1045, 174, 1, '3.75'),
(1046, 174, 2, '4'),
(1047, 174, 3, '3'),
(1048, 174, 4, '3.5'),
(1049, 174, 5, '0'),
(1050, 174, 6, '0'),
(1051, 175, 1, '3'),
(1052, 175, 2, '3'),
(1053, 175, 3, '2.5'),
(1054, 175, 4, '2.5'),
(1055, 175, 5, '3.75'),
(1056, 175, 6, '2'),
(1057, 176, 1, '0'),
(1058, 176, 2, '0'),
(1059, 176, 3, '0'),
(1060, 176, 4, '0'),
(1061, 176, 5, '0'),
(1062, 176, 6, '0'),
(1063, 177, 1, '2'),
(1064, 177, 2, '3'),
(1065, 177, 3, '2'),
(1066, 177, 4, '2.5'),
(1067, 177, 5, '2.5'),
(1068, 177, 6, '2'),
(1069, 178, 1, '2'),
(1070, 178, 2, '1'),
(1071, 178, 3, '2'),
(1072, 178, 4, '2'),
(1073, 178, 5, '2.5'),
(1074, 178, 6, '0'),
(1075, 179, 1, '0'),
(1076, 179, 2, '0'),
(1077, 179, 3, '0'),
(1078, 179, 4, '0'),
(1079, 179, 5, '0'),
(1080, 179, 6, '0'),
(1081, 180, 1, '2.5'),
(1082, 180, 2, '2.5'),
(1083, 180, 3, '2'),
(1084, 180, 4, '0'),
(1085, 180, 5, '3.75'),
(1086, 180, 6, '0'),
(1087, 181, 1, '3.5'),
(1088, 181, 2, '3.5'),
(1089, 181, 3, '2'),
(1090, 181, 4, '3.5'),
(1091, 181, 5, '4'),
(1092, 181, 6, '3'),
(1093, 182, 1, '3'),
(1094, 182, 2, '2'),
(1095, 182, 3, '2.5'),
(1096, 182, 4, '3'),
(1097, 182, 5, '3.5'),
(1098, 182, 6, '3'),
(1099, 183, 1, '2.5'),
(1100, 183, 2, '3'),
(1101, 183, 3, '2'),
(1102, 183, 4, '0'),
(1103, 183, 5, '0'),
(1104, 183, 6, '0'),
(1105, 184, 1, '2.5'),
(1106, 184, 2, '3'),
(1107, 184, 3, '3'),
(1108, 184, 4, '2.5'),
(1109, 184, 5, '3.75'),
(1110, 184, 6, '2'),
(1111, 185, 1, '2.5'),
(1112, 185, 2, '2'),
(1113, 185, 3, '3'),
(1114, 185, 4, '2'),
(1115, 185, 5, '2'),
(1116, 185, 6, '3'),
(1117, 186, 1, '3'),
(1118, 186, 2, '3.75'),
(1119, 186, 3, '3.75'),
(1120, 186, 4, '2.5'),
(1121, 186, 5, '3.75'),
(1122, 186, 6, '3.5'),
(1123, 187, 1, '3.75'),
(1124, 187, 2, '3.75'),
(1125, 187, 3, '3.75'),
(1126, 187, 4, '3.75'),
(1127, 187, 5, '3'),
(1128, 187, 6, '2'),
(1129, 188, 1, '2'),
(1130, 188, 2, '2.5'),
(1131, 188, 3, '2.5'),
(1132, 188, 4, '2.5'),
(1133, 188, 5, '3'),
(1134, 188, 6, '2'),
(1135, 189, 1, '3.5'),
(1136, 189, 2, '3.75'),
(1137, 189, 3, '3'),
(1138, 189, 4, '2'),
(1139, 189, 5, '3.75'),
(1140, 189, 6, '2'),
(1141, 190, 1, '2.5'),
(1142, 190, 2, '2.5'),
(1143, 190, 3, '3'),
(1144, 190, 4, '2'),
(1145, 190, 5, '3'),
(1146, 190, 6, '3.5'),
(1147, 191, 1, '2'),
(1148, 191, 2, '2'),
(1149, 191, 3, '0'),
(1150, 191, 4, '2'),
(1151, 191, 5, '1'),
(1152, 191, 6, '0'),
(1153, 192, 1, '3.75'),
(1154, 192, 2, '4'),
(1155, 192, 3, '3'),
(1156, 192, 4, '3'),
(1157, 192, 5, '2.5'),
(1158, 192, 6, '2'),
(1159, 193, 1, '2'),
(1160, 193, 2, '2'),
(1161, 193, 3, '2'),
(1162, 193, 4, '2'),
(1163, 193, 5, '2'),
(1164, 193, 6, '0'),
(1165, 194, 1, '2.5'),
(1166, 194, 2, '3.5'),
(1167, 194, 3, '2.5'),
(1168, 194, 4, '2'),
(1169, 194, 5, '3'),
(1170, 194, 6, '3'),
(1171, 195, 1, '3'),
(1172, 195, 2, '2'),
(1173, 195, 3, '3'),
(1174, 195, 4, '2'),
(1175, 195, 5, '2.5'),
(1176, 195, 6, '3'),
(1177, 196, 1, '2.5'),
(1178, 196, 2, '2'),
(1179, 196, 3, '2.5'),
(1180, 196, 4, '3.5'),
(1181, 196, 5, '3.5'),
(1182, 196, 6, '0'),
(1183, 197, 1, '0'),
(1184, 197, 2, '0'),
(1185, 197, 3, '0'),
(1186, 197, 4, '0'),
(1187, 197, 5, '0'),
(1188, 197, 6, '0'),
(1189, 198, 1, '3'),
(1190, 198, 2, '3'),
(1191, 198, 3, '3'),
(1192, 198, 4, '3'),
(1193, 198, 5, '3'),
(1194, 198, 6, '2.5'),
(1195, 199, 1, '0'),
(1196, 199, 2, '0'),
(1197, 199, 3, '0'),
(1198, 199, 4, '0'),
(1199, 199, 5, '0'),
(1200, 199, 6, '0'),
(1201, 200, 1, '3.75'),
(1202, 200, 2, '3.5'),
(1203, 200, 3, '2'),
(1204, 200, 4, '2'),
(1205, 200, 5, '2.5'),
(1206, 200, 6, '3'),
(1207, 201, 1, '2.5'),
(1208, 201, 2, '3'),
(1209, 201, 3, '3'),
(1210, 201, 4, '2'),
(1211, 201, 5, '3'),
(1212, 201, 6, '2.5'),
(1213, 202, 1, '3.5'),
(1214, 202, 2, '3'),
(1215, 202, 3, '3'),
(1216, 202, 4, '3'),
(1217, 202, 5, '3.75'),
(1218, 202, 6, '3.75'),
(1219, 203, 1, '2.5'),
(1220, 203, 2, '2'),
(1221, 203, 3, '2'),
(1222, 203, 4, '2.5'),
(1223, 203, 5, '3.5'),
(1224, 203, 6, '0'),
(1225, 204, 1, '0'),
(1226, 204, 2, '0'),
(1227, 204, 3, '0'),
(1228, 204, 4, '0'),
(1229, 204, 5, '0'),
(1230, 204, 6, '0'),
(1231, 205, 1, '2'),
(1232, 205, 2, '3'),
(1233, 205, 3, '2'),
(1234, 205, 4, '0'),
(1235, 205, 5, '2.5'),
(1236, 205, 6, '0'),
(1237, 206, 1, '2.5'),
(1238, 206, 2, '3'),
(1239, 206, 3, '2.5'),
(1240, 206, 4, '2.5'),
(1241, 206, 5, '3'),
(1242, 206, 6, '3'),
(1243, 207, 1, '3'),
(1244, 207, 2, '2'),
(1245, 207, 3, '3'),
(1246, 207, 4, '2'),
(1247, 207, 5, '3'),
(1248, 207, 6, '3'),
(1249, 208, 1, '3'),
(1250, 208, 2, '3'),
(1251, 208, 3, '3'),
(1252, 208, 4, '2.5'),
(1253, 208, 5, '3.75'),
(1254, 208, 6, '3.5'),
(1255, 209, 1, '2'),
(1256, 209, 2, '3.5'),
(1257, 209, 3, '3'),
(1258, 209, 4, '2.5'),
(1259, 209, 5, '2.5'),
(1260, 209, 6, '0'),
(1261, 210, 1, '0'),
(1262, 210, 2, '0'),
(1263, 210, 3, '0'),
(1264, 210, 4, '0'),
(1265, 210, 5, '0'),
(1266, 210, 6, '0'),
(1267, 211, 1, '3.5'),
(1268, 211, 2, '3'),
(1269, 211, 3, '3'),
(1270, 211, 4, '2'),
(1271, 211, 5, '3'),
(1272, 211, 6, '3.75'),
(1273, 212, 1, '2'),
(1274, 212, 2, '4'),
(1275, 212, 3, '3.75'),
(1276, 212, 4, '3.75'),
(1277, 212, 5, '0'),
(1278, 212, 6, '3.75'),
(1279, 213, 1, '0'),
(1280, 213, 2, '0'),
(1281, 213, 3, '0'),
(1282, 213, 4, '0'),
(1283, 213, 5, '0'),
(1284, 213, 6, '0'),
(1285, 214, 1, '0'),
(1286, 214, 2, '0'),
(1287, 214, 3, '0'),
(1288, 214, 4, '0'),
(1289, 214, 5, '0'),
(1290, 214, 6, '0'),
(1291, 215, 1, '2'),
(1292, 215, 2, '2.5'),
(1293, 215, 3, '3.75'),
(1294, 215, 4, '2'),
(1295, 215, 5, '2.5'),
(1296, 215, 6, '1'),
(1297, 216, 1, '3.5'),
(1298, 216, 2, '3.5'),
(1299, 216, 3, '3.5'),
(1300, 216, 4, '3'),
(1301, 216, 5, '3.5'),
(1302, 216, 6, '2.5'),
(1303, 217, 1, '2.5'),
(1304, 217, 2, '3.5'),
(1305, 217, 3, '3.75'),
(1306, 217, 4, '2'),
(1307, 217, 5, '3'),
(1308, 217, 6, '3'),
(1309, 218, 1, '1'),
(1310, 218, 2, '0'),
(1311, 218, 3, '0'),
(1312, 218, 4, '0'),
(1313, 218, 5, '0'),
(1314, 218, 6, '0'),
(1315, 219, 1, '3.5'),
(1316, 219, 2, '3'),
(1317, 219, 3, '3.75'),
(1318, 219, 4, '2.5'),
(1319, 219, 5, '3'),
(1320, 219, 6, '3'),
(1321, 220, 1, '2.5'),
(1322, 220, 2, '2.5'),
(1323, 220, 3, '3.5'),
(1324, 220, 4, '0'),
(1325, 220, 5, '1'),
(1326, 220, 6, '0'),
(1327, 221, 1, '3.5'),
(1328, 221, 2, '3.75'),
(1329, 221, 3, '3'),
(1330, 221, 4, '2.5'),
(1331, 221, 5, '3'),
(1332, 221, 6, '2.5'),
(1333, 222, 1, '2'),
(1334, 222, 2, '3'),
(1335, 222, 3, '0'),
(1336, 222, 4, '2'),
(1337, 222, 5, '2.5'),
(1338, 222, 6, '2.5'),
(1339, 223, 1, '2'),
(1340, 223, 2, '3.5'),
(1341, 223, 3, '3.5'),
(1342, 223, 4, '2.5'),
(1343, 223, 5, '1'),
(1344, 223, 6, '2.5'),
(1345, 224, 1, '2'),
(1346, 224, 2, '3'),
(1347, 224, 3, '3'),
(1348, 224, 4, '3'),
(1349, 224, 5, '1'),
(1350, 224, 6, '2.5'),
(1351, 225, 1, '2'),
(1352, 225, 2, '3.5'),
(1353, 225, 3, '3.5'),
(1354, 225, 4, '0'),
(1355, 225, 5, '3'),
(1356, 225, 6, '0'),
(1357, 226, 1, '3'),
(1358, 226, 2, '0'),
(1359, 226, 3, '0'),
(1360, 226, 4, '0'),
(1361, 226, 5, '0'),
(1362, 226, 6, '0'),
(1363, 227, 1, '4'),
(1364, 227, 2, '3.75'),
(1365, 227, 3, '3.75'),
(1366, 227, 4, '0'),
(1367, 227, 5, '3'),
(1368, 227, 6, '3'),
(1369, 228, 1, '0'),
(1370, 228, 2, '0'),
(1371, 228, 3, '0'),
(1372, 228, 4, '0'),
(1373, 228, 5, '0'),
(1374, 228, 6, '0'),
(1375, 229, 1, '2.5'),
(1376, 229, 2, '0'),
(1377, 229, 3, '0'),
(1378, 229, 4, '0'),
(1379, 229, 5, '0'),
(1380, 229, 6, '0'),
(1381, 230, 1, '3.75'),
(1382, 230, 2, '3.75'),
(1383, 230, 3, '2'),
(1384, 230, 4, '3'),
(1385, 230, 5, '3'),
(1386, 230, 6, '1'),
(1387, 231, 1, '2.5'),
(1388, 231, 2, '2'),
(1389, 231, 3, '3.5'),
(1390, 231, 4, '0'),
(1391, 231, 5, '0'),
(1392, 231, 6, '2.5'),
(1393, 232, 1, '0'),
(1394, 232, 2, '0'),
(1395, 232, 3, '0'),
(1396, 232, 4, '0'),
(1397, 232, 5, '0'),
(1398, 232, 6, '0'),
(1399, 233, 1, '0'),
(1400, 233, 2, '0'),
(1401, 233, 3, '0'),
(1402, 233, 4, '0'),
(1403, 233, 5, '0'),
(1404, 233, 6, '0'),
(1405, 234, 1, '3'),
(1406, 234, 2, '2.5'),
(1407, 234, 3, '3'),
(1408, 234, 4, '2'),
(1409, 234, 5, '1'),
(1410, 234, 6, '3'),
(1411, 235, 1, '3'),
(1412, 235, 2, '3'),
(1413, 235, 3, '3'),
(1414, 235, 4, '0'),
(1415, 235, 5, '3'),
(1416, 235, 6, '3'),
(1417, 236, 1, '2'),
(1418, 236, 2, '2.5'),
(1419, 236, 3, '3'),
(1420, 236, 4, '2'),
(1421, 236, 5, '1'),
(1422, 236, 6, '2.5'),
(1423, 237, 1, '2.5'),
(1424, 237, 2, '2.5'),
(1425, 237, 3, '0'),
(1426, 237, 4, '2'),
(1427, 237, 5, '2'),
(1428, 237, 6, '0'),
(1429, 238, 1, '3.5'),
(1430, 238, 2, '0'),
(1431, 238, 3, '3.5'),
(1432, 238, 4, '0'),
(1433, 238, 5, '0'),
(1434, 238, 6, '0'),
(1435, 239, 1, '3'),
(1436, 239, 2, '2.5'),
(1437, 239, 3, '0'),
(1438, 239, 4, '2.5'),
(1439, 239, 5, '1'),
(1440, 239, 6, '2.5'),
(1441, 240, 1, '3'),
(1442, 240, 2, '3'),
(1443, 240, 3, '0'),
(1444, 240, 4, '2.5'),
(1445, 240, 5, '0'),
(1446, 240, 6, '2.5'),
(1447, 241, 1, '2.5'),
(1448, 241, 2, '2.5'),
(1449, 241, 3, '3'),
(1450, 241, 4, '2'),
(1451, 241, 5, '0'),
(1452, 241, 6, '0'),
(1453, 242, 1, '2.5'),
(1454, 242, 2, '2'),
(1455, 242, 3, '3'),
(1456, 242, 4, '2'),
(1457, 242, 5, '1'),
(1458, 242, 6, '1'),
(1459, 243, 1, '3'),
(1460, 243, 2, '3'),
(1461, 243, 3, '3'),
(1462, 243, 4, '2'),
(1463, 243, 5, '2.5'),
(1464, 243, 6, '2.5'),
(1465, 244, 1, '0'),
(1466, 244, 2, '0'),
(1467, 244, 3, '0'),
(1468, 244, 4, '0'),
(1469, 244, 5, '0'),
(1470, 244, 6, '0'),
(1471, 245, 1, '2'),
(1472, 245, 2, '3'),
(1473, 245, 3, '3'),
(1474, 245, 4, '2'),
(1475, 245, 5, '0'),
(1476, 245, 6, '0'),
(1477, 246, 1, '2'),
(1478, 246, 2, '2.5'),
(1479, 246, 3, '2.5'),
(1480, 246, 4, '2'),
(1481, 246, 5, '1'),
(1482, 246, 6, '0'),
(1483, 247, 1, '0'),
(1484, 247, 2, '0'),
(1485, 247, 3, '0'),
(1486, 247, 4, '0'),
(1487, 247, 5, '0'),
(1488, 247, 6, '0'),
(1489, 248, 1, '3'),
(1490, 248, 2, '3'),
(1491, 248, 3, '3.5'),
(1492, 248, 4, '2'),
(1493, 248, 5, '2.5'),
(1494, 248, 6, '3'),
(1495, 249, 1, '2.5'),
(1496, 249, 2, '0'),
(1497, 249, 3, '0'),
(1498, 249, 4, '0'),
(1499, 249, 5, '0'),
(1500, 249, 6, '0'),
(1501, 250, 1, '2.5'),
(1502, 250, 2, '3'),
(1503, 250, 3, '2.5'),
(1504, 250, 4, '2'),
(1505, 250, 5, '1'),
(1506, 250, 6, '0'),
(1507, 251, 1, '3'),
(1508, 251, 2, '2'),
(1509, 251, 3, '0'),
(1510, 251, 4, '0'),
(1511, 251, 5, '0'),
(1512, 251, 6, '0'),
(1513, 252, 1, '0'),
(1514, 252, 2, '0'),
(1515, 252, 3, '0'),
(1516, 252, 4, '0'),
(1517, 252, 5, '0'),
(1518, 252, 6, '0'),
(1519, 253, 1, '0'),
(1520, 253, 2, '0'),
(1521, 253, 3, '0'),
(1522, 253, 4, '0'),
(1523, 253, 5, '0'),
(1524, 253, 6, '0'),
(1525, 254, 1, '0'),
(1526, 254, 2, '0'),
(1527, 254, 3, '0'),
(1528, 254, 4, '0'),
(1529, 254, 5, '0'),
(1530, 254, 6, '0'),
(1531, 255, 1, '0'),
(1532, 255, 2, '0'),
(1533, 255, 3, '0'),
(1534, 255, 4, '0'),
(1535, 255, 5, '0'),
(1536, 255, 6, '0'),
(1537, 256, 1, '2.5'),
(1538, 256, 2, '0'),
(1539, 256, 3, '3'),
(1540, 256, 4, '0'),
(1541, 256, 5, '0'),
(1542, 256, 6, '0'),
(1543, 257, 1, '2'),
(1544, 257, 2, '3'),
(1545, 257, 3, '2'),
(1546, 257, 4, '2'),
(1547, 257, 5, '0'),
(1548, 257, 6, '2'),
(1549, 258, 1, '3'),
(1550, 258, 2, '3.75'),
(1551, 258, 3, '3.75'),
(1552, 258, 4, '3.5'),
(1553, 258, 5, '3.5'),
(1554, 258, 6, '3'),
(1555, 259, 1, '0'),
(1556, 259, 2, '0'),
(1557, 259, 3, '0'),
(1558, 259, 4, '0'),
(1559, 259, 5, '0'),
(1560, 259, 6, '0'),
(1561, 260, 1, '2.5'),
(1562, 260, 2, '2.5'),
(1563, 260, 3, '3'),
(1564, 260, 4, '1'),
(1565, 260, 5, '1'),
(1566, 260, 6, '2.5'),
(1567, 261, 1, '2'),
(1568, 261, 2, '2'),
(1569, 261, 3, '2.5'),
(1570, 261, 4, '2'),
(1571, 261, 5, '2'),
(1572, 261, 6, '2.5'),
(1573, 262, 1, '2.5'),
(1574, 262, 2, '2'),
(1575, 262, 3, '3.5'),
(1576, 262, 4, '0'),
(1577, 262, 5, '0'),
(1578, 262, 6, '1'),
(1579, 263, 1, '0'),
(1580, 263, 2, '0'),
(1581, 263, 3, '0'),
(1582, 263, 4, '0'),
(1583, 263, 5, '0'),
(1584, 263, 6, '0'),
(1585, 264, 1, '3'),
(1586, 264, 2, '3'),
(1587, 264, 3, '2'),
(1588, 264, 4, '0'),
(1589, 264, 5, '2.5'),
(1590, 264, 6, '0'),
(1591, 265, 1, '3'),
(1592, 265, 2, '3'),
(1593, 265, 3, '3'),
(1594, 265, 4, '1'),
(1595, 265, 5, '3'),
(1596, 265, 6, '2.5'),
(1597, 266, 1, '2.5'),
(1598, 266, 2, '0'),
(1599, 266, 3, '0'),
(1600, 266, 4, '2'),
(1601, 266, 5, '1'),
(1602, 266, 6, '0'),
(1603, 267, 1, '2.5'),
(1604, 267, 2, '3'),
(1605, 267, 3, '3.5'),
(1606, 267, 4, '2'),
(1607, 267, 5, '3'),
(1608, 267, 6, '2.5'),
(1609, 268, 1, '2'),
(1610, 268, 2, '2.5'),
(1611, 268, 3, '3.5'),
(1612, 268, 4, '2'),
(1613, 268, 5, '2.5'),
(1614, 268, 6, '2'),
(1615, 269, 1, '3'),
(1616, 269, 2, '2.5'),
(1617, 269, 3, '2.5'),
(1618, 269, 4, '2'),
(1619, 269, 5, '2.5'),
(1620, 269, 6, '2.5'),
(1621, 270, 1, '3'),
(1622, 270, 2, '3'),
(1623, 270, 3, '2.5'),
(1624, 270, 4, '2'),
(1625, 270, 5, '0'),
(1626, 270, 6, '0'),
(1627, 271, 1, '0'),
(1628, 271, 2, '0'),
(1629, 271, 3, '0'),
(1630, 271, 4, '0'),
(1631, 271, 5, '0'),
(1632, 271, 6, '0'),
(1633, 272, 1, '3.75'),
(1634, 272, 2, '3.75'),
(1635, 272, 3, '3.75'),
(1636, 272, 4, '3'),
(1637, 272, 5, '3'),
(1638, 272, 6, '0'),
(1639, 273, 1, '2'),
(1640, 273, 2, '2.5'),
(1641, 273, 3, '2.5'),
(1642, 273, 4, '2'),
(1643, 273, 5, '2.5'),
(1644, 273, 6, '2.5'),
(1645, 274, 1, '1'),
(1646, 274, 2, '3'),
(1647, 274, 3, '2.5'),
(1648, 274, 4, '2'),
(1649, 274, 5, '2.5'),
(1650, 274, 6, '3'),
(1651, 275, 1, '3'),
(1652, 275, 2, '3.5'),
(1653, 275, 3, '3'),
(1654, 275, 4, '0'),
(1655, 275, 5, '0'),
(1656, 275, 6, '0'),
(1657, 276, 1, '0'),
(1658, 276, 2, '0'),
(1659, 276, 3, '0'),
(1660, 276, 4, '0'),
(1661, 276, 5, '0'),
(1662, 276, 6, '0'),
(1663, 277, 1, '0'),
(1664, 277, 2, '0'),
(1665, 277, 3, '0'),
(1666, 277, 4, '0'),
(1667, 277, 5, '0'),
(1668, 277, 6, '0'),
(1669, 278, 1, '0'),
(1670, 278, 2, '0'),
(1671, 278, 3, '0'),
(1672, 278, 4, '0'),
(1673, 278, 5, '0'),
(1674, 278, 6, '0'),
(1675, 279, 1, '3'),
(1676, 279, 2, '0'),
(1677, 279, 3, '0'),
(1678, 279, 4, '0'),
(1679, 279, 5, '0'),
(1680, 279, 6, '0'),
(1681, 280, 1, '3.5'),
(1682, 280, 2, '3.75'),
(1683, 280, 3, '3.75'),
(1684, 280, 4, '2.5'),
(1685, 280, 5, '3.5'),
(1686, 280, 6, '3.5'),
(1687, 281, 1, '0'),
(1688, 281, 2, '0'),
(1689, 281, 3, '0'),
(1690, 281, 4, '0'),
(1691, 281, 5, '0'),
(1692, 281, 6, '0'),
(1693, 282, 1, '3.75'),
(1694, 282, 2, '3.75'),
(1695, 282, 3, '3.75'),
(1696, 282, 4, '3.75'),
(1697, 282, 5, '3.75'),
(1698, 282, 6, '3.75'),
(1699, 283, 1, '2'),
(1700, 283, 2, '2.5'),
(1701, 283, 3, '3'),
(1702, 283, 4, '2'),
(1703, 283, 5, '1'),
(1704, 283, 6, '2.5'),
(1705, 284, 1, '3.5'),
(1706, 284, 2, '2.5'),
(1707, 284, 3, '3.5'),
(1708, 284, 4, '0'),
(1709, 284, 5, '0'),
(1710, 284, 6, '1'),
(1711, 285, 1, '2.5'),
(1712, 285, 2, '3.5'),
(1713, 285, 3, '3.75'),
(1714, 285, 4, '3'),
(1715, 285, 5, '3.5'),
(1716, 285, 6, '3'),
(1717, 286, 1, '3'),
(1718, 286, 2, '2.5'),
(1719, 286, 3, '2'),
(1720, 286, 4, '0'),
(1721, 286, 5, '0'),
(1722, 286, 6, '0'),
(1723, 287, 1, '0'),
(1724, 287, 2, '0'),
(1725, 287, 3, '0'),
(1726, 287, 4, '0'),
(1727, 287, 5, '0'),
(1728, 287, 6, '0'),
(1729, 288, 1, '0'),
(1730, 288, 2, '0'),
(1731, 288, 3, '0'),
(1732, 288, 4, '0'),
(1733, 288, 5, '0'),
(1734, 288, 6, '0'),
(1735, 289, 1, '2.5'),
(1736, 289, 2, '3.5'),
(1737, 289, 3, '4'),
(1738, 289, 4, '2.5'),
(1739, 289, 5, '1'),
(1740, 289, 6, '2'),
(1741, 290, 1, '0'),
(1742, 290, 2, '0'),
(1743, 290, 3, '0'),
(1744, 290, 4, '0'),
(1745, 290, 5, '0'),
(1746, 290, 6, '0'),
(1747, 291, 1, '0'),
(1748, 291, 2, '0'),
(1749, 291, 3, '0'),
(1750, 291, 4, '0'),
(1751, 291, 5, '0'),
(1752, 291, 6, '0'),
(1753, 292, 1, '0'),
(1754, 292, 2, '0'),
(1755, 292, 3, '0'),
(1756, 292, 4, '0'),
(1757, 292, 5, '0'),
(1758, 292, 6, '0'),
(1759, 293, 1, '1'),
(1760, 293, 2, '2'),
(1761, 293, 3, '3'),
(1762, 293, 4, '1'),
(1763, 293, 5, '1'),
(1764, 293, 6, '0'),
(1765, 294, 1, '2'),
(1766, 294, 2, '0'),
(1767, 294, 3, '0'),
(1768, 294, 4, '0'),
(1769, 294, 5, '0'),
(1770, 294, 6, '0'),
(1771, 295, 1, '3'),
(1772, 295, 2, '3'),
(1773, 295, 3, '3.75'),
(1774, 295, 4, '2.5'),
(1775, 295, 5, '3'),
(1776, 295, 6, '2.5'),
(1777, 296, 1, '3'),
(1778, 296, 2, '3'),
(1779, 296, 3, '2'),
(1780, 296, 4, '3'),
(1781, 296, 5, '0'),
(1782, 296, 6, '0'),
(1783, 297, 1, '2.5'),
(1784, 297, 2, '2'),
(1785, 297, 3, '3.5'),
(1786, 297, 4, '3.5'),
(1787, 297, 5, '2.5'),
(1788, 297, 6, '0'),
(1789, 298, 1, '0'),
(1790, 298, 2, '0'),
(1791, 298, 3, '0'),
(1792, 298, 4, '0'),
(1793, 298, 5, '0'),
(1794, 298, 6, '0'),
(1795, 299, 1, '2.5'),
(1796, 299, 2, '3'),
(1797, 299, 3, '2.5'),
(1798, 299, 4, '3'),
(1799, 299, 5, '3'),
(1800, 299, 6, '3.5'),
(1801, 300, 1, '0'),
(1802, 300, 2, '0'),
(1803, 300, 3, '0'),
(1804, 300, 4, '0'),
(1805, 300, 5, '0'),
(1806, 300, 6, '0'),
(1807, 301, 1, '0'),
(1808, 301, 2, '0'),
(1809, 301, 3, '0'),
(1810, 301, 4, '0'),
(1811, 301, 5, '0'),
(1812, 301, 6, '0'),
(1813, 302, 1, '0'),
(1814, 302, 2, '0'),
(1815, 302, 3, '0'),
(1816, 302, 4, '0'),
(1817, 302, 5, '0'),
(1818, 302, 6, '0'),
(1819, 303, 1, '0'),
(1820, 303, 2, '0'),
(1821, 303, 3, '0'),
(1822, 303, 4, '0'),
(1823, 303, 5, '0'),
(1824, 303, 6, '0'),
(1825, 304, 1, '0'),
(1826, 304, 2, '0'),
(1827, 304, 3, '0'),
(1828, 304, 4, '0'),
(1829, 304, 5, '0'),
(1830, 304, 6, '0'),
(1831, 305, 1, '2'),
(1832, 305, 2, '3.5'),
(1833, 305, 3, '3.75'),
(1834, 305, 4, '2'),
(1835, 305, 5, '3'),
(1836, 305, 6, '3.5'),
(1837, 306, 1, '3.5'),
(1838, 306, 2, '3.5'),
(1839, 306, 3, '2.5'),
(1840, 306, 4, '2'),
(1841, 306, 5, '1'),
(1842, 306, 6, '2.5'),
(1843, 307, 1, '2.5'),
(1844, 307, 2, '3.5'),
(1845, 307, 3, '3.5'),
(1846, 307, 4, '2'),
(1847, 307, 5, '2.5'),
(1848, 307, 6, '2'),
(1849, 308, 1, '0'),
(1850, 308, 2, '3'),
(1851, 308, 3, '2'),
(1852, 308, 4, '0'),
(1853, 308, 5, '0'),
(1854, 308, 6, '0'),
(1855, 309, 1, '3'),
(1856, 309, 2, '3.5'),
(1857, 309, 3, '0'),
(1858, 309, 4, '3'),
(1859, 309, 5, '0'),
(1860, 309, 6, '0'),
(1861, 310, 1, '0'),
(1862, 310, 2, '0'),
(1863, 310, 3, '0'),
(1864, 310, 4, '0'),
(1865, 310, 5, '0'),
(1866, 310, 6, '0'),
(1867, 311, 1, '3'),
(1868, 311, 2, '2.5'),
(1869, 311, 3, '2.5'),
(1870, 311, 4, '2'),
(1871, 311, 5, '0'),
(1872, 311, 6, '0'),
(1873, 312, 1, '3'),
(1874, 312, 2, '3'),
(1875, 312, 3, '0'),
(1876, 312, 4, '2.5'),
(1877, 312, 5, '0'),
(1878, 312, 6, '0'),
(1879, 313, 1, '3.5'),
(1880, 313, 2, '3'),
(1881, 313, 3, '3.75'),
(1882, 313, 4, '3'),
(1883, 313, 5, '0'),
(1884, 313, 6, '0'),
(1885, 314, 1, '0'),
(1886, 314, 2, '0'),
(1887, 314, 3, '0'),
(1888, 314, 4, '0'),
(1889, 314, 5, '0'),
(1890, 314, 6, '0'),
(1891, 315, 1, '3.5'),
(1892, 315, 2, '3'),
(1893, 315, 3, '3.5'),
(1894, 315, 4, '3'),
(1895, 315, 5, '0'),
(1896, 315, 6, '0'),
(1897, 316, 1, '0'),
(1898, 316, 2, '0'),
(1899, 316, 3, '0'),
(1900, 316, 4, '0'),
(1901, 316, 5, '0'),
(1902, 316, 6, '0'),
(1903, 317, 1, '2.5'),
(1904, 317, 2, '2.5'),
(1905, 317, 3, '0'),
(1906, 317, 4, '3.5'),
(1907, 317, 5, '0'),
(1908, 317, 6, '0'),
(1909, 318, 1, '2'),
(1910, 318, 2, '0'),
(1911, 318, 3, '0'),
(1912, 318, 4, '0'),
(1913, 318, 5, '0'),
(1914, 318, 6, '0'),
(1915, 319, 1, '0'),
(1916, 319, 2, '0'),
(1917, 319, 3, '0'),
(1918, 319, 4, '0'),
(1919, 319, 5, '0'),
(1920, 319, 6, '0'),
(1921, 320, 1, '0'),
(1922, 320, 2, '3'),
(1923, 320, 3, '0'),
(1924, 320, 4, '0'),
(1925, 320, 5, '0'),
(1926, 320, 6, '0'),
(1927, 321, 1, '3'),
(1928, 321, 2, '3'),
(1929, 321, 3, '0'),
(1930, 321, 4, '0'),
(1931, 321, 5, '0'),
(1932, 321, 6, '0'),
(1933, 322, 1, '3.75'),
(1934, 322, 2, '3.75'),
(1935, 322, 3, '0'),
(1936, 322, 4, '0'),
(1937, 322, 5, '0'),
(1938, 322, 6, '0'),
(1939, 323, 1, '3'),
(1940, 323, 2, '3.5'),
(1941, 323, 3, '0'),
(1942, 323, 4, '2.5'),
(1943, 323, 5, '0'),
(1944, 323, 6, '0'),
(1945, 324, 1, '0'),
(1946, 324, 2, '0'),
(1947, 324, 3, '0'),
(1948, 324, 4, '0'),
(1949, 324, 5, '0'),
(1950, 324, 6, '0'),
(1951, 325, 1, '0'),
(1952, 325, 2, '3.75'),
(1953, 325, 3, '0'),
(1954, 325, 4, '3'),
(1955, 325, 5, '0'),
(1956, 325, 6, '0'),
(1957, 326, 1, '0'),
(1958, 326, 2, '0'),
(1959, 326, 3, '0'),
(1960, 326, 4, '0'),
(1961, 326, 5, '0'),
(1962, 326, 6, '0'),
(1963, 327, 1, '3.5'),
(1964, 327, 2, '3.5'),
(1965, 327, 3, '0'),
(1966, 327, 4, '2.5'),
(1967, 327, 5, '0'),
(1968, 327, 6, '0'),
(1969, 328, 1, '3.5'),
(1970, 328, 2, '3.5'),
(1971, 328, 3, '0'),
(1972, 328, 4, '2.5'),
(1973, 328, 5, '0'),
(1974, 328, 6, '0'),
(1975, 329, 1, '0'),
(1976, 329, 2, '0'),
(1977, 329, 3, '0'),
(1978, 329, 4, '0'),
(1979, 329, 5, '0'),
(1980, 329, 6, '0'),
(1981, 330, 1, '2'),
(1982, 330, 2, '3'),
(1983, 330, 3, '0'),
(1984, 330, 4, '2.5'),
(1985, 330, 5, '0'),
(1986, 330, 6, '0'),
(1987, 331, 1, '0'),
(1988, 331, 2, '0'),
(1989, 331, 3, '0'),
(1990, 331, 4, '0'),
(1991, 331, 5, '0'),
(1992, 331, 6, '0'),
(1993, 332, 1, '3'),
(1994, 332, 2, '0'),
(1995, 332, 3, '0'),
(1996, 332, 4, '0'),
(1997, 332, 5, '0'),
(1998, 332, 6, '0'),
(1999, 333, 1, '2'),
(2000, 333, 2, '3'),
(2001, 333, 3, '0'),
(2002, 333, 4, '0'),
(2003, 333, 5, '0'),
(2004, 333, 6, '0'),
(2005, 334, 1, '2.5'),
(2006, 334, 2, '3'),
(2007, 334, 3, '0'),
(2008, 334, 4, '0'),
(2009, 334, 5, '0'),
(2010, 334, 6, '0'),
(2011, 335, 1, '0'),
(2012, 335, 2, '3.75'),
(2013, 335, 3, '0'),
(2014, 335, 4, '0'),
(2015, 335, 5, '0'),
(2016, 335, 6, '0'),
(2017, 336, 1, '0'),
(2018, 336, 2, '0'),
(2019, 336, 3, '0'),
(2020, 336, 4, '0'),
(2021, 336, 5, '0'),
(2022, 336, 6, '0'),
(2023, 337, 1, '3'),
(2024, 337, 2, '0'),
(2025, 337, 3, '3.75'),
(2026, 337, 4, '3.75'),
(2027, 337, 5, '0'),
(2028, 337, 6, '0'),
(2029, 338, 1, '3.5'),
(2030, 338, 2, '2.5'),
(2031, 338, 3, '3'),
(2032, 338, 4, '3'),
(2033, 338, 5, '0'),
(2034, 338, 6, '0'),
(2035, 339, 1, '3.75'),
(2036, 339, 2, '0'),
(2037, 339, 3, '3.75'),
(2038, 339, 4, '4'),
(2039, 339, 5, '0'),
(2040, 339, 6, '0'),
(2041, 340, 1, '0'),
(2042, 340, 2, '0'),
(2043, 340, 3, '0'),
(2044, 340, 4, '0'),
(2045, 340, 5, '0'),
(2046, 340, 6, '0'),
(2047, 341, 1, '3.75'),
(2048, 341, 2, '3'),
(2049, 341, 3, '3'),
(2050, 341, 4, '3'),
(2051, 341, 5, '0'),
(2052, 341, 6, '0'),
(2053, 342, 1, '0'),
(2054, 342, 2, '0'),
(2055, 342, 3, '0'),
(2056, 342, 4, '0'),
(2057, 342, 5, '0'),
(2058, 342, 6, '0'),
(2059, 343, 1, '0'),
(2060, 343, 2, '3.5'),
(2061, 343, 3, '0'),
(2062, 343, 4, '0'),
(2063, 343, 5, '0'),
(2064, 343, 6, '0'),
(2065, 344, 1, '2.5'),
(2066, 344, 2, '2.5'),
(2067, 344, 3, '2'),
(2068, 344, 4, '0'),
(2069, 344, 5, '0'),
(2070, 344, 6, '0'),
(2071, 345, 1, '3'),
(2072, 345, 2, '3.5'),
(2073, 345, 3, '0'),
(2074, 345, 4, '2'),
(2075, 345, 5, '0'),
(2076, 345, 6, '0'),
(2077, 346, 1, '3'),
(2078, 346, 2, '3.5'),
(2079, 346, 3, '0'),
(2080, 346, 4, '2'),
(2081, 346, 5, '0'),
(2082, 346, 6, '0'),
(2083, 347, 1, '2.5'),
(2084, 347, 2, '3'),
(2085, 347, 3, '0'),
(2086, 347, 4, '0'),
(2087, 347, 5, '0'),
(2088, 347, 6, '0'),
(2089, 348, 1, '3.75'),
(2090, 348, 2, '3'),
(2091, 348, 3, '3.5'),
(2092, 348, 4, '2.5'),
(2093, 348, 5, '0'),
(2094, 348, 6, '0'),
(2095, 349, 1, '0'),
(2096, 349, 2, '2'),
(2097, 349, 3, '0'),
(2098, 349, 4, '2.5'),
(2099, 349, 5, '0'),
(2100, 349, 6, '0'),
(2101, 350, 1, '0'),
(2102, 350, 2, '0'),
(2103, 350, 3, '0'),
(2104, 350, 4, '0'),
(2105, 350, 5, '0'),
(2106, 350, 6, '0'),
(2107, 351, 1, '2.5'),
(2108, 351, 2, '3.5'),
(2109, 351, 3, '0'),
(2110, 351, 4, '2.5'),
(2111, 351, 5, '0'),
(2112, 351, 6, '0'),
(2113, 352, 1, '0'),
(2114, 352, 2, '0'),
(2115, 352, 3, '0'),
(2116, 352, 4, '0'),
(2117, 352, 5, '0'),
(2118, 352, 6, '0'),
(2119, 353, 1, '2.5'),
(2120, 353, 2, '3.5'),
(2121, 353, 3, '0'),
(2122, 353, 4, '2.5'),
(2123, 353, 5, '0'),
(2124, 353, 6, '0'),
(2125, 354, 1, '0'),
(2126, 354, 2, '0'),
(2127, 354, 3, '0'),
(2128, 354, 4, '0'),
(2129, 354, 5, '0'),
(2130, 354, 6, '0'),
(2131, 355, 1, '0'),
(2132, 355, 2, '0'),
(2133, 355, 3, '0'),
(2134, 355, 4, '0'),
(2135, 355, 5, '0'),
(2136, 355, 6, '0'),
(2137, 356, 1, '0'),
(2138, 356, 2, '0'),
(2139, 356, 3, '0'),
(2140, 356, 4, '0'),
(2141, 356, 5, '0'),
(2142, 356, 6, '0'),
(2143, 357, 1, '2'),
(2144, 357, 2, '1'),
(2145, 357, 3, '1'),
(2146, 357, 4, '0'),
(2147, 357, 5, '0'),
(2148, 357, 6, '0'),
(2149, 358, 1, '0'),
(2150, 358, 2, '0'),
(2151, 358, 3, '0'),
(2152, 358, 4, '0'),
(2153, 358, 5, '0'),
(2154, 358, 6, '0'),
(2155, 359, 1, '3'),
(2156, 359, 2, '2'),
(2157, 359, 3, '1'),
(2158, 359, 4, '0'),
(2159, 359, 5, '0'),
(2160, 359, 6, '0'),
(2161, 360, 1, '3'),
(2162, 360, 2, '2.5'),
(2163, 360, 3, '0'),
(2164, 360, 4, '0'),
(2165, 360, 5, '0'),
(2166, 360, 6, '0'),
(2167, 361, 1, '0'),
(2168, 361, 2, '0'),
(2169, 361, 3, '0'),
(2170, 361, 4, '0'),
(2171, 361, 5, '0'),
(2172, 361, 6, '0'),
(2173, 362, 1, '2.5'),
(2174, 362, 2, '2'),
(2175, 362, 3, '2.5'),
(2176, 362, 4, '1'),
(2177, 362, 5, '0'),
(2178, 362, 6, '0'),
(2179, 363, 1, '2'),
(2180, 363, 2, '2.5'),
(2181, 363, 3, '0'),
(2182, 363, 4, '0'),
(2183, 363, 5, '0'),
(2184, 363, 6, '0'),
(2185, 364, 1, '2.5'),
(2186, 364, 2, '2'),
(2187, 364, 3, '2'),
(2188, 364, 4, '2.5'),
(2189, 364, 5, '0'),
(2190, 364, 6, '0'),
(2191, 365, 1, '0'),
(2192, 365, 2, '3.75'),
(2193, 365, 3, '0'),
(2194, 365, 4, '0'),
(2195, 365, 5, '0'),
(2196, 365, 6, '0'),
(2197, 366, 1, '0'),
(2198, 366, 2, '0'),
(2199, 366, 3, '0'),
(2200, 366, 4, '0'),
(2201, 366, 5, '0'),
(2202, 366, 6, '0'),
(2203, 367, 1, '2.5'),
(2204, 367, 2, '3.5'),
(2205, 367, 3, '3'),
(2206, 367, 4, '2.5'),
(2207, 367, 5, '0'),
(2208, 367, 6, '0'),
(2209, 368, 1, '3.5'),
(2210, 368, 2, '2.5'),
(2211, 368, 3, '2'),
(2212, 368, 4, '2'),
(2213, 368, 5, '0'),
(2214, 368, 6, '0'),
(2215, 369, 1, '2.5'),
(2216, 369, 2, '2'),
(2217, 369, 3, '0'),
(2218, 369, 4, '2'),
(2219, 369, 5, '0'),
(2220, 369, 6, '0'),
(2221, 370, 1, '3'),
(2222, 370, 2, '3.75'),
(2223, 370, 3, '3.5'),
(2224, 370, 4, '3'),
(2225, 370, 5, '0'),
(2226, 370, 6, '0'),
(2227, 371, 1, '0'),
(2228, 371, 2, '0'),
(2229, 371, 3, '0'),
(2230, 371, 4, '0'),
(2231, 371, 5, '0'),
(2232, 371, 6, '0'),
(2233, 372, 1, '1'),
(2234, 372, 2, '0'),
(2235, 372, 3, '0'),
(2236, 372, 4, '0'),
(2237, 372, 5, '0'),
(2238, 372, 6, '0'),
(2239, 373, 1, '3'),
(2240, 373, 2, '0'),
(2241, 373, 3, '2'),
(2242, 373, 4, '0'),
(2243, 373, 5, '0'),
(2244, 373, 6, '0'),
(2245, 374, 1, '2.5'),
(2246, 374, 2, '3.75'),
(2247, 374, 3, '3'),
(2248, 374, 4, '0'),
(2249, 374, 5, '0'),
(2250, 374, 6, '0'),
(2251, 375, 1, '2.5'),
(2252, 375, 2, '3.5'),
(2253, 375, 3, '0'),
(2254, 375, 4, '0'),
(2255, 375, 5, '0'),
(2256, 375, 6, '0'),
(2257, 376, 1, '0'),
(2258, 376, 2, '1'),
(2259, 376, 3, '0'),
(2260, 376, 4, '3'),
(2261, 376, 5, '0'),
(2262, 376, 6, '0'),
(2263, 377, 1, '2.5'),
(2264, 377, 2, '3'),
(2265, 377, 3, '2'),
(2266, 377, 4, '1'),
(2267, 377, 5, '2'),
(2268, 377, 6, '3');

-- --------------------------------------------------------

--
-- Struktur dari tabel `status_ipk`
--

CREATE TABLE `status_ipk` (
  `id_status_ipk` int(11) NOT NULL,
  `status_ipk` int(11) NOT NULL
) ENGINE=InnoDB DEFAULT CHARSET=utf8mb4;

--
-- Dumping data untuk tabel `status_ipk`
--

INSERT INTO `status_ipk` (`id_status_ipk`, `status_ipk`) VALUES
(1, 1),
(2, 2),
(3, 3),
(4, 4);

-- --------------------------------------------------------

--
-- Struktur dari tabel `status_spa`
--

CREATE TABLE `status_spa` (
  `id_status_spa` int(11) NOT NULL,
  `status_spa` int(11) NOT NULL
) ENGINE=InnoDB DEFAULT CHARSET=utf8mb4;

--
-- Dumping data untuk tabel `status_spa`
--

INSERT INTO `status_spa` (`id_status_spa`, `status_spa`) VALUES
(1, 1),
(2, 2),
(3, 3),
(4, 4),
(5, 5),
(6, 6);

-- --------------------------------------------------------

--
-- Struktur dari tabel `users`
--

CREATE TABLE `users` (
  `id_user` int(11) NOT NULL,
  `id_role` int(11) DEFAULT 2,
  `username` varchar(100) DEFAULT NULL,
  `email` varchar(75) DEFAULT NULL,
  `password` varchar(75) DEFAULT NULL,
  `created_at` datetime DEFAULT current_timestamp(),
  `updated_at` datetime DEFAULT current_timestamp()
) ENGINE=InnoDB DEFAULT CHARSET=utf8mb4;

--
-- Dumping data untuk tabel `users`
--

INSERT INTO `users` (`id_user`, `id_role`, `username`, `email`, `password`, `created_at`, `updated_at`) VALUES
(1, 1, 'Tata Usaha', 'tu@gmail.com', '$2y$10$//KMATh3ibPoI3nHFp7x/u7vnAbo2WyUgmI4x0CVVrH8ajFhMvbjG', '2023-06-15 22:45:19', '2023-06-15 22:45:19'),
(2, 2, 'Ketua Program Studi', 'kepro@gmail.com', '$2y$10$RCsxeKFpZIVKyGD7KQPiWOHBWBWvOneZN/iSJDELGBTOt2/CQv/s2', '2023-07-17 16:34:15', '2023-07-17 16:34:15');

-- --------------------------------------------------------

--
-- Struktur dari tabel `users_role`
--

CREATE TABLE `users_role` (
  `id_role` int(11) NOT NULL,
  `role` varchar(35) DEFAULT NULL
) ENGINE=InnoDB DEFAULT CHARSET=utf8mb4;

--
-- Dumping data untuk tabel `users_role`
--

INSERT INTO `users_role` (`id_role`, `role`) VALUES
(1, 'Tata Usaha'),
(2, 'Ketua Program Studi');

--
-- Indexes for dumped tables
--

--
-- Indeks untuk tabel `atribut`
--
ALTER TABLE `atribut`
  ADD PRIMARY KEY (`id_atribut`);

--
-- Indeks untuk tabel `atribut_latih`
--
ALTER TABLE `atribut_latih`
  ADD PRIMARY KEY (`id_atribut_latih`),
  ADD KEY `id_latih` (`id_latih`),
  ADD KEY `id_atribut_sub` (`id_atribut_sub`),
  ADD KEY `id_atribut` (`id_atribut`);

--
-- Indeks untuk tabel `atribut_sub`
--
ALTER TABLE `atribut_sub`
  ADD PRIMARY KEY (`id_atribut_sub`),
  ADD KEY `id_atribut` (`id_atribut`);

--
-- Indeks untuk tabel `atribut_testing`
--
ALTER TABLE `atribut_testing`
  ADD PRIMARY KEY (`id_atribut_testing`),
  ADD KEY `id_latih` (`id_testing`),
  ADD KEY `id_atribut_sub` (`id_atribut_sub`);

--
-- Indeks untuk tabel `data_latih`
--
ALTER TABLE `data_latih`
  ADD PRIMARY KEY (`id_latih`);

--
-- Indeks untuk tabel `data_testing`
--
ALTER TABLE `data_testing`
  ADD PRIMARY KEY (`id_testing`);

--
-- Indeks untuk tabel `ipk_latih`
--
ALTER TABLE `ipk_latih`
  ADD PRIMARY KEY (`id_ipk_latih`),
  ADD KEY `id_status_ipk` (`id_status_ipk`),
  ADD KEY `ipk_testing_ibfk_1` (`id_latih`);

--
-- Indeks untuk tabel `ipk_testing`
--
ALTER TABLE `ipk_testing`
  ADD PRIMARY KEY (`id_ipk_testing`),
  ADD KEY `id_latih` (`id_testing`),
  ADD KEY `id_status_ipk` (`id_status_ipk`);

--
-- Indeks untuk tabel `overview`
--
ALTER TABLE `overview`
  ADD PRIMARY KEY (`id`);

--
-- Indeks untuk tabel `spa_latih`
--
ALTER TABLE `spa_latih`
  ADD PRIMARY KEY (`id_spa_latih`),
  ADD KEY `id_status_spa` (`id_status_spa`),
  ADD KEY `spa_testing_ibfk_1` (`id_latih`);

--
-- Indeks untuk tabel `spa_testing`
--
ALTER TABLE `spa_testing`
  ADD PRIMARY KEY (`id_spa_testing`),
  ADD KEY `id_latih` (`id_testing`),
  ADD KEY `id_status_spa` (`id_status_spa`);

--
-- Indeks untuk tabel `status_ipk`
--
ALTER TABLE `status_ipk`
  ADD PRIMARY KEY (`id_status_ipk`);

--
-- Indeks untuk tabel `status_spa`
--
ALTER TABLE `status_spa`
  ADD PRIMARY KEY (`id_status_spa`);

--
-- Indeks untuk tabel `users`
--
ALTER TABLE `users`
  ADD PRIMARY KEY (`id_user`),
  ADD KEY `id_role` (`id_role`);

--
-- Indeks untuk tabel `users_role`
--
ALTER TABLE `users_role`
  ADD PRIMARY KEY (`id_role`);

--
-- AUTO_INCREMENT untuk tabel yang dibuang
--

--
-- AUTO_INCREMENT untuk tabel `atribut`
--
ALTER TABLE `atribut`
  MODIFY `id_atribut` int(11) NOT NULL AUTO_INCREMENT, AUTO_INCREMENT=7;

--
-- AUTO_INCREMENT untuk tabel `atribut_latih`
--
ALTER TABLE `atribut_latih`
  MODIFY `id_atribut_latih` int(11) NOT NULL AUTO_INCREMENT, AUTO_INCREMENT=8220;

--
-- AUTO_INCREMENT untuk tabel `atribut_sub`
--
ALTER TABLE `atribut_sub`
  MODIFY `id_atribut_sub` int(11) NOT NULL AUTO_INCREMENT, AUTO_INCREMENT=14;

--
-- AUTO_INCREMENT untuk tabel `atribut_testing`
--
ALTER TABLE `atribut_testing`
  MODIFY `id_atribut_testing` int(11) NOT NULL AUTO_INCREMENT, AUTO_INCREMENT=1155;

--
-- AUTO_INCREMENT untuk tabel `data_latih`
--
ALTER TABLE `data_latih`
  MODIFY `id_latih` int(11) NOT NULL AUTO_INCREMENT, AUTO_INCREMENT=753;

--
-- AUTO_INCREMENT untuk tabel `data_testing`
--
ALTER TABLE `data_testing`
  MODIFY `id_testing` int(11) NOT NULL AUTO_INCREMENT, AUTO_INCREMENT=378;

--
-- AUTO_INCREMENT untuk tabel `ipk_latih`
--
ALTER TABLE `ipk_latih`
  MODIFY `id_ipk_latih` int(11) NOT NULL AUTO_INCREMENT, AUTO_INCREMENT=10145;

--
-- AUTO_INCREMENT untuk tabel `ipk_testing`
--
ALTER TABLE `ipk_testing`
  MODIFY `id_ipk_testing` int(11) NOT NULL AUTO_INCREMENT, AUTO_INCREMENT=1513;

--
-- AUTO_INCREMENT untuk tabel `overview`
--
ALTER TABLE `overview`
  MODIFY `id` int(11) NOT NULL AUTO_INCREMENT, AUTO_INCREMENT=2;

--
-- AUTO_INCREMENT untuk tabel `spa_latih`
--
ALTER TABLE `spa_latih`
  MODIFY `id_spa_latih` int(11) NOT NULL AUTO_INCREMENT, AUTO_INCREMENT=15048;

--
-- AUTO_INCREMENT untuk tabel `spa_testing`
--
ALTER TABLE `spa_testing`
  MODIFY `id_spa_testing` int(11) NOT NULL AUTO_INCREMENT, AUTO_INCREMENT=2269;

--
-- AUTO_INCREMENT untuk tabel `status_ipk`
--
ALTER TABLE `status_ipk`
  MODIFY `id_status_ipk` int(11) NOT NULL AUTO_INCREMENT, AUTO_INCREMENT=5;

--
-- AUTO_INCREMENT untuk tabel `status_spa`
--
ALTER TABLE `status_spa`
  MODIFY `id_status_spa` int(11) NOT NULL AUTO_INCREMENT, AUTO_INCREMENT=7;

--
-- AUTO_INCREMENT untuk tabel `users`
--
ALTER TABLE `users`
  MODIFY `id_user` int(11) NOT NULL AUTO_INCREMENT, AUTO_INCREMENT=4;

--
-- AUTO_INCREMENT untuk tabel `users_role`
--
ALTER TABLE `users_role`
  MODIFY `id_role` int(11) NOT NULL AUTO_INCREMENT, AUTO_INCREMENT=3;

--
-- Ketidakleluasaan untuk tabel pelimpahan (Dumped Tables)
--

--
-- Ketidakleluasaan untuk tabel `atribut_latih`
--
ALTER TABLE `atribut_latih`
  ADD CONSTRAINT `atribut_latih_ibfk_1` FOREIGN KEY (`id_latih`) REFERENCES `data_latih` (`id_latih`) ON DELETE CASCADE ON UPDATE CASCADE,
  ADD CONSTRAINT `atribut_latih_ibfk_2` FOREIGN KEY (`id_atribut_sub`) REFERENCES `atribut_sub` (`id_atribut_sub`) ON DELETE CASCADE ON UPDATE CASCADE,
  ADD CONSTRAINT `atribut_latih_ibfk_3` FOREIGN KEY (`id_atribut`) REFERENCES `atribut` (`id_atribut`) ON DELETE CASCADE ON UPDATE CASCADE;

--
-- Ketidakleluasaan untuk tabel `atribut_sub`
--
ALTER TABLE `atribut_sub`
  ADD CONSTRAINT `atribut_sub_ibfk_1` FOREIGN KEY (`id_atribut`) REFERENCES `atribut` (`id_atribut`) ON DELETE CASCADE ON UPDATE CASCADE;

--
-- Ketidakleluasaan untuk tabel `atribut_testing`
--
ALTER TABLE `atribut_testing`
  ADD CONSTRAINT `atribut_testing_ibfk_1` FOREIGN KEY (`id_testing`) REFERENCES `data_testing` (`id_testing`) ON DELETE CASCADE ON UPDATE CASCADE,
  ADD CONSTRAINT `atribut_testing_ibfk_2` FOREIGN KEY (`id_atribut_sub`) REFERENCES `atribut_sub` (`id_atribut_sub`) ON DELETE CASCADE ON UPDATE CASCADE;

--
-- Ketidakleluasaan untuk tabel `ipk_latih`
--
ALTER TABLE `ipk_latih`
  ADD CONSTRAINT `ipk_latih_ibfk_1` FOREIGN KEY (`id_latih`) REFERENCES `data_latih` (`id_latih`) ON DELETE CASCADE ON UPDATE CASCADE,
  ADD CONSTRAINT `ipk_latih_ibfk_2` FOREIGN KEY (`id_status_ipk`) REFERENCES `status_ipk` (`id_status_ipk`) ON DELETE NO ACTION ON UPDATE NO ACTION;

--
-- Ketidakleluasaan untuk tabel `ipk_testing`
--
ALTER TABLE `ipk_testing`
  ADD CONSTRAINT `ipk_testing_ibfk_1` FOREIGN KEY (`id_testing`) REFERENCES `data_testing` (`id_testing`) ON DELETE CASCADE ON UPDATE CASCADE,
  ADD CONSTRAINT `ipk_testing_ibfk_2` FOREIGN KEY (`id_status_ipk`) REFERENCES `status_ipk` (`id_status_ipk`) ON DELETE NO ACTION ON UPDATE NO ACTION;

--
-- Ketidakleluasaan untuk tabel `spa_latih`
--
ALTER TABLE `spa_latih`
  ADD CONSTRAINT `spa_latih_ibfk_1` FOREIGN KEY (`id_latih`) REFERENCES `data_latih` (`id_latih`) ON DELETE CASCADE ON UPDATE CASCADE,
  ADD CONSTRAINT `spa_latih_ibfk_2` FOREIGN KEY (`id_status_spa`) REFERENCES `status_spa` (`id_status_spa`) ON DELETE NO ACTION ON UPDATE NO ACTION;

--
-- Ketidakleluasaan untuk tabel `spa_testing`
--
ALTER TABLE `spa_testing`
  ADD CONSTRAINT `spa_testing_ibfk_1` FOREIGN KEY (`id_testing`) REFERENCES `data_testing` (`id_testing`) ON DELETE CASCADE ON UPDATE CASCADE,
  ADD CONSTRAINT `spa_testing_ibfk_2` FOREIGN KEY (`id_status_spa`) REFERENCES `status_spa` (`id_status_spa`) ON DELETE NO ACTION ON UPDATE NO ACTION;

--
-- Ketidakleluasaan untuk tabel `users`
--
ALTER TABLE `users`
  ADD CONSTRAINT `users_ibfk_1` FOREIGN KEY (`id_role`) REFERENCES `users_role` (`id_role`) ON DELETE NO ACTION ON UPDATE NO ACTION;
COMMIT;

/*!40101 SET CHARACTER_SET_CLIENT=@OLD_CHARACTER_SET_CLIENT */;
/*!40101 SET CHARACTER_SET_RESULTS=@OLD_CHARACTER_SET_RESULTS */;
/*!40101 SET COLLATION_CONNECTION=@OLD_COLLATION_CONNECTION */;
